date,open,high,low,close,volume,amount
2015-01-05,8.03,8.03,8.03,8.03,0.0,0.0
2015-01-06,8.03,8.03,8.03,8.03,0.0,0.0
2015-01-07,8.03,8.03,8.03,8.03,0.0,0.0
2015-01-08,8.03,8.03,8.03,8.03,0.0,0.0
2015-01-09,8.03,8.03,8.03,8.03,0.0,0.0
2015-01-12,8.03,8.03,8.03,8.03,0.0,0.0
2015-01-13,8.03,8.03,8.03,8.03,0.0,0.0
2015-01-14,8.03,8.03,8.03,8.03,0.0,0.0
2015-01-15,8.03,8.03,8.03,8.03,0.0,0.0
2015-01-16,8.03,8.03,8.03,8.03,0.0,0.0
2015-01-19,8.03,8.03,8.03,8.03,0.0,0.0
2015-01-20,8.03,8.03,8.03,8.03,0.0,0.0
2015-01-21,8.03,8.03,8.03,8.03,0.0,0.0
2015-01-22,8.03,8.03,8.03,8.03,0.0,0.0
2015-01-23,8.03,8.03,8.03,8.03,0.0,0.0
2015-01-26,8.03,8.03,8.03,8.03,0.0,0.0
2015-01-27,8.03,8.03,8.03,8.03,0.0,0.0
2015-01-28,8.03,8.03,8.03,8.03,0.0,0.0
2015-01-29,8.03,8.03,8.03,8.03,0.0,0.0
2015-01-30,8.03,8.03,8.03,8.03,0.0,0.0
2015-02-02,8.03,8.03,8.03,8.03,0.0,0.0
2015-02-03,8.03,8.03,8.03,8.03,0.0,0.0
2015-02-04,8.03,8.03,8.03,8.03,0.0,0.0
2015-02-05,8.03,8.03,8.03,8.03,0.0,0.0
2015-02-06,8.03,8.03,8.03,8.03,0.0,0.0
2015-02-09,8.03,8.03,8.03,8.03,0.0,0.0
2015-02-10,8.03,8.03,8.03,8.03,0.0,0.0
2015-02-11,8.03,8.03,8.03,8.03,0.0,0.0
2015-02-12,8.03,8.03,8.03,8.03,0.0,0.0
2015-02-13,8.03,8.03,8.03,8.03,0.0,0.0
2015-02-16,8.03,8.03,8.03,8.03,0.0,0.0
2015-02-17,8.03,8.03,8.03,8.03,0.0,0.0
2015-02-25,8.03,8.03,8.03,8.03,0.0,0.0
2015-02-26,8.03,8.03,8.03,8.03,0.0,0.0
2015-02-27,8.03,8.03,8.03,8.03,0.0,0.0
2015-03-02,8.03,8.03,8.03,8.03,0.0,0.0
2015-03-03,8.03,8.03,8.03,8.03,0.0,0.0
2015-03-04,8.03,8.03,8.03,8.03,0.0,0.0
2015-03-05,8.03,8.03,8.03,8.03,0.0,0.0
2015-03-06,8.03,8.03,8.03,8.03,0.0,0.0
2015-03-09,8.03,8.03,8.03,8.03,0.0,0.0
2015-03-10,8.03,8.03,8.03,8.03,0.0,0.0
2015-03-11,8.03,8.03,8.03,8.03,0.0,0.0
2015-03-12,8.03,8.03,8.03,8.03,0.0,0.0
2015-03-13,8.03,8.03,8.03,8.03,0.0,0.0
2015-03-16,8.03,8.03,8.03,8.03,0.0,0.0
2015-03-17,8.03,8.03,8.03,8.03,0.0,0.0
2015-03-18,8.03,8.03,8.03,8.03,0.0,0.0
2015-03-19,8.03,8.03,8.03,8.03,0.0,0.0
2015-03-20,8.83,8.83,8.83,8.83,36783.0,324793.875
2015-03-23,9.71,9.71,9.71,9.71,23522.0,228398.625
2015-03-24,10.68,10.68,10.68,10.68,99995.0,1067946.625
2015-03-25,11.75,11.75,11.75,11.75,722643.0,8491055.0
2015-03-26,12.93,12.93,12.93,12.93,354403.0,4582431.0
2015-03-27,14.22,14.22,13.5,14.22,18062528.0,252170336.0
2015-03-30,14.5,14.83,13.74,13.74,16934610.0,238607216.0
2015-03-31,13.89,14.23,13.31,13.83,12203622.0,167421056.0
2015-04-01,13.61,14.21,13.6,13.91,9917576.0,137896048.0
2015-04-02,13.91,15.2,13.81,14.63,16457454.0,238785296.0
2015-04-03,14.3,15.14,14.26,14.82,12117627.0,177595952.0
2015-04-07,14.78,15.77,14.66,15.07,9691327.0,147298704.0
2015-04-08,15.08,15.15,14.15,14.47,8825621.0,129404944.0
2015-04-09,14.49,14.49,13.33,14.11,7193293.0,100206688.0
2015-04-10,14.0,14.74,13.81,14.58,6391454.0,92288504.0
2015-04-13,14.7,14.88,14.3,14.74,7601852.0,111351696.0
2015-04-14,14.65,15.44,14.62,15.28,9703058.0,145867552.0
2015-04-15,15.06,15.22,14.57,14.58,5479600.0,81500648.0
2015-04-16,14.3,14.92,14.2,14.77,4079791.0,59683324.0
2015-04-17,14.8,15.22,14.73,14.75,5418579.0,80895504.0
2015-04-20,14.41,14.6,13.94,13.95,5829972.0,83215800.0
2015-04-21,13.9,14.48,13.88,14.43,4711613.0,67045168.0
2015-04-22,14.46,14.89,14.41,14.8,4990266.0,73384952.0
2015-04-23,14.85,15.69,14.71,15.32,10624475.0,161956576.0
2015-04-24,15.02,16.85,14.9,16.62,14708408.0,237437712.0
2015-04-27,16.44,16.75,15.99,16.08,9897967.0,160587232.0
2015-04-28,15.9,16.07,14.55,14.68,7691592.0,116567272.0
2015-04-29,14.69,15.4,14.62,15.02,4552815.0,68380688.0
2015-04-30,15.07,15.35,14.93,15.1,4298383.0,64879544.0
2015-05-04,15.05,15.69,14.91,15.48,4580018.0,70413248.0
2015-05-05,15.5,15.69,14.6,14.95,4975079.0,75394792.0
2015-05-06,15.01,15.19,14.55,14.65,3457352.0,51551840.0
2015-05-07,14.58,14.58,13.55,13.98,3437081.0,47984816.0
2015-05-08,14.05,15.36,14.05,15.34,5306854.0,77304064.0
2015-05-11,15.83,16.35,15.36,15.85,7077452.0,112718336.0
2015-05-12,16.3,16.99,16.1,16.8,8391223.0,139384256.0
2015-05-13,16.81,17.5,16.0,16.8,7834008.0,133388720.0
2015-05-14,16.79,17.48,16.3,16.97,6490499.0,109081800.0
2015-05-15,17.08,18.67,16.33,18.67,10197722.0,179082208.0
2015-05-18,18.58,20.38,18.12,19.5,8280548.0,161551520.0
2015-05-19,19.49,19.99,19.01,19.7,5453386.0,106623800.0
2015-05-20,19.7,20.69,19.31,20.3,6320479.0,126597344.0
2015-05-21,20.45,20.45,19.7,20.13,5025948.0,100533832.0
2015-05-22,20.59,20.59,19.51,19.67,7127626.0,142054960.0
2015-05-25,19.26,20.35,18.78,20.16,7170699.0,140070080.0
2015-05-26,20.16,22.18,19.76,22.18,7762073.0,161532592.0
2015-05-27,22.62,24.4,22.39,23.7,9998961.0,236957232.0
2015-05-28,24.2,24.29,21.33,21.33,10153200.0,231837456.0
2015-05-29,20.6,21.88,19.2,20.71,7570083.0,154579136.0
2015-06-01,20.72,22.78,20.72,22.78,6598769.0,142173648.0
2015-06-04,25.05,25.06,21.0,23.85,9260345.0,216466992.0
2015-06-05,23.59,24.1,23.17,23.6,6985694.0,164839408.0
2015-06-08,23.6,23.6,21.9,21.95,5697484.0,128615320.0
2015-06-09,22.46,22.46,21.0,21.5,4722410.0,102245544.0
2015-06-10,21.39,22.4,20.99,22.11,5012427.0,109754288.0
2015-06-11,21.92,22.97,21.8,22.57,5162418.0,115112232.0
2015-06-12,22.97,23.21,22.31,22.82,7615526.0,174339696.0
2015-06-15,22.8,23.55,22.6,23.08,7034160.0,163326880.0
2015-06-16,23.59,23.59,21.84,21.99,6410109.0,146220496.0
2015-06-17,22.11,22.35,20.14,22.05,4608983.0,98115944.0
2015-06-18,21.93,21.99,20.53,21.05,4735673.0,101281472.0
2015-06-19,21.18,21.97,20.03,20.98,7918782.0,168273680.0
2015-06-23,20.77,20.79,18.88,20.18,4818364.0,94974096.0
2015-06-24,20.2,22.2,20.2,22.2,7975766.0,175088576.0
2015-06-25,23.31,24.42,22.88,24.42,14993932.0,361202720.0
2015-06-26,24.48,26.86,23.24,26.86,23228756.0,592338624.0
2015-06-29,27.95,29.55,25.25,29.55,22217410.0,633972608.0
2015-06-30,29.5,32.14,26.6,28.03,22828260.0,638668480.0
2015-07-01,27.03,27.99,25.23,25.23,16035900.0,421419072.0
2015-07-02,23.1,24.7,22.71,22.71,2942300.0,67470712.0
2015-07-03,20.44,20.44,20.44,20.44,2093000.0,42780920.0
2015-07-06,21.2,22.0,18.4,18.4,12688482.0,247436960.0
2015-07-20,18.95,20.24,18.4,20.24,16225227.0,320472512.0
2015-07-21,20.45,22.26,20.38,22.26,11464422.0,246153456.0
2015-07-22,22.64,23.3,20.8,21.29,13590819.0,295600352.0
2015-07-23,21.27,21.78,20.58,21.34,9627430.0,204260016.0
2015-07-24,21.56,22.4,20.7,21.0,10166346.0,221682336.0
2015-07-27,19.16,20.62,18.9,18.9,8226186.0,161504400.0
2015-07-28,17.01,18.79,17.01,17.01,8869605.0,152666976.0
2015-07-29,17.35,17.95,15.51,17.69,8387772.0,139767104.0
2015-07-30,17.69,17.69,16.51,16.68,5955394.0,102278872.0
2015-07-31,16.5,16.5,15.01,15.33,4645517.0,73596512.0
2015-08-03,15.35,16.86,15.23,16.86,8756096.0,146137472.0
2015-08-04,17.25,18.45,17.1,18.06,10058359.0,177548336.0
2015-08-05,17.55,17.9,16.68,16.86,8401292.0,145176576.0
2015-08-06,16.3,17.46,16.06,16.94,5975392.0,99518144.0
2015-08-07,17.01,18.1,17.01,17.46,6662748.0,116515752.0
2015-08-10,17.37,19.0,17.37,18.35,7002541.0,126664504.0
2015-08-11,18.3,18.98,18.0,18.47,6720040.0,125120888.0
2015-08-12,18.25,19.85,17.9,19.28,8417462.0,160419232.0
2015-08-13,19.01,21.21,18.9,21.21,12977206.0,264387936.0
2015-08-14,21.6,22.68,20.45,21.5,13969262.0,297423552.0
2015-08-17,21.1,22.47,20.22,21.49,10570771.0,224215696.0
2015-08-18,21.21,21.48,19.34,19.34,7111043.0,144534976.0
2015-08-19,18.0,19.95,17.41,19.18,7175338.0,130845000.0
2015-08-20,18.8,18.8,17.63,17.64,5045174.0,92657080.0
2015-08-21,17.15,17.54,16.82,17.0,4663265.0,79764728.0
2015-08-24,16.65,16.65,15.3,15.3,3033800.0,47025156.0
2015-08-25,13.77,14.14,13.77,13.77,4331592.0,60137232.0
2015-08-26,13.78,15.15,12.4,14.3,8980979.0,127351368.0
2015-08-27,14.59,15.65,14.3,15.2,6334966.0,94781352.0
2015-08-28,15.29,16.49,14.8,16.2,6463602.0,101692832.0
2015-08-31,15.8,17.0,15.03,15.88,7931044.0,127568696.0
2015-09-01,15.5,16.49,14.29,14.29,5787939.0,89129976.0
2015-09-02,12.86,14.35,12.86,12.86,4689366.0,62347408.0
2015-09-07,12.88,13.64,12.75,12.91,3348272.0,44329676.0
2015-09-08,12.53,13.7,12.53,13.5,2637209.0,34509500.0
2015-09-09,13.69,14.5,13.66,14.5,4373612.0,61572100.0
2015-09-10,14.0,14.39,13.65,13.98,2618102.0,36844036.0
2015-09-11,13.98,14.27,13.8,14.0,2023450.0,28420408.0
2015-09-14,14.1,14.22,12.6,12.6,3029711.0,40354744.0
2015-09-15,12.0,12.58,11.34,11.34,2585849.0,30329674.0
2015-09-16,11.41,12.47,11.4,12.47,2624269.0,31218904.0
2015-09-17,12.61,13.72,12.13,12.8,5023078.0,65980380.0
2015-09-18,13.01,13.78,13.01,13.5,4930018.0,66011272.0
2015-09-21,13.0,14.01,12.5,13.99,4575519.0,61493920.0
2015-09-22,13.98,14.78,13.78,14.0,5861345.0,84246816.0
2015-09-23,13.5,13.78,13.25,13.3,4290018.0,57637820.0
2015-09-24,13.18,13.6,13.18,13.51,2287927.0,30789568.0
2015-09-25,13.42,13.6,12.56,12.71,2852919.0,37178388.0
2015-09-28,12.81,13.27,12.51,13.26,1720516.0,22193978.0
2015-09-29,13.0,13.6,12.7,13.0,2057945.0,27033500.0
2015-09-30,13.05,13.23,12.89,13.06,1395640.0,18258390.0
2015-10-08,13.59,13.86,13.35,13.58,2790878.0,37948200.0
2015-10-09,13.8,14.24,13.45,13.92,3272479.0,45224692.0
2015-10-12,14.37,15.28,14.37,14.93,5416826.0,80450096.0
2015-10-13,14.53,16.18,14.53,15.81,6382531.0,99581528.0
2015-10-14,15.7,16.4,15.23,16.3,6707276.0,105716960.0
2015-10-15,16.04,17.68,15.81,16.84,7952229.0,134150760.0
2015-10-16,16.75,17.29,16.28,17.03,7503804.0,126078232.0
2015-10-19,17.0,17.49,16.67,16.84,6156832.0,104990296.0
2015-10-20,16.68,17.44,16.47,17.06,4647614.0,79468080.0
2015-10-21,17.09,18.77,17.05,18.77,13776405.0,257588624.0
2015-10-22,19.98,20.65,19.66,20.65,5556419.0,113071408.0
2015-10-23,22.72,22.72,22.72,22.72,485918.0,11040057.0
2015-10-26,24.99,24.99,23.99,24.74,18204600.0,454314304.0
2015-10-27,23.0,26.26,22.27,23.48,25808406.0,607057600.0
2015-10-28,23.1,25.83,23.1,25.83,19057876.0,466518720.0
2015-10-29,26.15,28.41,26.0,28.41,5521903.0,151875632.0
2015-10-30,31.25,31.25,30.7,31.25,22172272.0,692687616.0
2015-11-09,28.88,31.9,28.21,29.62,21274102.0,633416704.0
2015-11-10,29.7,31.75,28.88,30.03,17663106.0,536132512.0
2015-11-11,28.77,29.95,27.8,29.39,15928135.0,458023104.0
2015-11-12,28.79,31.39,28.5,29.0,16953348.0,508318016.0
2015-11-13,28.56,28.88,26.1,26.11,16576726.0,448028064.0
2015-11-16,25.07,26.6,25.07,26.54,9235284.0,238773088.0
2015-11-17,26.6,27.38,25.55,25.8,10802166.0,286615232.0
2015-11-18,25.8,27.0,24.83,26.28,12041822.0,312849280.0
2015-11-19,26.3,26.38,25.05,26.18,10360453.0,265545184.0
2015-11-20,25.9,26.95,25.9,26.42,10139254.0,267285936.0
2015-11-23,26.8,26.8,23.85,24.17,11708896.0,298476192.0
2015-11-24,24.0,25.46,23.52,25.05,8685158.0,214007808.0
2015-11-25,24.85,26.58,24.41,25.96,11045585.0,284876128.0
2015-11-26,25.68,26.65,25.18,25.21,9523613.0,246876608.0
2015-11-27,24.8,27.73,24.51,27.73,26493224.0,724748800.0
2015-11-30,27.39,30.5,26.88,30.5,26626268.0,779417792.0
2015-12-01,32.0,33.55,31.56,33.55,11465575.0,379886944.0
2015-12-02,33.0,33.21,30.2,30.2,17742208.0,542699072.0
2015-12-03,28.71,31.97,28.11,30.64,21080160.0,628035968.0
2015-12-04,30.05,30.53,28.31,29.23,16164137.0,476914080.0
2015-12-07,28.81,30.38,27.9,29.48,14089403.0,409478560.0
2015-12-08,29.01,31.0,28.72,28.96,16550261.0,493825824.0
2015-12-09,28.02,28.5,26.92,27.38,14855767.0,410251712.0
2015-12-10,27.49,28.2,26.91,27.37,8873160.0,243145536.0
2015-12-11,27.59,29.94,27.5,27.85,14135279.0,403812992.0
2015-12-14,26.53,26.97,25.17,26.9,10346069.0,270291360.0
2015-12-15,26.5,27.9,26.38,27.4,9053114.0,246730032.0
2015-12-16,27.2,27.84,26.8,27.07,8629160.0,234905328.0
2015-12-17,27.19,29.78,27.19,29.78,9344556.0,274125824.0
2015-12-18,31.3,32.3,28.81,28.99,21515550.0,655287232.0
2015-12-21,28.18,29.52,28.0,29.19,10983514.0,313974272.0
2015-12-22,28.88,32.11,28.88,32.11,11862429.0,367189408.0
2015-12-23,34.09,35.32,32.9,34.41,30300604.0,1047158976.0
2015-12-24,33.5,37.37,33.1,33.35,31068228.0,1091265280.0
2015-12-25,32.6,33.6,31.48,31.95,20488012.0,660828160.0
2015-12-28,31.78,33.45,31.6,31.78,15633004.0,507401536.0
2015-12-29,31.31,33.17,31.31,32.05,12340819.0,398589952.0
2015-12-30,32.11,32.25,30.51,31.08,11161978.0,345984512.0
2015-12-31,30.75,31.26,29.8,29.92,7612620.0,231145360.0
2016-01-04,30.31,31.09,27.0,27.04,7381930.0,217325072.0
2016-01-05,25.21,29.74,25.21,29.74,11839373.0,320262912.0
2016-01-06,29.69,31.5,29.0,30.61,11985412.0,365856288.0
2016-01-07,29.42,29.96,27.55,27.55,2354721.0,67532256.0
2016-01-08,28.21,30.31,25.7,29.75,13347450.0,383282848.0
2016-01-11,28.49,29.49,26.78,26.78,9063370.0,255006560.0
2016-01-12,26.81,27.73,25.2,26.8,7558728.0,201152976.0
2016-01-13,26.8,27.01,24.12,24.12,7389842.0,189320384.0
2016-01-14,23.0,25.25,21.88,24.47,8708597.0,205383280.0
2016-01-15,24.0,24.0,22.02,22.02,7668664.0,175755808.0
2016-01-25,22.65,24.22,22.65,24.22,1870850.0,44667604.0
2016-01-26,25.6,26.0,23.0,23.6,12592536.0,316429440.0
2016-01-27,24.0,24.3,21.24,22.22,9128873.0,201773584.0
2016-01-28,21.51,22.8,20.0,20.0,7589632.0,162857696.0
2016-02-19,22.0,22.0,22.0,22.0,171001.0,3762022.0
2016-02-22,24.2,24.2,24.2,24.2,224787.0,5439845.5
2016-02-23,26.62,26.62,26.2,26.62,7518693.0,200019840.0
2016-02-24,28.0,29.28,27.5,29.28,17180492.0,488661824.0
2016-02-25,28.5,28.5,26.35,26.35,12439029.0,338015072.0
2016-02-26,25.46,26.35,23.72,23.72,14032765.0,346637120.0
2016-02-29,23.34,23.6,21.35,21.97,10589135.0,232015616.0
2016-03-01,22.0,24.17,21.52,24.17,11478552.0,264436928.0
2016-03-02,23.75,25.99,23.23,24.68,14605690.0,359796608.0
2016-03-03,24.21,26.1,24.0,24.25,12267613.0,305516224.0
2016-03-04,24.45,25.2,22.25,22.7,9806157.0,231879760.0
2016-03-07,22.9,23.6,22.7,23.28,6314273.0,146772016.0
2016-03-08,23.2,23.29,21.56,23.0,6904194.0,154978864.0
2016-03-09,22.37,25.3,22.0,25.3,8550576.0,211183472.0
2016-03-10,26.4,26.56,23.72,23.72,14646209.0,366622304.0
2016-03-11,22.31,23.19,22.3,22.77,8006393.0,181992016.0
2016-03-14,23.48,24.54,23.3,23.96,8306454.0,199650928.0
2016-03-15,23.38,23.94,23.0,23.41,6620567.0,154962256.0
2016-03-16,23.81,23.96,22.6,22.88,4984007.0,115375464.0
2016-03-17,22.99,23.9,22.7,23.6,7732943.0,180827456.0
2016-03-18,23.77,24.9,23.77,24.62,10478164.0,256571520.0
2016-03-21,24.67,26.17,24.34,25.75,12092976.0,306653120.0
2016-03-22,24.9,25.68,24.8,24.86,9456648.0,237610160.0
2016-03-23,24.5,25.5,24.36,25.5,9025563.0,224104912.0
2016-03-24,25.31,25.32,24.35,24.4,7400629.0,183405792.0
2016-03-25,24.5,24.87,23.88,24.19,5042714.0,122289680.0
2016-03-28,24.19,24.67,23.55,23.59,5778040.0,139266544.0
2016-03-29,23.68,23.98,22.7,23.13,4860760.0,112704136.0
2016-03-30,23.18,24.5,23.13,24.34,6278599.0,148908608.0
2016-03-31,24.57,24.57,23.86,23.9,5405080.0,130064080.0
2016-04-01,23.92,23.92,22.94,23.35,4337529.0,101006232.0
2016-04-05,23.32,24.14,23.32,23.99,5286209.0,126375960.0
2016-04-06,23.9,25.21,23.6,25.01,9329971.0,228819504.0
2016-04-07,24.69,24.86,24.0,24.0,6511872.0,158487088.0
2016-04-08,23.6,23.61,23.0,23.33,5164742.0,119939184.0
2016-04-11,23.61,24.24,23.51,23.56,3693668.0,87899448.0
2016-04-12,23.58,23.81,23.1,23.74,3966790.0,92921288.0
2016-04-13,23.89,24.2,23.69,23.77,5176215.0,124091424.0
2016-04-14,23.94,24.0,23.6,23.8,3542009.0,84202640.0
2016-04-15,23.94,24.91,23.72,24.26,7645103.0,186380000.0
2016-04-18,23.93,23.93,23.4,23.6,3861204.0,91184032.0
2016-04-19,23.8,24.7,23.62,24.28,7351492.0,179319376.0
2016-04-20,24.4,26.71,22.7,25.99,16837280.0,419224864.0
2016-04-21,25.5,27.39,24.63,25.67,16929140.0,442716256.0
2016-04-22,24.83,25.21,23.58,23.93,9691424.0,235403376.0
2016-04-25,23.7,23.94,22.8,23.65,7013705.0,162072016.0
2016-04-26,23.13,23.77,23.13,23.6,3978917.0,93569536.0
2016-04-27,23.65,23.78,23.3,23.3,3951204.0,92682808.0
2016-04-28,23.33,24.18,23.0,23.56,5824642.0,137618944.0
2016-04-29,23.51,23.72,23.3,23.3,3373387.0,79130656.0
2016-05-03,22.6,23.95,22.0,23.58,5567937.0,129699696.0
2016-05-04,23.57,23.87,23.14,23.32,5071211.0,118966896.0
2016-05-05,23.3,23.47,23.01,23.13,4080546.0,94449472.0
2016-05-06,23.36,23.54,22.5,22.5,4890660.0,112542888.0
2016-05-09,22.5,22.51,20.8,20.88,4197024.0,89709616.0
2016-05-10,20.95,21.29,20.76,21.0,2310638.0,48523088.0
2016-05-11,21.06,21.52,20.51,20.9,3027680.0,63830196.0
2016-05-12,20.6,20.75,19.9,20.18,2904753.0,58587308.0
2016-05-13,20.29,20.39,19.9,20.0,2033248.0,40925840.0
2016-05-16,19.58,20.09,19.49,20.05,2597790.0,51473164.0
2016-05-17,20.05,21.24,19.86,20.6,4523611.0,93567896.0
2016-05-18,20.34,20.34,19.5,19.79,3477601.0,68969384.0
2016-05-19,19.74,20.19,19.6,19.69,2298527.0,45719620.0
2016-05-20,19.65,21.66,19.42,20.37,4008912.0,81675912.0
2016-05-23,20.33,20.56,20.16,20.38,2972647.0,60353476.0
2016-05-24,20.36,20.36,19.85,19.95,2017897.0,40369676.0
2016-05-25,20.12,20.22,19.71,19.83,1544367.0,30831068.0
2016-05-26,19.74,19.99,19.25,19.6,2256158.0,43987832.0
2016-05-27,19.74,20.44,19.54,19.92,3714802.0,74323928.0
2016-05-30,19.68,19.77,19.4,19.49,2230268.0,43575096.0
2016-05-31,19.67,20.2,19.45,20.16,4053932.0,80838664.0
2016-06-01,20.15,20.36,20.0,20.21,4271912.0,86328056.0
2016-06-02,20.28,20.95,20.22,20.5,4662549.0,95746440.0
2016-06-03,20.31,20.55,20.18,20.46,3763162.0,76635040.0
2016-06-06,20.4,20.69,20.11,20.49,3343056.0,68162336.0
2016-06-07,20.44,20.44,20.15,20.25,2393781.0,48467232.0
2016-06-08,20.23,20.61,20.06,20.33,3241153.0,65907360.0
2016-06-13,20.06,20.06,19.28,19.28,2995054.0,59100984.0
2016-06-14,19.28,19.5,18.76,19.0,2164292.0,41317768.0
2016-06-15,18.89,19.63,18.61,19.46,2655327.0,51296392.0
2016-06-16,19.4,19.45,18.97,19.19,2612291.0,50049064.0
2016-06-17,19.19,19.97,19.08,19.53,4044761.0,79183184.0
2016-06-20,19.36,19.46,19.03,19.17,2240393.0,42928440.0
2016-06-21,19.35,19.52,19.07,19.22,2646269.0,51113508.0
2016-06-22,19.12,20.5,19.12,20.02,5638803.0,113398936.0
2016-06-23,19.86,21.78,19.72,20.55,8249587.0,171412160.0
2016-06-24,20.21,21.45,19.61,20.74,7686597.0,157555376.0
2016-06-27,20.26,21.21,20.1,20.84,5682392.0,117320136.0
2016-06-28,20.52,22.92,20.43,22.92,14589012.0,325979296.0
2016-06-29,22.45,23.11,22.06,22.15,10464152.0,234540128.0
2016-06-30,21.78,22.12,21.4,21.72,7039187.0,153155824.0
2016-07-01,21.74,21.96,21.27,21.34,4635483.0,99973608.0
2016-07-04,21.03,21.69,20.81,21.5,4122680.0,88186464.0
2016-07-05,21.56,22.0,21.33,21.79,5127135.0,111023040.0
2016-07-06,21.81,22.45,21.35,21.44,4988113.0,108639088.0
2016-07-07,21.44,21.44,20.71,21.08,4588878.0,96411224.0
2016-07-08,20.93,21.24,20.88,21.09,2523255.0,53175148.0
2016-07-11,20.52,20.99,20.52,20.61,4211696.0,87173200.0
2016-07-12,20.42,20.42,19.0,20.01,6647298.0,131332072.0
2016-07-13,20.05,20.24,19.7,20.1,3689145.0,73766640.0
2016-07-14,20.24,20.26,19.91,20.0,2560847.0,51354252.0
2016-07-15,20.0,20.28,20.0,20.1,2217637.0,44598672.0
2016-07-18,20.1,20.1,19.58,19.71,2424560.0,47882252.0
2016-07-19,19.69,20.46,19.68,20.41,4496007.0,91067768.0
2016-07-20,20.3,20.49,20.09,20.19,2510261.0,50823184.0
2016-07-21,20.19,20.46,20.13,20.27,2496869.0,50653792.0
2016-07-22,20.09,20.1,19.73,19.75,2919632.0,57974092.0
2016-07-25,19.81,19.85,19.6,19.64,1762926.0,34683156.0
2016-07-26,19.7,19.86,19.66,19.78,1410596.0,27894824.0
2016-07-27,19.84,19.93,18.2,18.98,4073584.0,78332000.0
2016-07-28,18.76,18.84,18.37,18.64,2446658.0,45546208.0
2016-07-29,18.6,18.99,18.6,18.82,1683497.0,31660772.0
2016-08-01,18.8,18.8,18.22,18.3,1631222.0,30025660.0
2016-08-02,18.3,18.5,18.3,18.5,1098383.0,20233148.0
2016-08-03,18.5,19.25,18.41,19.18,3419485.0,65340524.0
2016-08-04,19.03,19.18,18.7,19.1,2393562.0,45330784.0
2016-08-05,19.01,19.39,18.9,19.08,1869510.0,35838320.0
2016-08-08,18.94,19.11,18.76,19.03,1135090.0,21502272.0
2016-08-09,19.0,19.16,18.99,19.1,1538987.0,29346902.0
2016-08-10,19.08,19.15,18.92,19.01,1562390.0,29724042.0
2016-08-11,19.01,19.33,18.89,18.93,1727132.0,32929020.0
2016-08-12,18.75,18.88,18.6,18.87,1535144.0,28733600.0
2016-08-15,18.87,19.44,18.82,19.27,3044362.0,58275908.0
2016-08-16,19.29,20.86,19.11,19.95,6025268.0,120098512.0
2016-08-17,20.0,21.28,19.71,20.76,8809059.0,182703216.0
2016-08-18,20.36,21.35,20.07,20.79,7857291.0,163858608.0
2016-08-19,20.47,20.79,19.9,19.91,5080832.0,102404632.0
2016-08-22,19.9,20.0,19.51,19.51,2485279.0,49179108.0
2016-08-23,19.55,19.72,19.26,19.42,2546819.0,49617152.0
2016-08-24,19.62,21.36,19.53,21.36,7259571.0,152630320.0
2016-08-25,20.5,20.99,20.33,20.75,9493335.0,196126304.0
2016-08-26,20.63,22.25,20.49,20.96,10124883.0,215824656.0
2016-08-29,21.2,21.26,20.24,20.33,6115078.0,126075016.0
2016-08-30,20.47,22.0,20.26,20.89,7714381.0,162435376.0
2016-08-31,20.69,22.5,20.29,22.19,14235608.0,310332096.0
2016-09-01,22.0,22.75,21.55,22.25,12253178.0,271330304.0
2016-09-02,21.93,23.8,21.83,23.35,15272930.0,350662272.0
2016-09-05,23.0,24.4,22.71,23.6,14149759.0,335885344.0
2016-09-06,23.56,23.89,23.03,23.58,9014054.0,211059248.0
2016-09-07,23.42,23.99,22.73,23.13,9099421.0,211491120.0
2016-09-08,23.16,23.28,22.83,23.28,5164661.0,119153272.0
2016-09-09,23.23,23.23,22.58,22.61,5297591.0,121127440.0
2016-09-12,22.07,22.5,21.5,21.78,4753983.0,104454520.0
2016-09-13,21.85,22.5,21.78,21.96,3573596.0,78914320.0
2016-09-14,21.62,22.3,21.55,21.74,3492059.0,76290824.0
2016-09-19,22.12,22.51,21.77,21.95,3164425.0,69906704.0
2016-09-20,21.81,22.19,21.22,22.17,4320748.0,94000632.0
2016-09-21,21.9,22.19,21.7,21.87,2172297.0,47660456.0
2016-09-22,22.06,22.41,21.97,22.11,3053711.0,67812840.0
2016-09-23,22.0,22.38,21.89,22.23,3152725.0,69832088.0
2016-09-26,22.1,22.61,21.88,21.91,3759713.0,83800848.0
2016-09-27,21.55,21.92,21.13,21.33,4102472.0,87673152.0
2016-09-28,21.1,21.44,21.1,21.2,1476457.0,31400136.0
2016-09-29,21.34,21.53,21.16,21.35,1821407.0,38827320.0
2016-09-30,21.3,21.95,21.2,21.8,2090118.0,45175528.0
2016-10-10,22.17,22.77,21.62,21.91,2727093.0,60019672.0
2016-10-11,21.79,22.7,21.62,22.48,5104797.0,114384632.0
2016-10-12,22.01,22.49,22.01,22.34,2558103.0,56932848.0
2016-10-13,22.34,22.45,21.96,22.12,2684648.0,59459348.0
2016-10-14,22.0,22.6,21.91,22.48,2784475.0,62197748.0
2016-10-17,22.48,22.97,22.07,22.19,4410044.0,99552760.0
2016-10-18,22.0,22.34,21.75,22.13,2766191.0,60854796.0
2016-10-19,22.11,22.26,22.02,22.07,1816105.0,40127636.0
2016-10-20,22.07,22.1,21.63,21.75,2410312.0,52582836.0
2016-10-21,21.6,22.39,21.51,22.29,3664640.0,80557408.0
2016-10-24,22.29,22.63,22.03,22.22,3264729.0,73047760.0
2016-10-25,22.1,22.6,22.07,22.4,2899202.0,64940976.0
2016-10-26,22.3,22.4,21.8,22.03,2713113.0,59671252.0
2016-10-27,21.8,24.0,21.55,22.82,5841729.0,131925752.0
2016-10-28,22.6,22.96,22.15,22.35,3055012.0,68701888.0
2016-10-31,21.9,22.57,21.85,22.1,1599555.0,35411044.0
2016-11-01,22.0,22.32,22.0,22.27,1990065.0,44141164.0
2016-11-02,22.16,22.8,22.08,22.51,3459951.0,77794976.0
2016-11-03,22.51,23.04,22.4,22.8,4146952.0,94535736.0
2016-11-04,22.9,24.16,22.8,23.69,8242449.0,194477072.0
2016-11-07,23.4,23.69,22.9,23.03,4104862.0,95324680.0
2016-11-08,22.93,23.48,22.69,22.88,3105600.0,71344008.0
2016-11-09,22.88,23.09,21.9,22.66,3964437.0,89142128.0
2016-11-10,22.75,24.93,22.75,24.93,5308253.0,130276024.0
2016-11-11,27.39,27.42,25.39,26.5,27460884.0,729609920.0
2016-11-14,26.0,26.77,25.18,25.53,12384699.0,320026144.0
2016-11-15,25.12,26.3,25.12,25.31,8812004.0,226188400.0
2016-11-16,25.15,26.0,24.56,25.65,9275183.0,234160928.0
2016-11-17,25.3,25.79,25.11,25.25,5072992.0,128652464.0
2016-11-18,25.25,25.69,25.05,25.49,5014430.0,127401280.0
2016-11-21,25.28,25.76,25.23,25.5,3401940.0,86836760.0
2016-11-22,25.34,26.03,25.34,25.68,4483203.0,115556072.0
2016-11-23,25.55,25.84,25.0,25.05,4135657.0,104320248.0
2016-11-24,25.06,25.15,24.25,24.35,2956301.0,72844504.0
2016-11-25,24.38,24.68,23.83,24.44,1939659.0,46910308.0
2016-11-28,24.51,25.79,24.15,25.53,4331686.0,108883672.0
2016-11-29,25.5,25.83,24.61,24.77,2478398.0,62620688.0
2016-11-30,24.24,27.25,24.24,25.4,11110872.0,288551424.0
2016-12-01,25.5,26.0,24.78,25.8,5014168.0,127559656.0
2016-12-02,25.61,25.8,24.79,24.79,3577525.0,90239424.0
2016-12-05,24.38,25.85,23.8,24.99,7845101.0,198625808.0
2016-12-06,24.69,24.99,24.45,24.49,2381376.0,58651616.0
2016-12-07,24.46,25.29,24.46,24.98,2422096.0,60191896.0
2016-12-08,25.2,25.57,24.92,25.01,2833982.0,71519080.0
2016-12-09,25.03,25.74,24.88,25.04,3063208.0,77617200.0
2016-12-12,24.7,24.97,22.54,22.88,3561220.0,84940360.0
2016-12-13,22.68,25.17,22.43,25.17,10278089.0,254373808.0
2016-12-14,25.7,26.24,24.85,25.2,12308370.0,313385248.0
2016-12-15,24.8,25.41,24.07,24.38,6787401.0,167863616.0
2016-12-16,24.52,25.25,23.86,23.98,5583332.0,137435472.0
2016-12-19,23.38,24.48,23.38,23.84,3784803.0,90488032.0
2016-12-20,23.84,23.97,23.2,23.22,2996907.0,70534648.0
2016-12-21,23.31,23.68,23.22,23.42,1936175.0,45335508.0
2016-12-22,23.49,24.24,23.14,23.78,2874335.0,68012008.0
2016-12-23,23.6,23.74,22.81,22.83,2799545.0,64704940.0
2016-12-26,22.58,22.65,22.0,22.65,2145125.0,47916548.0
2016-12-27,22.65,22.77,22.2,22.45,1512796.0,34103312.0
2016-12-28,22.65,22.92,22.45,22.49,1538135.0,34887836.0
2016-12-29,22.41,22.57,21.75,21.87,1595380.0,35328952.0
2016-12-30,21.88,23.3,21.8,22.39,2124062.0,47914504.0
2017-01-03,22.5,22.88,22.34,22.47,1013701.0,22831122.0
2017-01-04,22.47,22.69,22.25,22.56,1768756.0,39800620.0
2017-01-05,22.6,23.69,22.33,22.93,3019065.0,69500784.0
2017-01-06,22.6,23.35,22.3,22.69,3338180.0,76032600.0
2017-01-09,22.6,22.85,22.41,22.57,1330362.0,30041638.0
2017-01-10,22.56,22.8,22.42,22.56,1332642.0,30219396.0
2017-01-11,22.47,22.6,21.9,21.93,1900813.0,42129164.0
2017-01-12,21.95,22.17,20.81,21.12,1761123.0,37790652.0
2017-01-13,21.12,21.29,20.51,20.63,1577684.0,32975360.0
2017-01-16,20.64,21.2,19.0,19.81,2170989.0,44469692.0
2017-01-17,19.6,20.2,19.48,20.0,1278178.0,25376776.0
2017-01-18,20.5,20.57,18.0,20.43,2398727.0,48372624.0
2017-01-19,20.21,20.22,19.65,19.81,1406757.0,28050146.0
2017-01-20,19.53,20.16,19.53,19.99,743676.0,14847579.0
2017-01-23,20.1,20.35,19.9,20.2,892225.0,18017700.0
2017-01-24,20.3,20.3,19.85,19.89,875500.0,17533550.0
2017-01-25,19.7,20.1,19.7,19.88,478871.0,9534633.0
2017-01-26,20.0,20.35,19.9,20.26,826809.0,16617398.0
2017-02-03,20.26,20.36,20.1,20.17,498211.0,10072557.0
2017-02-06,20.17,20.8,20.17,20.4,1018633.0,20916978.0
2017-02-07,20.33,20.54,20.18,20.33,1062350.0,21632430.0
2017-02-08,20.3,20.45,20.26,20.4,908766.0,18498872.0
2017-02-09,20.4,22.28,20.33,21.81,4863091.0,105059504.0
2017-02-10,21.41,21.64,21.2,21.29,2300297.0,49201296.0
2017-02-13,21.0,21.35,20.85,21.21,1258762.0,26620124.0
2017-02-14,21.2,21.54,21.11,21.37,1487859.0,31831076.0
2017-02-15,21.3,22.21,21.3,21.6,3979527.0,86704928.0
2017-02-16,21.53,21.7,21.21,21.36,1179104.0,25248432.0
2017-02-17,21.21,21.8,21.21,21.41,1821473.0,39249528.0
2017-02-20,21.38,21.51,20.9,21.2,1472111.0,31152496.0
2017-02-21,21.28,21.5,21.18,21.36,1196303.0,25510520.0
2017-02-22,21.15,21.54,21.15,21.37,980806.0,20908956.0
2017-02-23,21.38,21.38,21.0,21.12,1217633.0,25675868.0
2017-02-24,21.03,21.21,20.9,21.02,1197131.0,25122892.0
2017-02-27,21.03,21.19,20.93,21.0,810632.0,17086038.0
2017-02-28,20.99,21.1,20.91,21.08,718972.0,15111808.0
2017-03-01,21.1,21.78,21.1,21.45,2383363.0,51300480.0
2017-03-02,21.35,21.57,20.92,20.95,1283430.0,27311886.0
2017-03-03,20.8,21.39,20.8,21.31,1226647.0,26067564.0
2017-03-06,21.42,21.55,21.1,21.36,738362.0,15749213.0
2017-03-07,21.25,21.56,21.25,21.46,897404.0,19201196.0
2017-03-08,21.5,21.66,21.35,21.39,1190759.0,25631972.0
2017-03-09,21.38,22.0,21.38,21.56,2408600.0,52368292.0
2017-03-10,21.41,21.84,21.41,21.49,1110186.0,23968220.0
2017-03-13,21.49,21.6,21.08,21.28,1476098.0,31359002.0
2017-03-14,21.3,21.4,21.06,21.14,854990.0,18079150.0
2017-03-15,21.14,21.33,20.92,21.29,1139257.0,24116888.0
2017-03-16,21.28,21.85,21.25,21.7,2396515.0,51758108.0
2017-03-17,21.61,22.18,21.59,21.7,2177218.0,47672936.0
2017-03-20,21.7,22.83,21.68,22.2,3795918.0,84564944.0
2017-03-21,22.2,23.0,22.2,23.0,3920571.0,89099960.0
2017-03-22,23.21,23.57,22.43,22.94,2946992.0,67530400.0
2017-03-23,23.02,23.05,22.41,22.85,2197740.0,49885648.0
2017-03-24,22.79,23.41,22.56,22.75,2557095.0,58710352.0
2017-03-27,22.96,22.96,22.21,22.47,1600473.0,35978500.0
2017-03-28,22.8,23.24,22.5,23.17,2496730.0,57299484.0
2017-03-29,23.2,24.5,22.87,24.0,4855641.0,115511920.0
2017-03-30,23.9,24.4,23.37,24.2,2600694.0,61916880.0
2017-03-31,24.25,24.5,23.85,24.03,1516484.0,36537352.0
2017-04-05,24.0,25.3,23.93,25.0,2664321.0,66114296.0
2017-04-06,24.88,25.28,24.72,24.99,1676545.0,41888344.0
2017-04-07,25.28,25.28,24.63,24.66,1457099.0,36272340.0
2017-04-10,24.3,24.56,23.38,23.5,2576279.0,61235092.0
2017-04-11,23.62,24.4,23.23,24.37,2195856.0,52319616.0
2017-04-12,24.74,26.81,24.17,26.81,7555350.0,192633280.0
2017-04-13,25.98,26.9,25.35,25.78,5389025.0,140055408.0
2017-04-14,25.98,26.0,24.02,24.27,3185173.0,79356944.0
2017-04-17,24.5,25.19,24.03,24.33,1913108.0,47015776.0
2017-04-18,24.09,24.69,23.55,23.55,1538100.0,37254484.0
2017-04-19,23.5,23.5,21.21,22.38,2602436.0,59086356.0
2017-04-20,22.52,22.9,22.22,22.5,1605190.0,36307272.0
2017-04-21,22.34,22.78,22.0,22.19,809801.0,18202258.0
2017-04-24,22.39,22.39,21.2,21.2,1301538.0,28074628.0
2017-04-25,21.2,22.2,21.07,21.58,1218326.0,26397278.0
2017-04-26,21.57,22.1,21.44,21.79,1268760.0,27652124.0
2017-04-27,21.9,22.15,21.31,21.95,1275624.0,27765990.0
2017-04-28,21.9,22.37,21.83,22.26,1278035.0,28179606.0
2017-05-02,22.16,23.44,22.11,22.68,2227230.0,50695800.0
2017-05-03,22.61,22.9,22.02,22.55,2126226.0,47834624.0
2017-05-04,22.4,22.85,22.0,22.32,1034254.0,23171426.0
2017-05-05,22.3,22.39,21.67,22.2,1303100.0,28537884.0
2017-05-08,21.8,22.19,21.58,21.66,921420.0,20096838.0
2017-05-09,22.49,22.49,21.79,22.18,1034031.0,22891796.0
2017-05-10,22.0,22.27,21.82,21.86,710800.0,15667736.0
2017-05-11,21.74,21.85,20.93,21.41,1898244.0,40390544.0
2017-05-12,21.25,21.45,20.14,21.0,2406539.0,49891012.0
2017-05-15,20.2,20.83,20.12,20.12,1396600.0,28456260.0
2017-05-16,20.5,21.34,19.93,21.1,1634520.0,33532156.0
2017-05-17,21.1,21.28,20.6,21.0,1594410.0,33390798.0
2017-05-18,20.8,20.8,20.32,20.35,1894447.0,38828400.0
2017-05-19,20.31,20.9,20.22,20.6,1353730.0,27956072.0
2017-05-22,20.59,20.59,20.1,20.1,605699.0,12294892.0
2017-05-23,20.28,20.28,19.24,19.37,1015931.0,20048950.0
2017-05-24,19.5,19.5,18.23,19.45,1596740.0,30122254.0
2017-05-25,19.0,19.4,18.5,19.2,1088128.0,20723704.0
2017-05-26,19.1,19.42,19.01,19.2,655051.0,12605687.0
2017-08-25,19.2,20.99,19.2,19.6,3343214.0,66098272.0
2017-08-28,19.0,19.83,18.58,19.5,2947756.0,57105636.0
2017-08-29,19.5,19.55,18.9,19.0,2539090.0,48503564.0
2017-08-30,19.06,19.98,18.77,19.47,2852203.0,55212660.0
2017-08-31,19.38,19.8,19.03,19.47,2384262.0,46179384.0
2017-09-01,19.37,19.5,19.12,19.32,1770312.0,34228240.0
2017-09-04,19.31,19.52,19.2,19.35,1475519.0,28615990.0
2017-09-05,19.54,20.5,19.35,20.08,5059357.0,101038664.0
2017-09-06,20.01,20.3,19.85,19.9,2211732.0,44108408.0
2017-09-07,19.88,19.88,19.53,19.59,1848837.0,36322516.0
2017-09-08,19.63,20.33,19.52,19.94,2668682.0,53187112.0
2017-09-11,19.93,20.15,19.75,19.94,1407128.0,27994658.0
2017-09-12,19.94,19.95,19.5,19.55,1861250.0,36623732.0
2017-09-13,19.55,19.77,19.46,19.57,765416.0,14981841.0
2017-09-14,19.6,19.6,19.3,19.3,1075710.0,20913638.0
2017-09-15,19.52,19.52,19.01,19.19,1413555.0,27082892.0
2017-09-18,19.28,19.37,19.11,19.2,1082993.0,20781634.0
2017-09-19,19.21,19.55,19.2,19.47,1358303.0,26376706.0
2017-09-20,19.55,19.81,19.36,19.68,1702409.0,33403294.0
2017-09-21,19.59,19.62,19.4,19.49,1001215.0,19491068.0
2017-09-22,19.55,19.55,19.15,19.23,838338.0,16161325.0
2017-09-25,19.2,19.52,19.1,19.12,899528.0,17302912.0
2017-09-26,19.0,19.23,18.53,18.86,1655608.0,31065126.0
2017-09-27,18.86,19.06,18.69,18.85,667750.0,12606626.0
2017-09-28,18.85,19.04,18.45,18.51,1267402.0,23532700.0
2017-09-29,18.53,18.8,18.43,18.76,917521.0,17117070.0
2017-10-09,18.81,19.15,18.81,19.11,1184639.0,22533808.0
2017-10-10,19.13,19.27,18.89,19.19,1289451.0,24582738.0
2017-10-11,19.24,19.27,19.02,19.27,1230893.0,23608082.0
2017-10-12,19.35,19.5,19.03,19.14,1423586.0,27477914.0
2017-10-13,19.19,19.21,18.98,19.06,1344141.0,25584210.0
2017-10-16,19.04,19.04,18.74,18.83,1810819.0,34054312.0
2017-10-17,18.82,18.92,18.71,18.82,891468.0,16778248.0
2017-10-18,18.87,19.12,18.87,19.0,1604564.0,30498142.0
2017-10-19,19.1,19.38,18.5,19.01,1315081.0,25043672.0
2017-10-20,19.01,19.73,18.91,19.71,2950505.0,57361920.0
2017-10-23,19.67,19.97,19.5,19.74,2638207.0,52111204.0
2017-10-24,19.7,20.49,19.63,20.4,3501164.0,70586760.0
2017-10-25,20.4,20.5,20.08,20.28,2128050.0,43312188.0
2017-10-26,20.28,21.07,20.21,21.01,7911724.0,164690560.0
2017-10-27,21.03,21.6,20.94,21.44,3619207.0,77385264.0
2017-10-30,21.38,22.09,20.76,21.29,2552191.0,54336476.0
2017-10-31,22.0,22.0,20.2,21.22,1942376.0,40840344.0
2017-11-01,21.6,21.6,20.62,21.41,2433635.0,51164156.0
2017-11-02,21.26,22.87,21.06,22.87,3874310.0,85098312.0
2017-11-03,22.71,22.78,20.59,20.75,18890186.0,409159648.0
2017-11-06,19.3,19.3,18.68,18.68,8601091.0,161532864.0
2017-11-07,18.03,18.28,17.31,17.81,7834298.0,138431312.0
2017-11-08,17.6,17.99,17.51,17.81,4956176.0,87931656.0
2017-11-09,17.81,17.81,17.35,17.44,3832381.0,67142696.0
2017-11-10,17.4,17.74,17.4,17.42,2374782.0,41637364.0
2017-11-13,17.5,17.65,17.2,17.26,2558759.0,44420040.0
2017-11-14,17.3,17.33,16.92,16.93,2521052.0,42992512.0
2017-11-15,17.0,17.06,16.4,16.51,2209552.0,36732576.0
2017-11-16,16.5,16.5,16.0,16.0,2860107.0,46329308.0
2017-11-17,16.01,16.23,14.44,14.51,3889000.0,59600936.0
2017-11-20,14.58,15.08,13.6,14.96,3908089.0,56250864.0
2017-11-21,14.88,14.88,14.45,14.53,2385246.0,34944336.0
2017-11-29,15.88,15.98,15.88,15.98,2503128.0,39986628.0
2017-11-30,15.97,15.97,14.72,14.99,6134938.0,94269600.0
2017-12-01,15.28,15.3,14.75,15.0,3250307.0,48850396.0
2017-12-04,14.76,14.79,14.01,14.19,2998465.0,43291508.0
2017-12-05,14.18,14.28,13.38,13.44,2227817.0,30698746.0
2017-12-06,13.3,14.55,13.3,14.05,3240282.0,45015988.0
2017-12-07,15.27,15.46,14.71,15.46,5248285.0,80679000.0
2017-12-08,15.48,16.66,15.0,16.05,8731295.0,139157536.0
2017-12-11,15.82,16.24,15.46,15.73,3940150.0,62259688.0
2017-12-12,15.9,15.9,15.2,15.2,3163970.0,48839224.0
2017-12-13,15.08,15.77,15.08,15.27,2385500.0,36784160.0
2017-12-14,15.06,15.62,15.06,15.22,2671307.0,41005824.0
2017-12-15,15.1,15.4,14.91,15.01,1813598.0,27396784.0
2017-12-18,14.87,15.3,14.58,14.7,1558450.0,23084996.0
2017-12-19,14.53,14.96,14.53,14.88,1423600.0,21053966.0
2017-12-20,15.15,15.15,14.56,14.94,1573301.0,23386052.0
2017-12-21,14.81,14.86,14.51,14.69,1085300.0,15962116.0
2017-12-22,14.9,14.9,14.5,14.69,877300.0,12883779.0
2017-12-25,14.74,14.74,13.96,14.1,1440620.0,20562338.0
2017-12-26,14.17,14.18,13.83,14.12,994097.0,13933466.0
2017-12-27,14.19,14.19,13.85,13.88,934701.0,13086686.0
2017-12-28,13.6,14.15,13.58,13.99,956300.0,13399117.0
2017-12-29,14.06,14.33,14.06,14.15,996700.0,14129627.0
2018-01-02,14.18,14.4,14.12,14.33,1034900.0,14766717.0
2018-01-03,14.48,15.76,14.32,15.14,3244905.0,49317264.0
2018-01-04,14.95,14.98,14.67,14.76,1904400.0,28199744.0
2018-01-05,14.63,15.17,14.63,15.14,2703744.0,40603596.0
2018-01-08,15.1,15.11,14.75,14.92,1235700.0,18374300.0
2018-01-09,14.89,15.15,14.73,14.77,1383200.0,20628080.0
2018-01-10,14.76,14.84,14.05,14.4,1358750.0,19738910.0
2018-01-11,14.45,14.85,14.2,14.61,1132900.0,16532253.0
2018-01-12,14.6,14.73,14.43,14.5,684307.0,9939839.0
2018-01-15,14.33,14.5,14.01,14.06,1208100.0,17104984.0
2018-01-16,14.06,14.36,14.0,14.16,820301.0,11640059.0
2018-01-17,14.11,14.16,13.8,14.11,727601.0,10202069.0
2018-01-18,14.12,14.3,14.0,14.13,1035562.0,14687673.0
2018-01-19,14.17,14.3,14.1,14.14,806500.0,11412906.0
2018-01-22,14.02,14.35,14.02,14.3,1097597.0,15653911.0
2018-01-23,14.3,14.33,14.02,14.3,874500.0,12454831.0
2018-01-24,14.32,14.41,14.06,14.24,867000.0,12354211.0
2018-01-25,14.25,14.39,14.13,14.13,1016631.0,14470515.0
2018-01-26,14.18,14.31,14.1,14.12,1047201.0,14834853.0
2018-01-29,14.16,14.16,13.76,13.87,855601.0,11928331.0
2018-01-30,13.74,13.95,13.68,13.74,499710.0,6896721.0
2018-01-31,13.55,13.55,12.37,12.4,2628776.0,33418722.0
2018-02-01,12.4,12.6,11.32,11.43,1724311.0,20291050.0
2018-02-02,11.43,11.7,10.9,11.47,1158602.0,13231821.0
2018-02-05,11.14,11.54,11.14,11.25,705500.0,8014406.0
2018-02-06,10.99,11.23,10.13,10.13,1951009.0,20388888.0
2018-02-07,10.3,10.5,9.82,10.35,1190953.0,12225044.0
2018-02-08,10.21,10.55,10.21,10.45,816507.0,8537935.0
2018-02-09,10.32,10.32,9.9,10.25,1205000.0,12136944.0
2018-02-12,10.24,10.61,10.22,10.6,811700.0,8509616.0
2018-02-13,10.6,10.87,10.39,10.43,738945.0,7828260.5
2018-02-14,10.49,10.77,10.45,10.73,780300.0,8284278.5
2018-02-22,10.81,10.9,10.7,10.87,716602.0,7738292.0
2018-02-23,10.93,11.01,10.8,10.84,674400.0,7335827.0
2018-02-26,10.96,11.25,10.84,11.16,903169.0,10032390.0
2018-02-27,11.19,11.28,11.07,11.2,701106.0,7845509.5
2018-02-28,11.21,11.21,11.0,11.15,652800.0,7266194.5
2018-03-01,11.19,11.36,11.07,11.3,776058.0,8752502.0
2018-03-02,11.29,12.43,11.18,12.43,1635112.0,19763516.0
2018-03-05,13.01,13.54,12.69,13.18,5748761.0,75620440.0
2018-03-06,13.17,14.5,12.88,14.5,7068439.0,98560696.0
2018-03-07,15.0,15.95,14.8,15.95,7861936.0,120665184.0
2018-03-08,17.3,17.55,17.0,17.55,6863427.0,119412368.0
2018-03-09,17.99,18.75,17.42,18.11,18174604.0,326365536.0
2018-03-12,17.75,18.45,17.61,18.3,14312584.0,257943184.0
2018-03-13,18.06,18.5,17.65,17.8,11600850.0,208226320.0
2018-03-14,17.14,17.47,16.52,17.03,12240890.0,208217856.0
2018-03-15,16.7,17.18,16.15,16.9,9921778.0,165188528.0
2018-03-16,16.76,17.23,16.56,16.61,9335843.0,157240880.0
2018-03-19,16.39,17.36,16.14,17.09,9390746.0,158258416.0
2018-03-20,16.89,17.88,16.22,17.18,10618219.0,180922528.0
2018-03-21,16.88,18.0,16.6,16.6,13460811.0,233190112.0
2018-03-22,16.2,16.45,15.38,15.82,10910496.0,173486560.0
2018-03-23,15.63,16.0,14.24,14.24,8806300.0,131972600.0
2018-03-26,13.83,14.69,13.82,14.69,6365224.0,91262176.0
2018-03-27,14.98,15.16,14.45,14.8,7197638.0,106804112.0
2018-03-28,14.8,15.51,14.66,14.8,6246003.0,94694912.0
2018-03-29,15.13,15.5,14.68,14.92,5984608.0,90010816.0
2018-03-30,14.73,15.29,14.58,15.06,5316950.0,79290904.0
2018-04-02,14.82,15.33,14.73,15.0,4987276.0,74710152.0
2018-04-03,14.6,14.78,14.01,14.24,4447775.0,64149644.0
2018-04-04,14.52,15.5,14.52,14.82,7867281.0,117532600.0
2018-04-09,14.7,15.22,14.02,14.62,5192177.0,75462832.0
2018-04-10,14.55,15.22,14.32,15.0,6107117.0,90578728.0
2018-04-11,14.8,15.15,14.8,14.91,4858234.0,72679808.0
2018-04-12,14.83,14.98,14.54,14.56,3018702.0,44416100.0
2018-04-13,14.56,14.89,14.18,14.19,2700700.0,39097472.0
2018-04-16,14.36,14.84,14.05,14.53,3069806.0,44645216.0
2018-04-17,14.35,14.68,13.78,13.97,2610501.0,37368792.0
2018-04-18,14.28,14.28,13.25,13.8,2836199.0,38826520.0
2018-04-19,13.78,14.21,13.65,14.13,2834379.0,39723612.0
2018-04-20,14.12,14.53,13.81,13.96,3376547.0,48089764.0
2018-04-23,14.01,14.14,13.0,13.42,3596163.0,48206688.0
2018-04-24,13.42,13.89,13.26,13.88,2475354.0,33889612.0
2018-04-25,14.21,14.33,13.85,13.93,1909386.0,26788092.0
2018-04-26,14.1,14.1,13.41,13.68,1763279.0,24224796.0
2018-04-27,13.68,13.8,13.3,13.54,1871900.0,25260224.0
2018-05-02,13.98,14.89,13.98,14.1,8603058.0,126025824.0
2018-05-03,12.99,13.4,12.69,13.17,7294769.0,94400800.0
2018-05-04,12.91,13.48,12.82,13.21,3055600.0,40308808.0
2018-05-07,13.23,13.6,13.2,13.37,1797201.0,24039750.0
2018-05-08,13.47,14.71,13.33,14.71,3278860.0,46513644.0
2018-05-09,15.4,16.11,14.71,15.0,9964803.0,153028592.0
2018-05-10,15.04,16.5,14.95,16.5,10732670.0,170670880.0
2018-05-11,16.53,18.15,15.89,18.15,16070945.0,277569984.0
2018-05-14,17.75,19.5,16.82,16.96,20009256.0,362608448.0
2018-05-15,16.0,17.88,15.68,16.85,14505355.0,238842704.0
2018-05-16,16.45,16.74,15.9,16.1,9934696.0,161395792.0
2018-05-17,15.71,17.25,15.7,16.48,11754821.0,195291344.0
2018-05-18,16.39,16.5,15.9,16.22,7510621.0,121235856.0
2018-05-21,16.22,16.46,15.8,16.1,6297665.0,101568184.0
2018-05-22,16.11,16.26,15.87,16.11,4985764.0,79949960.0
2018-05-23,15.9,16.28,15.88,15.9,5100763.0,81985488.0
2018-05-24,15.72,16.35,15.66,16.32,5871322.0,94133392.0
2018-05-25,16.35,17.2,16.07,16.74,10156883.0,170392416.0
2018-05-28,16.78,16.78,15.8,15.97,4853901.0,78518352.0
2018-05-29,15.58,15.93,14.6,15.14,5181375.0,79649040.0
2018-05-30,14.8,14.95,14.31,14.47,3680981.0,53705908.0
2018-05-31,14.74,15.28,14.53,14.87,2728400.0,40529188.0
2018-06-01,14.5,14.95,14.45,14.53,1685400.0,24644254.0
2018-06-04,14.63,14.64,14.02,14.26,1981500.0,28392684.0
2018-06-05,14.36,14.97,14.27,14.69,2107601.0,30770088.0
2018-06-06,14.51,14.89,14.5,14.89,1974600.0,28985740.0
2018-06-07,14.89,15.77,14.75,15.07,3006787.0,45911780.0
2018-06-08,14.66,15.7,14.66,15.22,3037953.0,46037796.0
2018-06-11,15.2,16.4,15.03,16.19,6772610.0,107848632.0
2018-06-12,15.98,16.26,15.58,16.15,4794598.0,76557456.0
2018-06-13,16.05,16.5,15.69,15.72,4645700.0,74413992.0
2018-06-14,15.52,16.21,15.49,15.7,4102151.0,64908636.0
2018-06-15,15.32,15.59,14.8,15.28,4425801.0,66861552.0
2018-06-19,14.91,14.91,13.75,13.75,3045500.0,42585144.0
2018-06-20,12.88,13.9,12.85,13.5,3292983.0,44220972.0
2018-06-21,13.54,13.97,13.19,13.23,2152578.0,29325392.0
2018-06-22,12.88,13.61,12.85,13.37,2042959.0,27231922.0
2018-06-25,13.58,13.59,13.2,13.21,1625716.0,21798640.0
2018-06-26,12.92,13.3,12.51,13.3,1528100.0,19838400.0
2018-06-27,13.29,14.36,13.08,13.85,3753575.0,52239396.0
2018-06-28,13.88,14.21,13.55,13.69,2245833.0,31093558.0
2018-06-29,13.7,14.2,13.7,14.14,2123059.0,29664396.0
2018-07-02,14.08,14.09,13.43,13.55,2144265.0,29541066.0
2018-07-03,13.4,13.66,13.02,13.63,2104502.0,28166172.0
2018-07-04,14.05,14.2,13.62,13.8,2732898.0,37861384.0
2018-07-05,13.1,13.55,12.78,12.9,2407616.0,31593766.0
2018-07-06,12.8,13.09,12.02,12.73,2518482.0,31977556.0
2018-07-09,12.59,12.92,12.59,12.91,1582997.0,20355452.0
2018-07-10,13.0,13.21,12.92,13.15,1482497.0,19435140.0
2018-07-11,12.95,12.95,12.12,12.52,1557582.0,19490900.0
2018-07-12,12.53,12.99,12.53,12.91,1295800.0,16606909.0
2018-07-13,12.92,13.08,12.75,12.82,1252100.0,16131756.0
2018-07-16,12.81,13.05,12.56,12.91,1220138.0,15621173.0
2018-07-17,12.87,12.99,12.65,12.99,1003101.0,12823975.0
2018-07-18,13.0,13.05,12.76,12.77,1171300.0,15100101.0
2018-07-19,12.78,12.96,12.49,12.58,943000.0,11902726.0
2018-07-20,12.61,12.65,12.38,12.65,936901.0,11759709.0
2018-07-23,12.63,12.88,12.52,12.76,895400.0,11359060.0
2018-07-24,12.6,13.17,12.6,13.0,1860401.0,24080808.0
2018-07-25,13.02,13.58,12.91,13.24,2957315.0,39231284.0
2018-07-26,13.1,13.19,12.92,12.99,1620184.0,21091476.0
2018-07-27,13.35,14.29,12.99,14.23,5416647.0,74126048.0
2018-07-30,13.75,15.16,13.53,14.01,6497294.0,93144728.0
2018-07-31,13.91,14.17,13.68,13.97,3092898.0,43043760.0
2018-08-01,13.97,14.08,13.6,13.65,2523082.0,34790384.0
2018-08-02,13.65,13.66,12.48,12.85,2492101.0,32068342.0
2018-08-03,12.88,13.01,12.67,12.74,1295800.0,16593378.0
2018-08-06,12.73,12.88,12.1,12.2,1204567.0,14922142.0
2018-08-07,12.22,12.47,12.1,12.47,1113468.0,13746127.0
2018-08-08,12.45,12.59,12.18,12.23,1101800.0,13618436.0
2018-08-09,12.05,12.51,12.04,12.42,1573079.0,19375740.0
2018-08-10,12.38,12.99,12.35,12.63,2173915.0,27733972.0
2018-08-13,12.3,12.66,12.21,12.62,1217500.0,15129129.0
2018-08-14,12.6,13.28,12.46,12.9,2297675.0,29574804.0
2018-08-15,12.88,13.1,12.5,12.69,1465143.0,18755592.0
2018-08-16,12.57,12.65,12.25,12.3,1231775.0,15296416.0
2018-08-17,12.56,12.65,12.12,12.14,778501.0,9580921.0
2018-08-20,12.16,12.26,11.6,12.0,1118000.0,13442076.0
2018-08-21,12.05,12.25,11.96,12.0,1278002.0,15455049.0
2018-08-22,12.03,12.08,11.66,11.69,922500.0,10959610.0
2018-08-23,11.73,11.86,11.65,11.77,866646.0,10181657.0
2018-08-24,11.71,12.0,11.7,11.91,993536.0,11782519.0
2018-08-27,11.92,12.15,11.91,12.1,1144000.0,13784551.0
2018-08-28,12.3,12.4,12.1,12.21,1516101.0,18583534.0
2018-08-29,12.04,12.27,11.96,12.08,1002475.0,12095114.0
2018-08-30,12.14,12.15,11.89,11.91,677800.0,8152599.0
2018-08-31,12.0,12.01,11.72,11.88,710200.0,8444175.0
2018-09-03,11.88,11.95,11.61,11.78,563500.0,6662746.0
2018-09-04,11.66,12.5,11.66,12.14,1394075.0,16877372.0
2018-09-05,12.07,12.42,11.81,11.81,1027915.0,12406464.0
2018-09-06,11.92,12.09,11.78,11.82,816800.0,9738051.0
2018-09-07,11.96,12.03,11.72,11.91,847615.0,10101102.0
2018-09-10,11.91,12.1,11.63,11.65,1076100.0,12793840.0
2018-09-11,11.7,11.88,11.66,11.75,607686.0,7134184.5
2018-09-12,11.85,11.86,11.68,11.79,472850.0,5581212.0
2018-09-13,11.86,11.92,11.68,11.82,940700.0,11089034.0
2018-09-14,11.86,12.14,11.72,11.9,1127401.0,13439156.0
2018-09-17,11.94,12.04,11.69,11.79,894816.0,10580910.0
2018-09-18,11.73,11.95,11.7,11.92,693017.0,8198120.5
2018-09-19,11.95,12.53,11.88,12.32,2989782.0,36750944.0
2018-09-20,12.33,12.8,12.09,12.39,4002936.0,49868428.0
2018-09-21,12.24,12.41,12.14,12.3,2618084.0,32108052.0
2018-09-25,12.18,12.18,11.83,11.96,1748869.0,21002162.0
2018-09-26,12.07,12.15,11.96,11.97,1059000.0,12750162.0
2018-09-27,11.93,12.0,11.73,11.74,1080500.0,12805943.0
2018-09-28,11.75,12.03,11.65,11.83,1069102.0,12697662.0
2018-10-08,11.6,11.6,11.12,11.18,1395501.0,15918864.0
2018-10-09,11.39,11.42,11.2,11.31,597400.0,6737652.0
2018-10-10,11.22,11.42,11.22,11.3,469619.0,5301256.0
2018-10-11,11.1,11.1,10.17,10.17,1169900.0,12153810.0
2018-10-12,9.92,10.17,9.5,9.87,1209119.0,11862227.0
2018-10-15,10.69,10.69,10.13,10.22,1604468.0,16747383.0
2018-10-16,10.14,10.37,9.91,9.92,1094002.0,11038966.0
2018-10-17,10.03,10.22,9.77,10.09,1073200.0,10731109.0
2018-10-18,10.1,10.6,9.8,9.97,1448379.0,14751945.0
2018-10-19,9.85,10.35,9.62,10.26,1340419.0,13559619.0
2018-10-22,10.35,10.85,10.35,10.7,1855968.0,19643232.0
2018-10-23,10.76,11.09,10.4,10.57,1973768.0,21187294.0
2018-10-24,10.44,10.66,10.36,10.55,1317101.0,13850134.0
2018-10-25,10.36,10.36,9.9,10.15,1410513.0,14305524.0
2018-10-26,10.25,10.42,10.01,10.15,996911.0,10169182.0
2018-10-29,10.14,10.18,9.91,10.01,735811.0,7368156.0
2018-10-30,10.08,10.13,9.9,10.01,831100.0,8348415.0
2018-10-31,9.96,10.12,9.96,10.1,1052700.0,10609883.0
2018-11-01,10.16,10.34,10.08,10.22,1477600.0,15091519.0
2018-11-02,10.29,10.49,10.24,10.46,1806608.0,18755400.0
2018-11-05,10.49,10.87,10.44,10.77,2687800.0,28643924.0
2018-11-06,10.78,10.96,10.57,10.84,1606431.0,17206826.0
2018-11-07,10.88,10.94,10.62,10.68,1314200.0,14145668.0
2018-11-08,10.79,10.97,10.67,10.68,1740400.0,18835606.0
2018-11-09,10.68,10.81,10.52,10.72,1164000.0,12499068.0
2018-11-12,10.76,11.45,10.6,11.11,2560601.0,27806566.0
2018-11-13,10.81,11.79,10.81,11.26,3678900.0,41236984.0
2018-11-14,11.15,11.33,11.0,11.09,2229767.0,24825836.0
2018-11-15,11.01,11.29,10.96,11.2,1727501.0,19295304.0
2018-11-16,11.22,11.47,11.21,11.36,1967221.0,22369546.0
2018-11-19,11.3,11.76,11.28,11.53,2665301.0,30756978.0
2018-11-20,11.41,11.53,11.04,11.06,1711000.0,19334104.0
2018-11-21,10.96,11.25,10.75,11.13,1379719.0,15197054.0
2018-11-22,11.29,11.35,11.05,11.17,971900.0,10904171.0
2018-11-23,11.12,11.25,10.62,10.62,1299300.0,14197198.0
2018-11-26,10.71,10.85,10.55,10.62,765800.0,8166737.0
2018-11-27,10.83,10.83,10.64,10.68,573000.0,6138397.0
2018-11-28,10.76,10.95,10.57,10.85,946841.0,10207096.0
2018-11-29,10.94,10.95,10.5,10.52,948530.0,10190830.0
2018-11-30,10.41,10.68,10.35,10.6,559530.0,5869858.5
2018-12-03,10.9,11.39,10.8,11.03,1523819.0,16831550.0
2018-12-04,10.95,11.23,10.92,11.17,1245219.0,13830175.0
2018-12-05,10.83,11.41,10.83,11.2,1723200.0,19302128.0
2018-12-06,11.2,12.32,11.12,12.32,7078182.0,85667120.0
2018-12-07,12.36,13.5,12.32,12.6,9561647.0,122421200.0
2018-12-10,12.21,12.58,11.98,12.25,5943280.0,72611264.0
2018-12-11,12.12,13.0,12.02,12.62,6116057.0,75868312.0
2018-12-12,12.42,12.95,12.29,12.69,5549388.0,69825240.0
2018-12-13,12.69,12.82,12.37,12.43,3940974.0,49365908.0
2018-12-14,12.56,12.56,12.08,12.24,2526900.0,31132160.0
2018-12-17,12.25,13.27,12.17,12.84,5634453.0,71727504.0
2018-12-18,12.65,13.1,12.28,12.49,4940950.0,62649656.0
2018-12-19,12.15,12.31,11.59,11.81,4102040.0,48730400.0
2018-12-20,11.81,11.93,11.67,11.74,2138701.0,25229872.0
2018-12-21,11.75,11.76,11.33,11.41,1646030.0,18902444.0
2018-12-24,11.5,11.62,11.41,11.54,1124400.0,12922793.0
2018-12-25,11.38,11.58,10.9,11.5,2032930.0,22757244.0
2018-12-26,11.4,11.45,11.07,11.1,1828720.0,20483928.0
2018-12-27,11.3,11.3,10.44,10.57,1854402.0,20235480.0
2018-12-28,10.68,10.69,10.38,10.46,1225618.0,12938401.0
2019-01-02,10.52,10.77,10.46,10.47,813700.0,8605232.0
2019-01-03,10.31,10.62,10.31,10.43,1039600.0,10895658.0
2019-01-04,10.18,10.8,10.18,10.73,1667267.0,17710718.0
2019-01-07,10.81,10.95,10.74,10.85,1272504.0,13796033.0
2019-01-08,10.89,10.93,10.71,10.77,1019200.0,11037068.0
2019-01-09,10.89,10.96,10.77,10.8,1159900.0,12619413.0
2019-01-10,10.79,10.87,10.65,10.65,949264.0,10219710.0
2019-01-11,10.85,10.93,10.72,10.87,1042957.0,11288473.0
2019-01-14,10.92,10.92,10.6,10.63,1064667.0,11372714.0
2019-01-15,10.67,10.88,10.6,10.88,1110822.0,11949119.0
2019-01-16,10.87,10.95,10.76,10.84,1173500.0,12723259.0
2019-01-17,10.88,10.88,10.58,10.62,1216100.0,13063470.0
2019-01-18,10.7,10.7,10.41,10.62,829857.0,8792489.0
2019-01-21,10.62,10.79,10.6,10.67,1004901.0,10759593.0
2019-01-22,10.75,10.75,10.47,10.54,911002.0,9652365.0
2019-01-23,10.54,10.68,10.53,10.67,665906.0,7081696.5
2019-01-24,10.55,10.79,10.54,10.74,1097340.0,11726044.0
2019-01-25,10.71,11.55,10.7,11.26,3615710.0,40487408.0
2019-01-28,11.07,11.27,10.85,11.03,1670997.0,18439456.0
2019-01-29,10.9,10.95,10.23,10.5,1659695.0,17644876.0
2019-01-30,10.54,10.54,10.23,10.27,818300.0,8504846.0
2019-01-31,10.2,10.33,9.83,9.9,889007.0,8975429.0
2019-02-01,9.98,10.32,9.98,10.32,604501.0,6164558.0
2019-02-11,10.48,10.6,10.4,10.5,1056401.0,11087682.0
2019-02-12,10.65,11.3,10.52,10.95,1935958.0,21149182.0
2019-02-13,11.05,11.37,10.86,11.27,2882859.0,32060186.0
2019-02-14,11.26,11.36,10.98,11.16,2427558.0,27104780.0
2019-02-15,11.23,11.4,11.0,11.31,2148907.0,24130200.0
2019-02-18,11.6,11.78,11.41,11.68,2912516.0,33748944.0
2019-02-19,12.01,12.8,12.0,12.13,5054488.0,62172848.0
2019-02-20,12.22,12.22,11.61,11.79,2674500.0,31589336.0
2019-02-21,11.7,11.85,11.54,11.62,2453114.0,28654026.0
2019-02-22,11.69,12.33,11.53,11.91,2857813.0,34019916.0
2019-02-25,11.94,12.46,11.85,12.38,4542103.0,55256188.0
2019-02-26,12.24,12.49,12.11,12.16,3621571.0,44540196.0
2019-02-27,12.16,12.33,11.8,11.9,2141555.0,25923356.0
2019-02-28,12.09,12.31,11.95,12.1,1651900.0,20057922.0
2019-03-01,12.12,12.29,12.01,12.18,1375032.0,16698765.0
2019-03-04,12.16,12.53,12.1,12.48,3354901.0,41462104.0
2019-03-05,12.45,12.56,12.17,12.55,3056377.0,37913660.0
2019-03-06,12.6,12.67,12.41,12.58,3726388.0,46716448.0
2019-03-07,12.21,12.85,12.21,12.82,4482072.0,56469876.0
2019-03-08,12.6,12.65,11.91,11.91,3875055.0,47947868.0
2019-03-11,11.92,12.57,11.92,12.53,3583190.0,44341484.0
2019-03-12,12.88,13.35,12.63,12.89,5225983.0,67761632.0
2019-03-13,12.89,13.22,12.44,12.63,3364169.0,43268548.0
2019-03-14,12.46,12.6,11.81,11.88,3308933.0,39981900.0
2019-03-15,11.91,12.55,11.91,12.51,3609878.0,44514520.0
2019-03-18,12.39,12.7,12.29,12.59,2913343.0,36407364.0
2019-03-19,12.65,12.74,12.39,12.6,2922054.0,36726588.0
2019-03-20,12.69,12.69,12.15,12.48,2814338.0,34925648.0
2019-03-21,12.55,13.2,12.44,12.85,4322005.0,55569628.0
2019-03-22,12.88,13.0,12.43,12.95,3567639.0,45395664.0
2019-03-25,12.76,14.25,12.51,14.25,9609356.0,130906256.0
2019-03-26,14.09,14.13,12.84,13.09,8815638.0,118899072.0
2019-03-27,13.07,13.42,12.71,12.8,4990105.0,64861500.0
2019-03-28,12.74,12.79,12.11,12.19,3803123.0,47154068.0
2019-03-29,12.23,12.79,12.21,12.5,2719260.0,33887912.0
2019-04-01,12.53,12.85,12.5,12.74,3484357.0,44219108.0
2019-04-02,12.75,13.0,12.7,12.82,3117313.0,39979820.0
2019-04-03,12.83,13.29,12.68,13.18,4071977.0,52975888.0
2019-04-04,13.29,13.39,12.96,13.15,3723956.0,49083688.0
2019-04-08,13.15,13.3,12.84,12.94,2680100.0,34914372.0
2019-04-09,12.92,13.14,12.8,13.09,2671655.0,34635880.0
2019-04-10,12.97,13.32,12.81,13.16,3003305.0,39198756.0
2019-04-11,13.2,13.3,13.01,13.18,2903900.0,38199684.0
2019-04-12,13.18,13.88,13.06,13.36,3783087.0,50643036.0
2019-04-15,13.52,13.6,12.88,12.88,3075700.0,40758272.0
2019-04-16,12.75,13.15,12.5,12.96,2611082.0,33300834.0
2019-04-17,12.95,13.01,12.78,12.83,2120252.0,27383468.0
2019-04-18,12.83,12.91,12.63,12.7,2044802.0,26001790.0
2019-04-19,12.73,12.8,12.57,12.79,1329770.0,16927464.0
2019-04-22,12.79,12.87,12.63,12.67,1354410.0,17287534.0
2019-04-23,12.7,12.7,12.26,12.39,1761539.0,21956648.0
2019-04-24,12.36,12.46,12.28,12.45,1085852.0,13439278.0
2019-04-25,12.43,12.45,11.53,11.53,2027800.0,24360150.0
2019-04-26,11.55,11.89,11.55,11.73,1260606.0,14832343.0
2019-04-29,11.66,11.87,11.1,11.26,1553051.0,17759652.0
2019-04-30,11.32,12.1,11.32,11.76,2071551.0,24420074.0
2019-05-06,11.6,12.24,11.1,11.4,2194171.0,25396412.0
2019-05-07,11.4,12.31,11.39,11.99,2556605.0,30241728.0
2019-05-08,12.03,12.2,11.76,11.85,1421905.0,17002452.0
2019-05-09,11.7,12.01,11.7,11.78,830801.0,9871212.0
2019-05-10,11.93,12.1,11.43,11.97,1127873.0,13442128.0
2019-05-13,11.87,11.97,11.75,11.89,783250.0,9278348.0
2019-05-14,11.75,11.95,11.52,11.9,785051.0,9272628.0
2019-05-15,11.9,12.16,11.9,12.08,1144324.0,13771941.0
2019-05-16,12.09,12.09,11.94,12.06,875191.0,10503387.0
2019-05-17,12.04,12.45,11.83,11.98,1838835.0,22273840.0
2019-05-20,11.93,11.93,11.35,11.52,1121342.0,12881244.0
2019-05-21,11.45,11.75,11.45,11.64,801800.0,9307960.0
2019-05-22,11.67,11.71,11.41,11.55,624602.0,7216079.0
2019-05-23,11.62,11.62,11.2,11.26,852700.0,9658783.0
2019-05-24,11.2,11.35,11.16,11.25,507200.0,5699939.0
2019-05-27,11.2,11.9,11.18,11.62,1556180.0,17914638.0
2019-05-28,11.63,11.63,11.43,11.45,1032501.0,11905919.0
2019-05-29,11.46,11.63,11.45,11.47,466600.0,5370986.0
2019-05-30,11.43,11.56,11.34,11.43,623400.0,7119546.0
2019-05-31,11.37,11.51,11.18,11.19,655400.0,7427912.0
2019-06-03,11.21,11.33,10.88,10.9,768601.0,8468560.0
2019-06-04,10.9,11.14,10.71,10.75,724100.0,7889981.0
2019-06-05,10.8,10.99,10.7,10.72,617781.0,6692686.5
2019-06-06,10.77,10.79,10.32,10.4,846300.0,8882572.0
2019-06-10,10.41,10.63,10.41,10.54,456800.0,4815613.0
2019-06-11,10.62,10.95,10.44,10.9,788000.0,8473424.0
2019-06-12,10.95,11.14,10.81,10.96,861202.0,9464332.0
2019-06-13,10.85,10.99,10.79,10.82,717596.0,7789764.5
2019-06-14,10.84,10.96,10.46,10.47,753400.0,8062036.0
2019-06-17,10.47,10.77,10.47,10.68,710200.0,7553723.0
2019-06-18,10.67,10.88,10.59,10.7,413800.0,4420389.0
2019-06-19,10.88,11.0,10.7,10.84,657201.0,7151731.0
2019-06-20,10.84,10.96,10.74,10.91,795951.0,8647045.0
2019-06-21,10.87,11.19,10.87,11.09,958201.0,10614173.0
2019-06-24,11.09,11.14,10.91,11.1,919607.0,10142147.0
2019-06-25,11.02,11.11,10.81,10.87,651400.0,7118672.0
2019-06-26,10.86,11.14,10.75,11.05,1067210.0,11788074.0
2019-06-27,11.05,11.3,10.99,11.03,841800.0,9341805.0
2019-06-28,11.18,11.18,10.82,10.92,496200.0,5426603.0
2019-07-01,11.1,11.18,10.94,11.17,1121008.0,12462652.0
2019-07-02,11.23,11.23,10.91,11.09,705401.0,7813216.0
2019-07-03,11.06,11.06,10.81,10.87,841996.0,9165050.0
2019-07-04,10.96,11.96,10.82,11.08,1865308.0,21017326.0
2019-07-05,11.07,11.09,10.84,10.97,1048938.0,11467563.0
2019-07-08,10.97,11.09,10.6,10.6,817521.0,8794587.0
2019-07-09,10.61,10.85,10.37,10.83,557400.0,5966851.0
2019-07-10,10.79,10.79,10.59,10.61,630300.0,6711395.0
2019-07-11,10.76,10.79,10.51,10.61,379600.0,4041276.0
2019-07-12,10.6,10.75,10.56,10.62,351401.0,3728702.5
2019-07-15,10.54,10.68,10.54,10.62,583201.0,6182085.5
2019-07-16,10.6,10.84,10.57,10.78,707229.0,7558402.0
2019-07-17,10.72,11.79,10.67,11.06,2285617.0,25508144.0
2019-07-18,10.81,10.85,10.29,10.57,1678499.0,17739738.0
2019-07-19,10.6,11.08,10.48,10.66,1349486.0,14510985.0
2019-07-22,10.55,10.62,10.38,10.42,799364.0,8351719.5
2019-07-23,10.59,10.59,10.39,10.5,457925.0,4798839.5
2019-07-24,10.43,10.86,10.42,10.8,1110149.0,11927045.0
2019-07-25,10.81,10.99,10.62,10.69,855460.0,9166688.0
2019-07-26,10.74,10.74,10.56,10.62,654593.0,6950685.5
2019-07-29,10.71,10.73,10.56,10.65,391300.0,4160848.0
2019-07-30,10.65,10.71,10.55,10.58,855350.0,9087904.0
2019-07-31,10.5,10.55,10.42,10.48,495534.0,5190517.5
2019-08-01,10.56,10.59,10.42,10.55,613100.0,6431969.0
2019-08-02,10.46,10.46,10.21,10.26,719598.0,7404392.0
2019-08-05,10.26,10.38,10.15,10.17,527600.0,5416564.0
2019-08-06,10.0,10.0,9.6,9.79,767825.0,7548354.5
2019-08-07,9.78,9.95,9.72,9.76,390295.0,3841621.5
2019-08-08,9.81,10.0,9.78,9.84,321933.0,3175409.0
2019-08-09,9.83,9.96,9.83,9.84,273200.0,2700838.0
2019-08-12,9.83,10.0,9.83,9.98,323000.0,3208287.0
2019-08-13,9.84,9.94,9.76,9.89,455935.0,4501157.5
2019-08-14,9.94,10.14,9.93,10.02,546610.0,5475288.0
2019-08-15,9.99,10.15,9.79,10.14,880928.0,8806346.0
2019-08-16,10.02,11.14,10.02,10.34,1791438.0,18834978.0
2019-08-19,11.3,11.37,11.3,11.37,4794256.0,54454296.0
2019-08-20,11.72,12.25,11.51,11.58,8677146.0,102947528.0
2019-08-21,11.3,11.9,11.03,11.5,4295624.0,49350772.0
2019-08-22,11.59,12.08,11.35,11.8,4050449.0,47363136.0
2019-08-23,11.8,11.8,11.18,11.3,3058703.0,34798608.0
2019-08-26,11.02,11.29,10.82,11.22,1644980.0,18283862.0
2019-08-27,11.25,11.47,11.14,11.2,2266874.0,25603476.0
2019-08-28,11.23,11.27,11.03,11.09,1482148.0,16503411.0
2019-08-29,11.09,11.98,11.04,11.45,3813985.0,43867204.0
2019-08-30,11.53,11.63,10.76,11.04,3220898.0,35762296.0
2019-09-02,11.0,11.7,10.9,11.33,3057269.0,34516780.0
2019-09-03,11.15,12.46,11.15,12.46,4876324.0,59465892.0
2019-09-04,12.53,13.27,12.3,12.63,11750158.0,150185072.0
2019-09-05,12.25,12.63,12.02,12.42,7694865.0,94836408.0
2019-09-06,12.21,12.55,12.14,12.36,5072569.0,62616880.0
2019-09-09,12.36,12.41,12.08,12.39,3808537.0,46606792.0
2019-09-10,12.26,12.36,12.13,12.28,2744067.0,33549336.0
2019-09-11,12.34,12.34,11.96,11.96,2690129.0,32580890.0
2019-09-12,12.0,12.15,11.9,12.06,1448899.0,17408556.0
2019-09-16,12.05,12.08,11.91,11.93,1324300.0,15864538.0
2019-09-17,11.9,12.23,11.83,12.01,2746429.0,33142002.0
2019-09-18,12.0,12.13,11.72,11.72,1716927.0,20344640.0
2019-09-19,11.74,11.79,11.5,11.67,1566000.0,18160692.0
2019-09-20,11.68,11.88,11.68,11.69,1302000.0,15325875.0
2019-09-23,11.74,12.08,11.55,12.05,2718499.0,32394374.0
2019-09-24,12.09,12.3,11.88,11.88,2143968.0,25825370.0
2019-09-25,11.51,11.77,11.49,11.49,1313510.0,15247926.0
2019-09-26,11.5,11.7,10.91,10.91,2009379.0,22371952.0
2019-09-27,10.91,11.37,10.91,11.27,1595227.0,17890038.0
2019-09-30,11.27,11.46,11.07,11.07,758000.0,8514887.0
2019-10-08,11.24,11.32,10.98,11.02,729800.0,8147734.0
2019-10-09,11.08,11.38,10.93,11.24,835377.0,9332365.0
2019-10-10,11.3,11.44,11.23,11.31,679100.0,7693552.0
2019-10-11,11.44,11.49,11.18,11.22,687400.0,7788606.0
2019-10-14,11.44,12.34,11.39,12.34,6503535.0,78645904.0
2019-10-15,12.53,12.53,11.95,12.15,4131724.0,50358700.0
2019-10-16,11.95,12.15,11.85,12.0,2583362.0,30911478.0
2019-10-17,12.85,13.2,12.0,12.0,8372362.0,106007840.0
2019-10-18,11.03,11.48,11.0,11.02,5894105.0,65717292.0
2019-10-21,10.72,10.8,10.51,10.6,2550557.0,27214106.0
2019-10-22,10.69,10.79,10.61,10.75,1253600.0,13414521.0
2019-10-23,10.75,10.92,10.66,10.67,1359400.0,14666342.0
2019-10-24,10.64,10.8,10.6,10.76,996100.0,10662924.0
2019-10-25,10.7,10.88,10.68,10.86,1030867.0,11124856.0
2019-10-28,10.75,11.19,10.75,11.19,1846562.0,20492704.0
2019-10-29,11.03,11.23,10.91,10.95,1617463.0,17830270.0
2019-10-30,10.96,11.08,10.77,10.8,1134975.0,12341451.0
2019-10-31,10.8,11.0,10.59,10.67,842200.0,9078384.0
2019-11-01,10.69,10.98,10.63,10.98,1146630.0,12408724.0
2019-11-04,10.97,11.17,10.75,10.78,1351730.0,14635592.0
2019-11-05,10.73,10.86,10.61,10.76,931987.0,10006342.0
2019-11-06,10.78,10.79,10.54,10.58,942500.0,10039592.0
2019-11-07,10.53,10.76,10.53,10.74,880787.0,9429762.0
2019-11-08,10.77,10.93,10.66,10.71,995307.0,10759705.0
2019-11-11,10.56,10.59,10.13,10.22,1691389.0,17412030.0
2019-11-12,10.28,10.89,10.25,10.71,2012059.0,21285306.0
2019-11-13,10.71,10.77,10.52,10.73,958500.0,10232512.0
2019-11-14,10.73,10.92,10.62,10.68,750200.0,8041291.0
2019-11-15,10.8,10.8,10.56,10.56,862035.0,9166961.0
2019-11-18,10.55,10.79,10.53,10.72,827094.0,8827837.0
2019-11-19,10.68,10.84,10.63,10.81,737750.0,7943390.5
2019-11-20,10.81,10.96,10.66,10.74,613800.0,6626118.0
2019-11-21,10.69,10.73,10.47,10.61,859701.0,9097874.0
2019-11-22,10.66,10.72,10.33,10.41,1151309.0,12084146.0
2019-11-25,10.38,10.5,10.22,10.26,895508.0,9209386.0
2019-11-26,10.29,10.36,10.2,10.21,563950.0,5789326.0
2019-11-27,10.21,10.34,10.18,10.24,474500.0,4869420.0
2019-11-28,10.16,10.25,10.15,10.19,608044.0,6192090.5
2019-11-29,10.22,10.27,10.05,10.23,1037015.0,10544691.0
2019-12-02,10.14,10.33,10.14,10.24,648000.0,6646092.0
2019-12-03,10.23,10.39,10.16,10.33,683700.0,7037734.0
2019-12-04,10.25,10.39,10.25,10.33,591550.0,6100846.0
2019-12-05,10.33,10.38,10.25,10.38,913280.0,9449217.0
2019-12-06,10.38,10.4,10.27,10.36,913839.0,9451325.0
2019-12-09,10.38,10.51,10.3,10.3,839826.0,8707461.0
2019-12-10,10.31,10.4,10.25,10.35,798410.0,8236435.0
2019-12-11,10.35,10.6,10.3,10.47,1471100.0,15331069.0
2019-12-12,10.4,10.47,10.26,10.28,1203161.0,12433020.0
2019-12-13,10.37,10.42,10.29,10.38,984896.0,10195617.0
2019-12-16,10.4,10.6,10.35,10.58,1664516.0,17507452.0
2019-12-17,10.58,10.85,10.56,10.72,1655339.0,17700428.0
2019-12-18,10.72,10.85,10.65,10.72,1566163.0,16852010.0
2019-12-19,10.72,10.94,10.7,10.94,1508827.0,16384743.0
2019-12-20,10.93,10.97,10.74,10.78,1225039.0,13274016.0
2019-12-23,10.92,10.92,10.48,10.5,941638.0,10006658.0
2019-12-24,10.6,10.65,10.41,10.65,995763.0,10514798.0
2019-12-25,10.7,10.78,10.56,10.67,850889.0,9088858.0
2019-12-26,10.79,10.79,10.63,10.72,600584.0,6428438.5
2019-12-27,10.76,10.95,10.71,10.71,1378200.0,14922731.0
2019-12-30,10.5,10.71,10.45,10.64,934000.0,9905684.0
2019-12-31,10.64,10.76,10.58,10.67,751104.0,8005758.5
2020-01-02,10.71,10.95,10.71,10.88,1443900.0,15689408.0
2020-01-03,10.95,11.31,10.84,10.99,1831069.0,20267600.0
2020-01-06,10.95,11.12,10.82,11.02,1412878.0,15536933.0
2020-01-07,11.02,11.17,11.0,11.11,1465279.0,16232176.0
2020-01-08,11.08,11.08,10.76,10.79,1592380.0,17379208.0
2020-01-09,10.82,11.12,10.82,10.98,1287467.0,14147583.0
2020-01-10,11.07,11.19,10.8,10.95,1397270.0,15331003.0
2020-01-13,10.95,11.03,10.83,10.97,1071001.0,11717069.0
2020-01-14,10.97,11.08,10.88,10.95,1268601.0,13906835.0
2020-01-15,10.95,11.0,10.72,10.78,1319112.0,14253454.0
2020-01-16,10.85,10.88,10.56,10.56,1155247.0,12316420.0
2020-01-17,10.56,10.67,10.47,10.58,1013006.0,10712367.0
2020-01-20,10.56,10.81,10.4,10.77,1228355.0,13066825.0
2020-01-21,10.77,10.84,10.5,10.56,822421.0,8733064.0
2020-01-22,10.48,10.64,10.35,10.54,1012608.0,10601631.0
2020-01-23,10.5,10.76,10.06,10.22,1996409.0,20715644.0
2020-02-03,9.2,9.2,9.2,9.2,264800.0,2436160.0
2020-02-04,8.3,8.79,8.3,8.63,2917261.0,25062708.0
2020-02-05,8.86,9.24,8.69,9.21,2776544.0,24851222.0
2020-02-06,9.22,9.35,9.01,9.2,1997502.0,18354618.0
2020-02-07,9.16,9.56,9.12,9.51,1912132.0,17812046.0
2020-02-10,10.46,10.46,10.46,10.46,454779.0,4756988.5
2020-02-11,11.51,11.51,11.51,11.51,660460.0,7601894.5
2020-02-12,12.66,12.66,11.0,11.46,11712372.0,138769008.0
2020-02-13,11.41,11.49,10.5,10.69,9450574.0,102839896.0
2020-02-14,10.22,10.45,10.05,10.08,5514743.0,56268812.0
2020-02-17,10.07,10.3,9.98,10.26,3831380.0,39066436.0
2020-02-18,10.3,10.3,9.94,10.21,4124771.0,41679724.0
2020-02-19,10.2,10.2,10.06,10.06,2600473.0,26283052.0
2020-02-20,9.99,10.17,9.91,10.14,2928100.0,29432954.0
2020-02-21,10.14,10.42,10.05,10.37,3837209.0,39331064.0
2020-02-24,10.34,10.36,10.08,10.35,3494273.0,35731940.0
2020-02-25,10.1,10.23,9.91,10.14,3246959.0,32774460.0
2020-02-26,10.14,11.1,10.06,10.81,7767142.0,83074832.0
2020-02-27,10.97,10.97,10.32,10.34,4223341.0,44381816.0
2020-02-28,10.08,10.08,9.7,9.7,4091260.0,40340572.0
2020-03-02,9.65,10.15,9.65,9.99,1819513.0,18108550.0
2020-03-03,10.03,10.32,10.01,10.32,2484855.0,25324508.0
2020-03-04,10.2,10.38,10.08,10.36,2363856.0,24160118.0
2020-03-05,10.38,10.48,10.3,10.44,2371765.0,24675170.0
2020-03-06,10.2,10.35,10.18,10.22,1818700.0,18624104.0
2020-03-09,10.1,10.19,9.9,9.95,1953033.0,19605098.0
2020-03-10,9.75,10.14,9.67,10.12,1959634.0,19430128.0
2020-03-11,10.17,10.25,10.0,10.04,1206200.0,12205402.0
2020-03-12,10.0,10.0,9.71,9.86,1499301.0,14747324.0
2020-03-13,9.5,9.8,9.26,9.75,1811820.0,17363942.0
2020-03-16,9.85,9.92,9.44,9.45,1396368.0,13534540.0
2020-03-17,9.69,9.69,9.03,9.3,1403901.0,12998986.0
2020-03-18,9.32,9.61,9.18,9.18,1405908.0,13174300.0
2020-03-19,9.2,9.34,9.11,9.27,1265500.0,11648892.0
2020-03-20,9.31,9.43,9.26,9.39,1050944.0,9814790.0
2020-03-23,9.2,9.26,8.98,9.03,1144105.0,10433638.0
2020-03-24,9.03,9.22,9.02,9.19,999900.0,9134713.0
2020-03-25,9.3,9.5,9.24,9.47,1288501.0,12097112.0
2020-03-26,9.39,9.62,9.31,9.43,1064003.0,10079267.0
2020-03-27,9.52,9.52,9.29,9.33,768901.0,7226961.5
2020-03-30,9.2,9.22,9.0,9.15,933401.0,8468025.0
2020-03-31,9.26,9.3,9.03,9.07,611600.0,5587330.0
2020-04-01,9.07,9.22,9.05,9.05,749921.0,6830685.0
2020-04-02,9.07,9.19,8.95,9.16,1185667.0,10758716.0
2020-04-03,9.16,10.08,9.13,9.95,3819700.0,36996048.0
2020-04-07,9.7,9.9,9.62,9.82,3835531.0,37438732.0
2020-04-08,9.78,9.78,9.54,9.54,2311206.0,22177734.0
2020-04-09,9.54,9.79,9.52,9.59,2031628.0,19627336.0
2020-04-10,9.56,9.56,9.32,9.38,1528976.0,14411487.0
2020-04-13,9.38,9.38,9.22,9.25,766919.0,7106820.5
2020-04-14,9.25,9.45,9.25,9.42,844725.0,7908264.0
2020-04-15,9.49,9.49,9.21,9.24,1044875.0,9713218.0
2020-04-16,9.15,9.3,9.15,9.25,826300.0,7619915.0
2020-04-17,9.25,9.35,9.25,9.27,1025700.0,9527898.0
2020-04-20,9.22,9.39,9.16,9.34,796175.0,7405579.5
2020-04-21,9.21,9.32,9.14,9.26,1009204.0,9293861.0
2020-04-22,9.26,9.58,9.22,9.5,2160588.0,20470550.0
2020-04-23,9.41,9.55,9.37,9.37,1229801.0,11594752.0
2020-04-24,9.32,9.44,9.24,9.25,867500.0,8077362.0
2020-04-27,9.26,9.45,9.16,9.3,927700.0,8650650.0
2020-04-28,9.3,9.35,8.68,8.97,1616680.0,14536695.0
2020-04-29,9.0,9.13,8.87,8.88,772800.0,6932243.0
2020-04-30,8.88,9.06,8.88,9.04,766400.0,6895006.0
2020-05-06,9.01,9.11,8.86,9.08,612105.0,5513943.0
2020-05-07,9.17,9.17,8.95,9.01,955770.0,8656611.0
2020-05-08,9.09,9.12,9.03,9.11,916500.0,8326931.0
2020-05-11,9.1,9.28,9.09,9.13,873319.0,7972727.5
2020-05-12,9.1,9.13,8.91,8.98,916719.0,8234278.0
2020-05-13,8.98,9.04,8.91,9.03,465097.0,4179291.0
2020-05-14,9.0,9.01,8.91,8.93,523900.0,4694784.0
2020-05-15,9.08,9.29,9.02,9.06,1294437.0,11837127.0
2020-05-18,8.96,9.13,8.95,8.97,787637.0,7099179.0
2020-05-19,9.04,9.06,8.97,9.0,595574.0,5362387.5
2020-05-20,8.99,9.0,8.85,8.9,634901.0,5649895.0
2020-05-21,8.9,8.98,8.82,8.83,570021.0,5073132.5
2020-05-22,8.81,8.88,8.64,8.71,601900.0,5259345.0
2020-05-25,8.71,8.89,8.71,8.84,456300.0,4008802.5
2020-05-26,8.81,9.07,8.79,9.03,1018908.0,9156958.0
2020-05-27,8.96,9.87,8.96,9.5,2837801.0,26408170.0
2020-05-28,9.49,9.76,9.15,9.63,4342081.0,41254956.0
2020-05-29,9.47,9.85,9.45,9.72,4487820.0,43393396.0
2020-06-01,9.72,10.18,9.6,9.97,5300331.0,52357924.0
2020-06-02,9.95,9.98,9.53,9.64,4089776.0,40107120.0
2020-06-03,9.68,9.68,9.43,9.61,2443808.0,23300440.0
2020-06-04,9.61,9.67,9.5,9.54,1420100.0,13581320.0
2020-06-05,9.62,9.62,9.45,9.47,948909.0,9008410.0
2020-06-08,9.44,9.59,9.41,9.43,802801.0,7597277.5
2020-06-09,9.41,9.48,9.36,9.44,745176.0,7019572.0
2020-06-10,9.5,9.65,9.45,9.56,1488300.0,14230151.0
2020-06-11,9.51,9.57,9.29,9.36,917001.0,8649185.0
2020-06-12,9.21,9.45,9.17,9.4,941974.0,8765840.0
2020-06-15,9.4,9.66,9.33,9.42,1024837.0,9723740.0
2020-06-16,9.42,9.75,9.42,9.62,1446837.0,13853117.0
2020-06-17,9.62,9.75,9.41,9.64,1888400.0,18121576.0
2020-06-18,9.63,10.1,9.58,9.82,2829724.0,27929948.0
2020-06-19,9.71,9.89,9.66,9.77,1535515.0,14993720.0
2020-06-22,9.73,9.92,9.6,9.61,1569600.0,15263110.0
2020-06-23,9.63,9.69,9.52,9.64,1130200.0,10873299.0
2020-06-24,9.64,9.69,9.45,9.48,1036600.0,9869529.0
2020-06-29,9.5,10.43,9.39,10.43,4929933.0,49672204.0
2020-06-30,11.0,11.47,10.62,11.47,12766766.0,142152960.0
2020-07-01,11.06,12.51,10.94,11.75,15225122.0,176468880.0
2020-07-02,11.4,11.94,11.15,11.52,10111749.0,116055640.0
2020-07-03,11.23,12.01,11.19,11.85,9675473.0,113224272.0
2020-07-06,11.7,12.3,11.65,12.25,9598877.0,115690680.0
2020-07-07,12.4,13.19,11.91,12.6,10535060.0,131047624.0
2020-07-08,12.58,13.44,12.4,13.14,8277224.0,108154224.0
2020-07-09,13.0,13.76,12.84,13.33,8024777.0,105953408.0
2020-07-10,13.17,14.56,13.12,14.41,11472920.0,161422480.0
2020-07-13,14.1,14.5,13.75,14.33,11273447.0,159573040.0
2020-07-14,14.01,14.31,12.98,13.25,8649951.0,117420840.0
2020-07-15,13.3,13.35,12.31,12.39,6911959.0,87476256.0
2020-07-16,12.39,12.67,12.05,12.08,4500607.0,55835796.0
2020-07-17,12.3,12.49,11.75,11.95,4424688.0,53246580.0
2020-07-20,12.04,12.82,11.98,12.67,4521631.0,56014432.0
2020-07-21,12.65,13.38,12.41,13.15,5805719.0,74605080.0
2020-07-22,12.95,13.35,12.68,12.8,5216839.0,67507240.0
2020-07-23,12.64,12.82,12.25,12.45,3392943.0,42488072.0
2020-07-24,12.48,13.28,12.33,12.72,5998602.0,76733344.0
2020-07-27,12.57,12.57,11.5,12.08,3899355.0,46886224.0
2020-07-28,12.1,12.44,11.96,12.18,2655299.0,32478802.0
2020-07-29,12.2,12.99,12.18,12.99,4722601.0,59888652.0
2020-07-30,12.99,13.36,12.84,12.93,4920998.0,64446896.0
2020-07-31,12.93,13.3,12.84,13.19,4169231.0,54799148.0
2020-08-03,13.49,14.03,13.16,13.84,6490680.0,88567624.0
2020-08-04,13.75,14.21,13.32,13.4,5888054.0,80098080.0
2020-08-05,13.58,13.69,13.0,13.47,4080275.0,54711496.0
2020-08-06,13.6,13.86,13.15,13.5,3939100.0,53071404.0
2020-08-07,13.49,13.65,13.03,13.17,3439200.0,45559412.0
2020-08-10,13.01,13.32,12.98,13.11,2617201.0,34372952.0
2020-08-11,13.04,13.11,12.0,12.36,4272264.0,53958780.0
2020-08-12,12.35,12.39,11.68,12.04,2967000.0,35509608.0
2020-08-13,12.04,12.25,11.95,12.0,1965000.0,23760036.0
2020-08-14,12.11,12.32,11.94,12.14,2170273.0,26260704.0
2020-08-17,12.11,12.56,12.05,12.5,2774374.0,34285056.0
2020-08-18,12.51,12.78,12.34,12.5,3011700.0,37646416.0
2020-08-19,12.5,12.63,12.18,12.19,2230202.0,27507564.0
2020-08-20,12.1,12.35,11.66,12.04,1695500.0,20522074.0
2020-08-21,12.05,12.39,11.83,11.9,2289837.0,27578202.0
2020-08-24,11.96,12.23,11.68,12.09,2574574.0,30545898.0
2020-08-25,12.13,12.47,11.95,12.22,2972337.0,36328872.0
2020-08-26,12.24,12.59,12.02,12.02,3331337.0,41022160.0
2020-08-27,12.06,12.33,11.88,12.26,2118036.0,25682756.0
2020-08-28,12.26,12.36,12.03,12.27,1545400.0,18882962.0
2020-08-31,12.3,12.55,12.28,12.28,2404500.0,29769254.0
2020-09-01,12.29,12.48,12.05,12.34,2276301.0,27896458.0
2020-09-02,12.18,12.38,12.09,12.19,1303600.0,15942419.0
2020-09-03,12.19,12.2,12.0,12.06,1537901.0,18588572.0
2020-09-04,11.86,12.1,11.6,12.07,1428900.0,17037408.0
2020-09-07,12.13,12.28,11.94,11.94,1695200.0,20554088.0
2020-09-08,11.97,12.1,11.8,12.08,1546800.0,18508200.0
2020-09-09,12.0,12.0,11.58,11.65,1697500.0,19970278.0
2020-09-10,11.69,11.82,11.06,11.07,1990200.0,22530144.0
2020-09-11,11.01,11.95,10.66,11.79,3411600.0,39351952.0
2020-09-14,11.79,12.85,11.78,12.73,5393800.0,67298248.0
2020-09-15,12.74,13.33,12.35,12.55,2953701.0,37216284.0
2020-09-16,12.71,12.93,12.31,12.69,2685100.0,34115436.0
2020-09-17,12.88,12.88,12.51,12.69,1604069.0,20355466.0
2020-09-18,12.67,13.39,12.55,13.07,3644170.0,47830072.0
2020-09-21,13.0,13.35,12.91,13.11,2816000.0,36927156.0
2020-09-22,13.11,13.15,12.8,12.9,2106500.0,27286348.0
2020-09-23,13.18,13.18,12.97,13.0,1285010.0,16777788.0
2020-09-24,12.9,12.96,12.5,12.5,1818210.0,23014802.0
2020-09-25,12.76,12.76,12.03,12.3,1254000.0,15555066.0
2020-09-28,12.4,12.41,11.98,11.99,1508700.0,18364672.0
2020-09-29,12.25,12.3,11.74,11.88,1559601.0,18552354.0
2020-09-30,11.89,12.65,11.76,12.14,2346900.0,28682612.0
2020-10-09,12.5,12.5,12.13,12.37,1625800.0,20090144.0
2020-10-12,12.95,12.95,12.23,12.47,4190857.0,52173972.0
2020-10-13,12.47,12.89,12.4,12.76,3609711.0,45717028.0
2020-10-14,12.78,12.8,11.72,11.8,5075324.0,61683492.0
2020-10-15,11.82,12.05,11.35,11.39,3994016.0,46046948.0
2020-10-16,11.45,11.47,11.17,11.34,1923600.0,21744700.0
2020-10-19,11.42,11.53,11.18,11.24,1463900.0,16604959.0
2020-10-20,11.22,11.33,11.13,11.3,1302901.0,14641312.0
2020-10-21,11.33,11.33,10.96,11.07,1747807.0,19355838.0
2020-10-22,11.11,11.11,10.82,10.95,1407307.0,15375377.0
2020-10-23,10.95,11.08,10.71,10.73,1349635.0,14675289.0
2020-10-26,10.77,10.86,10.48,10.79,1308100.0,14018125.0
2020-10-27,10.79,10.83,10.64,10.7,970400.0,10402005.0
2020-10-28,10.74,10.75,10.43,10.68,1084501.0,11480288.0
2020-10-29,10.57,10.7,10.51,10.55,758500.0,8041009.0
2020-10-30,10.57,10.62,9.98,10.05,1673200.0,17205362.0
2020-11-02,10.1,10.31,9.97,10.23,1252200.0,12722308.0
2020-11-03,10.39,10.5,10.25,10.29,1135420.0,11766715.0
2020-11-04,10.33,10.49,10.11,10.16,1210000.0,12449877.0
2020-11-05,10.28,10.43,10.19,10.4,1332021.0,13745501.0
2020-11-06,10.39,10.39,10.12,10.23,1332900.0,13629117.0
2020-11-09,10.25,10.6,10.23,10.55,1581860.0,16597317.0
2020-11-10,10.6,10.63,10.32,10.4,1287502.0,13451427.0
2020-11-11,10.55,10.55,10.15,10.21,1170086.0,12024356.0
2020-11-12,10.2,10.3,10.16,10.24,689402.0,7045010.5
2020-11-13,10.24,10.25,10.05,10.12,1056700.0,10714681.0
2020-11-16,10.16,10.2,10.02,10.17,894900.0,9048390.0
2020-11-17,10.2,10.22,10.06,10.1,1075960.0,10894595.0
2020-11-18,10.1,10.36,10.09,10.33,1158900.0,11883174.0
2020-11-19,10.33,10.49,10.08,10.21,2464429.0,25213946.0
2020-11-20,10.29,10.29,10.02,10.1,2003400.0,20288540.0
2020-11-23,10.16,10.22,10.02,10.11,1094800.0,11070023.0
2020-11-24,10.1,10.17,10.05,10.07,797100.0,8056244.0
2020-11-25,10.07,10.25,10.06,10.08,959921.0,9711812.0
2020-11-26,10.05,10.12,9.98,9.99,941805.0,9452586.0
2020-11-27,9.99,10.01,9.85,9.94,1041105.0,10315470.0
2020-11-30,9.95,10.15,9.94,10.0,1091200.0,10970382.0
2020-12-01,9.98,10.22,9.94,10.19,1276985.0,12915515.0
2020-12-02,10.21,10.48,10.08,10.36,1874706.0,19284070.0
2020-12-03,10.35,10.49,10.26,10.36,1474637.0,15268688.0
2020-12-04,10.33,10.55,10.27,10.44,1528103.0,15960705.0
2020-12-07,11.25,11.25,10.26,10.3,3335966.0,35568472.0
2020-12-08,10.1,10.54,10.03,10.1,1613873.0,16395546.0
2020-12-09,10.2,10.2,10.0,10.0,900900.0,9059776.0
2020-12-10,9.95,10.06,9.91,9.96,606072.0,6047508.5
2020-12-11,10.06,10.06,9.72,9.8,1010023.0,9944695.0
2020-12-14,9.78,9.88,9.68,9.72,883151.0,8615933.0
2020-12-15,9.73,9.75,9.5,9.52,943600.0,9026662.0
2020-12-16,9.53,9.58,9.28,9.3,972000.0,9093795.0
2020-12-17,9.26,9.46,9.0,9.44,1155197.0,10652705.0
2020-12-18,9.43,9.65,9.3,9.49,1172005.0,11085691.0
2020-12-21,9.49,9.8,9.37,9.65,1169301.0,11267269.0
2020-12-22,9.52,9.76,9.52,9.65,1096405.0,10586935.0
2020-12-23,9.72,9.72,9.53,9.54,770500.0,7383440.0
2020-12-24,9.6,9.61,9.26,9.3,883750.0,8267848.5
2020-12-25,9.21,9.74,9.14,9.64,2151406.0,20413258.0
2020-12-28,9.59,9.99,9.26,9.91,2919001.0,27946214.0
2020-12-29,9.8,10.26,9.71,10.13,2671217.0,26665186.0
2020-12-30,10.28,10.28,9.79,10.24,1509301.0,15089760.0
2020-12-31,10.0,10.24,9.81,9.99,2416439.0,24093144.0
2021-01-04,9.99,10.38,9.78,10.38,2884200.0,29259398.0
2021-01-05,10.29,10.38,9.79,9.88,4646500.0,46483416.0
2021-01-06,9.8,9.8,9.3,9.34,1975981.0,18613950.0
2021-01-07,9.33,9.34,8.94,9.05,1942244.0,17623644.0
2021-01-08,9.23,9.23,9.0,9.03,941057.0,8546847.0
2021-01-11,9.04,9.11,8.85,8.85,923000.0,8257801.0
2021-01-12,8.83,8.99,8.83,8.98,456059.0,4068423.75
2021-01-13,8.98,9.18,8.75,8.78,762000.0,6746249.0
2021-01-14,8.75,8.83,8.56,8.7,1409616.0,12207625.0
2021-01-15,8.69,9.08,8.69,8.96,1012071.0,9002651.0
2021-01-18,9.6,9.86,8.95,9.86,4493341.0,42879404.0
2021-01-19,10.2,10.85,10.15,10.85,6046227.0,65018996.0
2021-01-20,11.92,11.94,11.9,11.94,4132574.0,49300120.0
2021-01-21,13.13,13.13,11.66,12.33,20129240.0,251318528.0
2021-01-22,13.56,13.56,11.26,11.35,20601496.0,266354224.0
2021-01-25,10.22,10.22,10.22,10.22,1579300.0,16140446.0
2021-01-26,9.2,9.3,9.2,9.2,5038301.0,46359988.0
2021-01-27,8.6,9.14,8.32,8.55,12028220.0,103292928.0
2021-01-28,8.42,8.94,8.37,8.77,7190659.0,61723092.0
2021-01-29,8.72,8.72,8.4,8.4,4262183.0,36112948.0
2021-02-01,8.19,8.33,8.03,8.23,2971720.0,24403612.0
2021-02-02,8.31,8.4,8.15,8.23,2084390.0,17263130.0
2021-02-03,8.23,8.33,8.17,8.23,1835200.0,15113455.0
2021-02-04,8.18,8.22,7.9,8.08,2040502.0,16473085.0
2021-02-05,7.98,8.12,7.9,7.96,1390100.0,11092587.0
2021-02-08,7.99,8.38,7.99,8.31,2278713.0,18642500.0
2021-02-09,8.3,8.35,8.15,8.31,1616800.0,13378296.0
2021-02-10,8.3,8.44,8.3,8.39,1244913.0,10434864.0
2021-02-18,8.43,8.63,8.39,8.57,1880769.0,16036656.0
2021-02-19,8.57,8.79,8.46,8.76,2033269.0,17553520.0
2021-02-22,8.84,9.1,8.72,8.77,2790201.0,24779342.0
2021-02-23,8.75,8.9,8.7,8.8,1667002.0,14660694.0
2021-02-24,8.75,8.97,8.68,8.77,1589800.0,13983721.0
2021-02-25,8.8,9.03,8.69,8.9,2490000.0,22068484.0
2021-02-26,8.77,8.9,8.6,8.71,1869536.0,16348258.0
2021-03-01,8.73,8.96,8.73,8.92,1492258.0,13215173.0
2021-03-02,8.95,9.0,8.78,8.8,1329000.0,11759873.0
2021-03-03,8.82,8.88,8.75,8.88,1077099.0,9519252.0
2021-03-04,8.87,8.94,8.76,8.76,1355200.0,11992019.0
2021-03-05,8.75,8.92,8.67,8.9,1277500.0,11280789.0
2021-03-08,8.9,9.1,8.75,8.8,2157042.0,19208718.0
2021-03-09,8.8,8.85,8.38,8.45,2317120.0,19939182.0
2021-03-10,8.47,8.58,8.32,8.36,1084501.0,9109315.0
2021-03-11,8.4,8.8,8.33,8.69,1613315.0,13851008.0
2021-03-12,8.69,8.72,8.56,8.6,1028500.0,8866498.0
2021-03-15,8.56,8.78,8.47,8.74,1509023.0,13117706.0
2021-03-16,8.77,8.9,8.7,8.87,1551223.0,13674157.0
2021-03-17,8.83,9.5,8.75,9.15,4535736.0,41417876.0
2021-03-18,9.06,9.15,8.9,8.94,2585400.0,23215662.0
2021-03-19,8.87,8.99,8.8,8.86,1482716.0,13186331.0
2021-03-22,8.8,8.91,8.75,8.87,1228341.0,10877029.0
2021-03-23,8.85,9.4,8.83,9.1,3474700.0,31766804.0
2021-03-24,8.98,9.16,8.92,9.06,2049620.0,18571130.0
2021-03-25,8.94,9.11,8.94,8.98,1419400.0,12785578.0
2021-03-26,8.94,9.05,8.9,9.04,996623.0,8971608.0
2021-03-29,9.04,9.13,8.95,8.96,884500.0,7978348.0
2021-03-30,8.99,9.28,8.87,9.23,2749645.0,25178650.0
2021-03-31,9.19,9.46,9.12,9.4,2684175.0,25001744.0
2021-04-01,9.3,9.4,9.16,9.2,1640810.0,15156252.0
2021-04-02,9.2,9.24,9.12,9.16,964420.0,8848577.0
2021-04-06,9.17,9.44,9.08,9.38,1838475.0,17060322.0
2021-04-07,9.32,9.47,9.25,9.38,1289320.0,12047083.0
2021-04-08,9.32,9.6,9.23,9.26,1680900.0,15755537.0
2021-04-09,9.23,9.3,9.17,9.25,901100.0,8309447.0
2021-04-12,9.23,9.24,8.98,9.03,1197500.0,10891059.0
2021-04-13,9.02,9.18,8.95,9.09,782600.0,7100696.0
2021-04-14,9.2,9.2,9.01,9.08,613700.0,5584901.0
2021-04-15,9.15,9.15,9.08,9.12,710100.0,6470601.0
2021-04-16,9.09,9.29,9.09,9.28,1254900.0,11564945.0
2021-04-19,9.3,9.48,9.3,9.37,1673300.0,15732430.0
2021-04-20,9.33,9.48,9.28,9.38,1156000.0,10851820.0
2021-04-21,9.3,9.45,9.29,9.36,982800.0,9234201.0
2021-04-22,9.37,9.47,9.31,9.38,960100.0,9022398.0
2021-04-23,9.45,9.45,9.13,9.26,1322073.0,12215640.0
2021-04-26,9.25,9.3,9.17,9.17,818501.0,7551893.0
2021-04-27,9.18,9.29,9.1,9.28,1307900.0,12008748.0
2021-04-28,9.37,9.37,9.05,9.09,1081501.0,9885990.0
2021-04-29,9.1,9.22,9.05,9.15,885533.0,8114254.5
2021-04-30,9.22,9.22,8.95,8.97,1047750.0,9472777.0
2021-05-06,9.06,9.16,8.92,9.0,713300.0,6444775.0
2021-05-07,9.02,9.08,8.91,8.98,702111.0,6301866.5
2021-05-10,8.94,9.18,8.74,9.04,1122678.0,10087310.0
2021-05-11,9.03,9.1,8.97,9.09,474100.0,4294264.0
2021-05-12,9.1,9.15,9.03,9.12,641400.0,5834795.0
2021-05-13,9.12,9.18,8.96,9.11,558401.0,5087634.0
2021-05-14,9.11,9.15,9.03,9.12,691500.0,6301979.0
2021-05-17,9.08,9.12,9.03,9.04,653100.0,5921788.0
2021-05-18,9.07,9.14,8.96,9.07,453800.0,4100529.0
2021-05-19,9.06,9.12,8.98,9.0,686300.0,6191269.0
2021-05-20,8.95,8.99,8.82,8.89,640622.0,5692741.5
2021-05-21,8.98,8.99,8.85,8.89,524150.0,4668939.0
2021-05-24,8.85,9.0,8.8,8.93,518650.0,4635185.5
2021-05-25,8.98,9.14,8.93,9.11,1171723.0,10626708.0
2021-05-26,9.11,9.15,9.04,9.1,532632.0,4841359.5
2021-05-27,9.08,9.18,9.04,9.12,823434.0,7530563.5
2021-05-28,9.12,9.18,9.04,9.07,623500.0,5673834.0
2021-05-31,9.04,9.12,9.02,9.11,471901.0,4290202.0
2021-06-01,9.2,9.21,9.05,9.18,900112.0,8238825.5
2021-06-02,9.17,9.79,9.08,9.45,3855676.0,36673812.0
2021-06-03,9.5,9.65,9.3,9.34,1643451.0,15459298.0
2021-06-04,9.25,9.36,9.19,9.26,841100.0,7795524.0
2021-06-07,9.27,9.65,9.27,9.52,1425410.0,13562505.0
2021-06-08,9.44,9.57,9.42,9.44,995000.0,9442245.0
2021-06-09,9.42,9.5,9.36,9.47,631400.0,5971690.0
2021-06-10,9.49,9.49,9.36,9.41,638900.0,6011954.0
2021-06-11,9.36,9.46,9.27,9.3,623000.0,5820959.0
2021-06-15,9.31,9.74,9.23,9.63,2073920.0,19796854.0
2021-06-16,9.63,9.63,9.4,9.45,1050751.0,9973989.0
2021-06-17,9.45,9.47,9.27,9.46,1015311.0,9512772.0
2021-06-18,9.45,9.68,9.36,9.58,1320115.0,12610089.0
2021-06-21,9.58,10.33,9.58,10.04,4150336.0,41854740.0
2021-06-22,10.04,10.19,9.88,9.94,2155705.0,21576508.0
2021-06-23,9.94,10.14,9.91,10.02,1474852.0,14769490.0
2021-06-24,10.02,10.21,9.92,10.15,1607454.0,16198865.0
2021-06-25,10.15,10.15,9.76,9.91,2176800.0,21564216.0
2021-06-28,9.86,9.97,9.74,9.82,1171773.0,11523299.0
2021-06-29,9.89,9.97,9.63,9.69,911632.0,8929698.0
2021-06-30,9.71,9.88,9.7,9.81,960233.0,9410014.0
2021-07-01,9.82,9.97,9.46,9.46,1169787.0,11320657.0
2021-07-02,9.41,9.74,9.33,9.6,1211351.0,11623099.0
2021-07-05,9.6,9.81,9.6,9.76,881400.0,8574712.0
2021-07-06,9.84,9.95,9.67,9.8,1064500.0,10461914.0
2021-07-07,9.8,9.87,9.71,9.78,642411.0,6293858.5
2021-07-08,9.72,9.82,9.63,9.75,872400.0,8479538.0
2021-07-09,9.74,9.74,9.48,9.64,966711.0,9288016.0
2021-07-12,9.59,9.84,9.53,9.79,1437201.0,13904274.0
2021-07-13,9.8,9.81,9.63,9.79,653001.0,6353905.0
2021-07-14,9.79,10.0,9.48,9.99,2340661.0,22618568.0
2021-07-15,9.85,10.03,9.34,9.8,5043950.0,48613388.0
2021-07-16,9.6,9.74,9.38,9.69,2810699.0,26668290.0
2021-07-19,9.52,10.66,9.42,10.57,7084156.0,72058032.0
2021-07-20,10.39,10.88,10.1,10.44,8291616.0,87233752.0
2021-07-21,10.44,10.8,10.23,10.28,4179262.0,43422004.0
2021-07-22,10.35,10.35,10.06,10.06,2740600.0,27700836.0
2021-07-23,10.0,10.17,9.98,10.05,1581800.0,15906570.0
2021-07-26,10.1,10.1,9.63,9.84,1559715.0,15354016.0
2021-07-27,9.76,9.93,9.59,9.62,1120000.0,10937311.0
2021-07-28,9.55,9.69,9.21,9.38,1475401.0,13852902.0
2021-07-29,9.37,9.55,9.36,9.47,878101.0,8309963.5
2021-07-30,9.49,9.69,9.41,9.6,811300.0,7735171.0
2021-08-02,9.55,9.67,9.38,9.67,953625.0,9115157.0
2021-08-03,9.63,9.76,9.56,9.66,944000.0,9140299.0
2021-08-04,9.6,9.72,9.59,9.68,1001071.0,9675156.0
2021-08-05,9.68,9.68,9.4,9.46,1153900.0,10973525.0
2021-08-06,9.31,9.52,9.31,9.46,728100.0,6833062.0
2021-08-09,9.43,9.55,9.33,9.52,704829.0,6664262.0
2021-08-10,9.52,9.61,9.48,9.57,580001.0,5541391.5
2021-08-11,9.56,9.68,9.53,9.65,1025837.0,9870372.0
2021-08-12,9.66,9.68,9.59,9.66,671905.0,6474440.0
2021-08-13,9.66,9.66,9.48,9.62,1107400.0,10612345.0
2021-08-16,9.54,9.74,9.54,9.6,736700.0,7108756.0
2021-08-17,9.6,9.6,9.31,9.34,1141100.0,10775025.0
2021-08-18,9.34,9.45,9.32,9.43,427601.0,4018182.25
2021-08-19,9.39,9.47,9.28,9.32,761105.0,7106860.5
2021-08-20,9.3,9.32,9.09,9.17,894500.0,8176940.0
2021-08-23,9.35,9.42,9.26,9.4,898728.0,8420602.0
2021-08-24,9.35,9.47,9.28,9.36,691850.0,6465471.0
2021-08-25,9.31,9.39,9.27,9.34,641206.0,5985361.0
2021-08-26,9.33,9.38,9.21,9.22,758932.0,7030262.5
2021-08-27,9.2,9.21,9.13,9.15,819058.0,7498748.5
2021-08-30,9.15,9.18,9.01,9.03,1102700.0,10017045.0
2021-08-31,9.03,9.16,8.93,9.02,671700.0,6073583.0
2021-09-01,9.08,9.19,8.99,9.18,1030100.0,9383179.0
2021-09-02,9.18,9.21,9.1,9.19,651100.0,5962170.0
2021-09-03,9.19,9.28,9.14,9.23,633802.0,5851203.5
2021-09-06,9.23,9.3,9.18,9.27,553500.0,5119125.0
2021-09-07,9.27,9.39,9.26,9.35,1009061.0,9426635.0
2021-09-08,9.3,9.45,9.27,9.41,847690.0,7970130.0
2021-09-09,9.42,9.47,9.34,9.41,824088.0,7735179.5
2021-09-10,9.46,9.46,9.24,9.3,715251.0,6668903.5
2021-09-13,9.3,9.37,9.15,9.19,898465.0,8266308.5
2021-09-14,9.19,9.34,9.15,9.15,732000.0,6761755.0
2021-09-15,9.15,9.29,9.11,9.21,459300.0,4224250.0
2021-09-16,9.15,9.3,9.09,9.09,691600.0,6346422.0
2021-09-17,9.15,9.15,8.88,9.0,935810.0,8406099.0
2021-09-22,9.06,9.06,8.89,9.0,404500.0,3619674.0
2021-09-23,8.95,9.14,8.95,9.06,552554.0,5004718.5
2021-09-24,9.07,9.11,8.97,9.0,528300.0,4760298.0
2021-09-27,9.01,9.01,8.72,8.75,739200.0,6538899.0
2021-09-28,8.84,8.84,8.7,8.74,455200.0,3988380.0
2021-09-29,8.81,8.81,8.6,8.61,347800.0,3017857.0
2021-09-30,8.63,8.89,8.63,8.87,465600.0,4098991.0
2021-10-08,8.94,9.05,8.91,8.98,433200.0,3886589.0
2021-10-11,8.98,9.05,8.9,9.02,354700.0,3189602.0
2021-10-12,9.02,9.05,8.85,8.99,466001.0,4168584.0
2021-10-13,9.04,9.04,8.88,8.98,319467.0,2857614.0
2021-10-14,9.0,9.0,8.89,8.92,412700.0,3687708.0
2021-10-15,8.93,8.94,8.86,8.89,306100.0,2720584.0
2021-10-18,8.77,8.94,8.77,8.9,327100.0,2890794.25
2021-10-19,8.9,9.03,8.84,9.02,377767.0,3387675.75
2021-10-20,9.02,9.02,8.9,8.9,305300.0,2728230.0
2021-10-21,8.85,9.02,8.85,8.88,304301.0,2717126.0
2021-10-22,8.89,8.94,8.82,8.89,313600.0,2783636.0
2021-10-25,8.89,8.9,8.74,8.77,409600.0,3600366.0
2021-10-26,8.87,8.87,8.68,8.7,410601.0,3578371.75
2021-10-27,8.7,8.75,8.53,8.61,438100.0,3769681.0
2021-10-28,8.65,8.65,8.5,8.5,437400.0,3732618.0
2021-10-29,8.55,8.74,8.51,8.72,320211.0,2770981.75
2021-11-01,8.72,8.77,8.65,8.76,293600.0,2562692.0
2021-11-02,8.69,8.79,8.46,8.59,647411.0,5549883.5
2021-11-03,8.6,8.66,8.52,8.58,271200.0,2330547.0
2021-11-04,8.58,8.62,8.52,8.59,393600.0,3370452.0
2021-11-05,8.55,8.63,8.52,8.6,299500.0,2573001.0
2021-11-08,8.64,8.64,8.53,8.59,184000.0,1578103.0
2021-11-09,8.59,8.64,8.56,8.61,309038.0,2658925.0
2021-11-10,8.63,8.88,8.55,8.83,701000.0,6121904.0
2021-11-11,8.85,8.88,8.8,8.81,467411.0,4126602.0
2021-11-12,8.83,8.88,8.75,8.8,290800.0,2556935.0
2021-11-15,8.76,9.06,8.76,9.02,781200.0,6982790.0
2021-11-16,9.0,9.0,8.87,8.89,491900.0,4391111.0
2021-11-17,8.86,8.97,8.86,8.95,335800.0,2995246.0
2021-11-18,8.97,9.05,8.88,8.96,633550.0,5673160.5
2021-11-19,8.92,9.01,8.91,8.97,446107.0,3997090.75
2021-11-22,8.98,8.98,8.85,8.91,497300.0,4422135.0
2021-11-23,8.91,9.0,8.85,8.97,531335.0,4743306.5
2021-11-24,8.91,9.25,8.91,9.05,1002410.0,9098576.0
2021-11-25,9.06,9.16,8.98,9.03,601819.0,5448440.5
2021-11-26,8.98,9.04,8.91,9.0,456000.0,4095152.0
2021-11-29,8.86,9.0,8.78,8.78,674000.0,5965515.0
2021-11-30,8.88,9.11,8.85,8.95,772200.0,6950248.0
2021-12-01,9.03,9.13,8.88,9.09,662300.0,6010136.0
2021-12-02,9.1,9.1,8.93,8.99,492500.0,4436794.0
2021-12-03,8.96,9.1,8.96,9.02,440702.0,3977674.0
2021-12-06,9.0,9.05,8.83,8.84,566100.0,5026937.0
2021-12-07,8.86,8.97,8.71,8.81,563000.0,4935440.0
2021-12-08,8.79,8.88,8.76,8.86,337000.0,2981445.0
2021-12-09,8.86,9.48,8.82,9.24,2331377.0,21480944.0
2021-12-10,9.49,9.49,9.05,9.05,2378181.0,22029658.0
2021-12-13,9.05,9.15,8.94,9.01,1238364.0,11142406.0
2021-12-14,8.95,9.15,8.95,9.1,859864.0,7819960.5
2021-12-15,9.1,9.17,9.03,9.14,798100.0,7279535.0
2021-12-16,9.1,9.18,9.05,9.18,687830.0,6269882.0
2021-12-17,9.15,9.25,9.07,9.24,1232173.0,11303871.0
2021-12-20,9.23,9.28,9.16,9.27,1048400.0,9684070.0
2021-12-21,9.2,9.42,9.2,9.27,981801.0,9102629.0
2021-12-22,9.27,9.46,9.19,9.25,1675755.0,15583814.0
2021-12-23,9.3,9.3,9.08,9.15,793936.0,7266939.0
2021-12-24,9.15,9.19,9.01,9.08,895901.0,8130251.0
2021-12-27,9.08,9.15,9.03,9.09,546064.0,4965684.5
2021-12-28,9.05,9.16,9.03,9.1,422200.0,3832480.0
2021-12-29,9.1,9.19,9.06,9.12,482200.0,4395356.0
2021-12-30,9.12,9.19,9.1,9.14,568300.0,5189798.0
2021-12-31,9.14,9.18,9.11,9.16,510764.0,4673762.5
2022-01-04,9.16,9.33,9.14,9.29,1044359.0,9652047.0
2022-01-05,9.3,9.34,9.21,9.33,1073664.0,9970301.0
2022-01-06,9.3,9.6,9.26,9.51,2023688.0,19103992.0
2022-01-07,9.5,9.5,9.31,9.4,1379100.0,12986515.0
2022-01-10,9.39,9.45,9.26,9.4,902965.0,8483307.0
2022-01-11,9.44,9.46,9.38,9.41,650300.0,6119251.0
2022-01-12,9.46,9.71,9.4,9.69,3041879.0,29100600.0
2022-01-13,9.69,9.8,9.56,9.6,1715600.0,16589631.0
2022-01-14,9.6,9.73,9.52,9.52,1372659.0,13174591.0
2022-01-17,9.47,9.86,9.46,9.69,1284400.0,12444753.0
2022-01-18,9.67,10.18,9.38,9.52,3519465.0,34390780.0
2022-01-19,9.5,9.64,9.35,9.51,1522600.0,14505201.0
2022-01-20,9.55,9.55,9.16,9.29,1140800.0,10634222.0
2022-01-21,9.31,9.45,9.22,9.35,939360.0,8772541.0
2022-01-24,9.28,9.42,9.2,9.26,485900.0,4517261.0
2022-01-25,9.2,9.3,8.8,8.84,970800.0,8732647.0
2022-01-26,8.84,9.12,8.75,9.11,768976.0,6933201.5
2022-01-27,9.15,9.2,8.91,9.06,916800.0,8295963.0
2022-01-28,9.2,9.2,9.03,9.13,520700.0,4747078.0
2022-02-07,9.2,9.43,9.08,9.28,1022660.0,9485574.0
2022-02-08,9.3,9.54,9.25,9.54,1069100.0,10095891.0
2022-02-09,9.49,9.7,9.43,9.69,1783301.0,17052258.0
2022-02-10,9.7,9.82,9.56,9.8,1334800.0,12954749.0
2022-02-11,9.78,9.81,9.65,9.76,1231501.0,11981208.0
2022-02-14,9.72,9.83,9.65,9.75,1065600.0,10387391.0
2022-02-15,9.9,10.0,9.68,9.82,1312961.0,12857931.0
2022-02-16,9.99,10.1,9.71,10.07,3244103.0,32232032.0
2022-02-17,10.03,10.38,9.91,9.98,2083701.0,20977522.0
2022-02-18,10.07,10.98,9.95,10.98,2818003.0,30465410.0
2022-02-21,11.81,12.08,10.6,11.49,17271792.0,198147504.0
2022-02-22,10.99,12.64,10.72,12.17,20874832.0,255356400.0
2022-02-23,11.52,11.94,10.95,11.15,16379119.0,183592224.0
2022-02-24,10.9,10.97,10.04,10.21,12504558.0,130316032.0
2022-02-25,10.17,10.38,9.81,9.9,6715489.0,67108736.0
2022-02-28,9.8,9.81,9.48,9.64,4101712.0,39370864.0
2022-03-01,9.55,9.74,9.55,9.68,2284136.0,22047824.0
2022-03-02,9.61,9.75,9.55,9.72,2237966.0,21672578.0
2022-03-03,9.72,9.73,9.51,9.52,2643508.0,25324728.0
2022-03-04,9.49,9.49,9.3,9.33,2220039.0,20797922.0
2022-03-07,9.3,9.43,9.22,9.3,1577000.0,14713236.0
2022-03-08,9.28,9.4,9.21,9.27,1799700.0,16735402.0
2022-03-09,9.23,9.33,8.42,9.0,2838800.0,25537020.0
2022-03-10,9.18,9.23,9.07,9.11,1401511.0,12817718.0
2022-03-11,9.16,9.18,8.85,9.14,1549100.0,13948019.0
2022-03-14,9.16,9.16,8.88,8.88,1009800.0,9086851.0
2022-03-15,8.88,8.96,8.55,8.55,1407161.0,12335338.0
2022-03-16,8.62,8.95,8.51,8.91,1637279.0,14358698.0
2022-03-17,8.95,9.08,8.78,8.8,1733600.0,15471791.0
2022-03-18,8.8,8.94,8.7,8.9,1053801.0,9341422.0
2022-03-21,8.88,9.05,8.85,9.02,1124300.0,10088897.0
2022-03-22,9.05,9.1,8.92,9.0,1086711.0,9777980.0
2022-03-23,9.0,9.05,8.97,9.02,854017.0,7694452.0
2022-03-24,8.99,9.02,8.8,8.82,1181901.0,10489611.0
2022-03-25,8.88,8.94,8.81,8.85,957400.0,8495653.0
2022-03-28,8.84,8.9,8.6,8.81,794100.0,6955547.0
2022-03-29,8.81,8.9,8.77,8.81,838900.0,7414355.0
2022-03-30,8.82,9.03,8.8,8.96,1100100.0,9822364.0
2022-03-31,9.04,9.16,8.94,9.08,1330900.0,12054197.0
2022-04-01,8.99,9.17,8.96,9.09,1167302.0,10583575.0
2022-04-06,9.15,9.85,9.11,9.62,5883167.0,56218240.0
2022-04-07,9.55,9.55,9.04,9.13,4005201.0,37054784.0
2022-04-08,9.09,9.21,8.91,9.09,1909200.0,17235284.0
2022-04-11,9.1,9.11,8.67,8.75,1782100.0,15767553.0
2022-04-12,8.75,8.95,8.7,8.91,1021553.0,9030827.0
2022-04-13,8.97,8.97,8.75,8.77,819000.0,7224559.0
2022-04-14,8.78,8.91,8.73,8.84,1058500.0,9338629.0
2022-04-15,8.96,8.99,8.68,8.7,1211900.0,10603775.0
2022-04-18,8.75,8.79,8.56,8.68,842300.0,7299256.0
2022-04-19,8.6,8.71,8.56,8.65,826800.0,7130258.0
2022-04-20,8.69,8.78,8.54,8.6,794600.0,6885133.0
2022-04-21,8.52,8.72,8.52,8.54,1135000.0,9752008.0
2022-04-22,8.54,8.57,8.33,8.4,727000.0,6136695.0
2022-04-25,8.36,8.36,7.9,7.9,1053000.0,8495476.0
2022-04-26,7.93,8.12,7.3,7.62,701100.0,5492058.0
2022-04-27,7.5,7.83,7.41,7.8,792000.0,6017225.0
2022-04-28,7.64,7.82,7.56,7.72,491100.0,3786000.0
2022-04-29,7.75,8.01,7.74,7.95,689600.0,5442044.0
2022-05-05,8.08,8.09,7.87,8.01,739339.0,5899179.5
2022-05-06,7.87,7.95,7.66,7.94,624200.0,4901013.0
2022-05-09,7.94,8.16,7.93,8.05,783900.0,6313308.0
2022-05-10,7.99,8.2,7.85,8.13,699200.0,5652756.0
2022-05-11,8.02,8.28,8.02,8.06,743199.0,6077779.0
2022-05-12,8.04,8.22,8.0,8.21,812300.0,6621388.0
2022-05-13,8.29,8.5,8.13,8.45,1554080.0,13005507.0
2022-05-16,8.45,8.5,8.24,8.26,1000800.0,8344426.0
2022-05-17,8.27,8.3,8.08,8.25,805600.0,6594011.0
2022-05-18,8.32,8.47,8.21,8.37,942900.0,7906729.0
2022-05-19,8.24,8.5,8.24,8.43,813577.0,6836572.0
2022-05-20,8.45,8.59,8.38,8.41,752600.0,6343789.0
2022-05-23,8.54,8.6,8.31,8.57,858165.0,7306798.0
2022-05-24,8.59,8.6,8.25,8.25,1007612.0,8472530.0
2022-05-25,8.25,8.44,8.25,8.42,704700.0,5907544.0
2022-05-26,8.45,8.65,8.26,8.59,1114511.0,9504450.0
2022-05-27,8.59,9.16,8.51,8.75,2694229.0,23854714.0
2022-05-30,8.69,8.93,8.55,8.89,1793388.0,15576841.0
2022-05-31,8.92,9.12,8.75,8.97,2714298.0,24317214.0
2022-06-01,9.2,9.2,8.9,9.06,1834400.0,16574725.0
2022-06-02,8.98,9.37,8.83,9.23,2406800.0,22153644.0
2022-06-06,9.29,9.43,9.12,9.17,1941360.0,17950870.0
2022-06-07,9.19,9.24,9.0,9.07,1634301.0,14872251.0
2022-06-08,9.07,9.19,8.88,9.13,1574700.0,14267290.0
2022-06-09,9.24,9.24,8.91,8.94,1105000.0,9916694.0
2022-06-10,8.94,9.14,8.74,9.12,1249400.0,11322686.0
2022-06-13,9.1,9.12,8.98,9.09,933301.0,8453944.0
2022-06-14,9.09,9.09,8.8,9.02,1177800.0,10524991.0
2022-06-15,9.0,9.12,8.96,8.99,890756.0,8036491.0
2022-06-16,9.03,9.5,8.9,9.31,2090201.0,19193688.0
2022-06-17,9.18,9.19,8.93,8.96,2560375.0,23049402.0
2022-06-20,8.96,9.05,8.89,9.02,1334801.0,11998472.0
2022-06-21,9.02,9.92,8.98,9.92,12425084.0,122261232.0
2022-06-22,9.51,10.91,9.51,10.91,18945416.0,194453008.0
2022-06-23,10.8,11.92,10.01,10.46,19439808.0,210537456.0
2022-06-24,10.45,10.86,10.05,10.52,14861207.0,156380784.0
2022-06-27,10.11,10.44,10.03,10.12,11515201.0,117000280.0
2022-06-28,10.04,11.13,10.03,11.13,5369600.0,58063496.0
2022-06-29,11.13,12.1,10.81,11.32,21777592.0,250007776.0
2022-06-30,10.85,10.98,10.21,10.7,12248192.0,129530800.0
2022-07-01,10.54,10.68,10.13,10.27,7990900.0,82594192.0
2022-07-04,10.16,10.3,9.65,9.74,7531742.0,73879656.0
2022-07-05,9.7,9.7,9.24,9.41,6239595.0,58814568.0
2022-07-06,9.37,9.52,9.21,9.26,3879400.0,36335968.0
2022-07-07,9.3,9.51,9.3,9.37,3613898.0,33958692.0
2022-07-08,9.35,9.53,9.32,9.4,2693701.0,25386452.0
2022-07-11,9.41,9.44,9.22,9.33,1958270.0,18224860.0
2022-07-12,9.34,9.39,9.06,9.1,2580700.0,23678236.0
2022-07-13,9.1,9.27,9.1,9.18,2168601.0,19866782.0
2022-07-14,9.2,9.2,8.95,8.99,2676900.0,24258668.0
2022-07-15,8.92,9.01,8.8,8.8,2332601.0,20729036.0
2022-07-18,8.84,9.17,8.84,9.14,2820800.0,25618216.0
2022-07-19,9.1,9.28,9.08,9.15,1990798.0,18279372.0
2022-07-20,9.2,9.25,9.12,9.22,1525398.0,14018228.0
2022-07-21,9.23,9.36,9.16,9.22,2185395.0,20260962.0
2022-07-22,9.21,9.34,9.13,9.29,1999600.0,18486122.0
2022-07-25,9.34,9.35,9.16,9.19,1592400.0,14705229.0
2022-07-26,9.25,9.29,9.08,9.24,2289000.0,21064018.0
2022-07-27,9.24,9.31,9.16,9.29,1588300.0,14699960.0
2022-07-28,9.34,9.6,9.31,9.53,4567700.0,43345872.0
2022-07-29,9.59,9.59,9.34,9.37,2433800.0,23002362.0
2022-08-01,9.44,9.5,9.24,9.49,2250847.0,21197064.0
2022-08-02,9.44,9.44,8.88,8.96,2835947.0,25720616.0
2022-08-03,8.96,9.29,8.95,9.06,1973891.0,18084778.0
2022-08-04,9.2,9.46,9.08,9.46,3151302.0,29518668.0
2022-08-05,9.5,9.7,9.42,9.55,3154500.0,30090404.0
2022-08-08,9.54,9.78,9.5,9.74,2879200.0,27885264.0
2022-08-09,9.69,9.98,9.67,9.82,3255900.0,32011522.0
2022-08-10,9.9,10.11,9.75,10.05,3915197.0,39191740.0
2022-08-11,10.03,10.2,9.92,10.05,2661700.0,26632604.0
2022-08-12,10.01,10.07,9.82,9.86,3025640.0,30043808.0
2022-08-15,9.97,9.99,9.71,9.86,1807100.0,17783984.0
2022-08-16,9.94,9.94,9.76,9.86,1359100.0,13354168.0
2022-08-17,9.94,10.07,9.78,9.94,2164800.0,21503740.0
2022-08-18,9.95,10.32,9.86,10.31,4600401.0,46878304.0
2022-08-19,10.22,10.39,10.01,10.04,3202499.0,32564530.0
2022-08-22,10.01,10.13,9.83,9.88,2805300.0,27879454.0
2022-08-23,9.88,10.87,9.75,10.87,3591501.0,37897952.0
2022-08-24,10.81,11.96,10.48,11.96,23823020.0,273056320.0
2022-08-25,12.01,12.8,11.13,11.18,25252480.0,300148896.0
2022-08-26,11.31,11.45,10.4,10.53,17185806.0,187138624.0
2022-08-29,10.16,10.6,10.14,10.23,12107923.0,124217648.0
2022-08-30,10.23,10.48,9.56,9.64,11665006.0,115216080.0
2022-08-31,9.56,9.75,9.1,9.23,8184600.0,76212072.0
2022-09-01,9.3,9.52,9.27,9.42,5894217.0,55490976.0
2022-09-02,9.43,9.89,9.41,9.77,5757401.0,55757640.0
2022-09-05,9.77,9.87,9.48,9.57,3826000.0,36684408.0
2022-09-06,9.58,9.82,9.53,9.77,3523815.0,34201200.0
2022-09-07,9.77,10.35,9.72,10.17,8926844.0,89888000.0
2022-09-08,10.01,10.19,9.95,10.15,4216800.0,42477632.0
2022-09-09,10.1,10.63,9.86,10.52,7089213.0,72971552.0
2022-09-13,10.59,11.05,10.31,10.96,8517268.0,91184424.0
2022-09-14,10.61,11.18,10.54,11.02,8087513.0,88039352.0
2022-09-15,11.16,11.17,10.75,10.8,5704800.0,62020660.0
2022-09-16,10.93,11.2,10.6,10.92,6058767.0,66552168.0
2022-09-19,10.99,11.0,10.47,10.61,3850314.0,41091960.0
2022-09-20,10.73,10.83,10.43,10.67,2882700.0,30693036.0
2022-09-21,10.6,10.93,10.53,10.85,3107116.0,33354506.0
2022-09-22,10.71,10.89,10.43,10.89,3614501.0,38625836.0
2022-09-23,11.0,11.1,10.41,10.88,6051132.0,65501148.0
2022-09-26,10.79,10.88,10.48,10.68,3464400.0,37001556.0
2022-09-27,10.66,10.88,10.47,10.85,3065402.0,32841914.0
2022-09-28,10.85,10.85,9.77,9.77,5861000.0,58353656.0
2022-09-29,8.79,9.28,8.79,8.79,9675401.0,85354400.0
2022-09-30,8.2,8.35,7.99,8.1,9425914.0,76866200.0
2022-10-10,8.16,8.41,8.01,8.08,5437300.0,44460084.0
2022-10-11,8.12,8.28,8.03,8.23,3659960.0,29931088.0
2022-10-12,8.28,8.58,8.18,8.55,4150200.0,34939416.0
2022-10-13,8.55,8.86,8.5,8.73,3871600.0,33815576.0
2022-10-14,8.75,8.89,8.63,8.68,3911587.0,34159548.0
2022-10-17,8.6,8.98,8.53,8.95,3347700.0,29609562.0
2022-10-18,8.99,9.23,8.91,9.1,3187800.0,28968568.0
2022-10-19,9.02,9.19,8.94,9.09,2195400.0,19894612.0
2022-10-20,9.09,9.41,8.9,9.27,2851700.0,26179926.0
2022-10-21,9.36,9.5,9.24,9.45,2281345.0,21436922.0
2022-10-24,9.49,9.73,9.39,9.46,2619314.0,25070880.0
2022-10-25,9.46,9.51,9.12,9.17,2829300.0,26171408.0
2022-10-26,9.16,9.4,9.08,9.37,2614116.0,24235326.0
2022-10-27,9.4,9.72,9.38,9.56,2489800.0,23807364.0
2022-10-28,9.45,9.7,8.98,9.0,2419200.0,22321420.0
2022-10-31,9.12,9.38,9.0,9.33,2001800.0,18566792.0
2022-11-01,9.31,9.49,9.28,9.4,1834200.0,17246572.0
2022-11-02,9.5,9.59,9.27,9.29,2348189.0,22112622.0
2022-11-03,9.29,9.4,9.14,9.22,2176597.0,20151098.0
2022-11-04,9.3,9.36,9.18,9.3,2138771.0,19874498.0
2022-11-07,9.3,9.64,9.2,9.6,2831455.0,26932158.0
2022-11-08,9.63,9.73,9.45,9.52,2518800.0,23999872.0
2022-11-09,9.58,9.58,9.42,9.43,1534400.0,14546899.0
2022-11-10,9.47,9.48,9.28,9.41,2005800.0,18791160.0
2022-11-11,9.54,9.65,9.45,9.49,2322188.0,22175050.0
2022-11-14,9.5,9.63,9.35,9.49,1581400.0,15031908.0
2022-11-15,9.45,9.64,9.41,9.64,1924600.0,18411636.0
2022-11-16,9.64,9.85,9.55,9.73,1572000.0,15310395.0
2022-11-17,9.7,10.3,9.65,9.93,6182781.0,61556376.0
2022-11-18,9.94,9.97,9.6,9.64,4183400.0,40754616.0
2022-11-21,9.5,9.67,9.46,9.65,2217241.0,21196104.0
2022-11-22,9.65,10.15,9.56,9.74,5057956.0,49804868.0
2022-11-23,9.71,9.89,9.31,9.6,4026704.0,38422384.0
2022-11-24,9.66,9.99,9.59,9.64,3448900.0,33559444.0
2022-11-25,9.63,9.69,9.42,9.45,2080200.0,19840328.0
2022-11-28,9.36,9.49,9.22,9.33,2173601.0,20314618.0
2022-11-29,9.39,9.71,9.39,9.69,3705500.0,35475260.0
2022-11-30,9.69,9.7,9.5,9.68,2340788.0,22489188.0
2022-12-01,9.73,9.88,9.67,9.77,2800602.0,27318046.0
2022-12-02,9.75,10.05,9.71,9.85,3057100.0,30183732.0
2022-12-05,9.92,10.14,9.91,10.02,3107189.0,31136676.0
2022-12-06,10.03,10.25,9.94,10.1,3133289.0,31633004.0
2022-12-07,10.09,10.12,9.88,10.06,2249360.0,22493324.0
2022-12-08,10.1,10.7,9.91,10.24,7059900.0,72537392.0
2022-12-09,10.24,10.28,9.89,9.93,4401800.0,44039560.0
2022-12-12,9.96,10.19,9.88,10.02,3285200.0,32891282.0
2022-12-13,10.09,10.12,9.86,9.9,2540000.0,25311456.0
2022-12-14,9.94,10.16,9.84,9.87,2788800.0,27949720.0
2022-12-15,9.87,10.08,9.82,9.95,2472402.0,24668188.0
2022-12-16,9.94,9.98,9.64,9.73,2088500.0,20411968.0
2022-12-19,9.68,9.76,9.37,9.43,2003200.0,19030224.0
2022-12-20,9.45,9.52,9.29,9.47,1270867.0,11982395.0
2022-12-21,9.47,9.55,9.15,9.25,1607400.0,14933786.0
2022-12-22,9.28,9.36,9.02,9.07,1256000.0,11538121.0
2022-12-23,9.07,9.16,8.99,9.09,1174500.0,10641237.0
2022-12-26,9.1,9.24,9.03,9.22,834700.0,7659573.0
2022-12-27,9.2,9.28,9.07,9.16,1015300.0,9286397.0
2022-12-28,9.1,9.13,8.97,9.01,1111600.0,10025223.0
2022-12-29,8.95,9.03,8.85,8.86,967401.0,8614257.0
2022-12-30,8.92,8.97,8.82,8.93,1175900.0,10450853.0
2023-01-03,8.92,9.14,8.9,9.12,1342500.0,12161398.0
2023-01-04,9.1,9.35,9.03,9.3,1648501.0,15252404.0
2023-01-05,9.37,9.37,9.18,9.25,1022200.0,9445050.0
2023-01-06,9.25,9.28,9.15,9.2,739500.0,6813871.0
2023-01-09,9.18,9.34,9.18,9.24,753400.0,6968332.0
2023-01-10,9.24,9.26,9.1,9.17,794300.0,7286607.0
2023-01-11,9.17,9.19,8.96,9.0,703100.0,6395183.0
2023-01-12,8.98,9.09,8.93,9.05,775100.0,6986003.0
2023-01-13,9.05,9.07,8.93,9.0,920401.0,8275222.0
2023-01-16,8.97,9.18,8.96,9.15,966100.0,8797009.0
2023-01-17,9.18,9.32,9.11,9.19,701100.0,6461286.0
2023-01-18,9.29,9.7,9.16,9.6,3112001.0,29644582.0
2023-01-19,9.56,9.9,9.5,9.79,3026400.0,29567708.0
2023-01-20,9.84,9.92,9.77,9.84,1778298.0,17488004.0
2023-01-30,9.94,10.07,9.84,9.94,2135600.0,21270780.0
2023-01-31,9.94,10.06,9.9,10.04,1781440.0,17808014.0
2023-02-01,10.08,10.15,9.99,10.13,1900100.0,19158952.0
2023-02-02,10.15,10.28,10.05,10.15,1840100.0,18748466.0
2023-02-03,10.17,10.25,10.0,10.17,1816800.0,18357894.0
2023-02-06,10.15,10.26,10.06,10.1,1278000.0,12936874.0
2023-02-07,10.15,10.29,10.07,10.25,1508800.0,15402563.0
2023-02-08,10.34,10.46,10.18,10.2,1963767.0,20213304.0
2023-02-09,10.21,10.32,10.18,10.29,1411900.0,14482608.0
2023-02-10,10.27,10.39,10.1,10.15,1418100.0,14441548.0
2023-02-13,10.18,10.38,10.16,10.34,2418500.0,24894608.0
2023-02-14,10.22,10.45,10.19,10.25,1322701.0,13567307.0
2023-02-15,10.27,10.42,10.2,10.36,1594900.0,16502363.0
2023-02-16,10.41,10.71,10.19,10.3,3863500.0,40294688.0
2023-02-17,10.3,10.36,10.12,10.2,2430000.0,24830970.0
2023-02-20,10.26,10.3,10.01,10.28,1929598.0,19597978.0
2023-02-21,10.34,10.43,10.19,10.21,1214500.0,12501467.0
2023-02-22,10.3,10.3,10.16,10.23,1412640.0,14432038.0
2023-02-23,10.25,10.26,10.07,10.13,1233500.0,12518872.0
2023-02-24,10.16,11.14,10.0,10.07,14103195.0,149183104.0
2023-02-27,10.01,10.03,9.72,9.9,12323617.0,121555856.0
2023-02-28,9.98,10.55,9.97,10.2,8617601.0,88454048.0
2023-03-01,10.35,10.69,10.26,10.53,6447920.0,67641712.0
2023-03-02,10.54,10.81,10.45,10.46,5002562.0,52908096.0
2023-03-03,10.53,10.64,10.28,10.35,3262000.0,33957544.0
2023-03-06,10.39,10.45,10.15,10.24,2443200.0,25061728.0
2023-03-07,10.34,10.34,9.91,9.96,2633000.0,26449366.0
2023-03-08,9.96,10.11,9.91,10.1,1145367.0,11484160.0
2023-03-09,10.03,10.24,10.03,10.09,1588400.0,16095260.0
2023-03-10,10.09,10.12,9.9,9.97,1129000.0,11309124.0
2023-03-13,9.93,10.0,9.78,9.89,1804600.0,17792608.0
2023-03-14,9.91,9.93,9.66,9.82,1528300.0,14974202.0
2023-03-15,9.86,10.0,9.81,9.84,1296100.0,12813583.0
2023-03-16,9.76,9.83,9.52,9.54,1935700.0,18707848.0
2023-03-17,9.6,9.74,9.59,9.65,1331300.0,12879910.0
2023-03-20,9.62,9.89,9.61,9.84,2914300.0,28454740.0
2023-03-21,9.84,10.11,9.75,10.1,2066700.0,20675672.0
2023-03-22,10.1,10.34,10.09,10.29,2048000.0,21019102.0
2023-03-23,10.29,10.6,10.14,10.6,3413400.0,35831936.0
2023-03-24,10.6,11.0,10.55,10.79,4448475.0,48113104.0
2023-03-27,10.79,10.9,10.59,10.78,3001700.0,32300236.0
2023-03-28,10.81,10.83,10.55,10.68,2563200.0,27441444.0
2023-03-29,10.7,10.93,10.52,10.8,2175515.0,23417104.0
2023-03-30,10.82,10.88,10.56,10.65,1548330.0,16561100.0
2023-03-31,10.66,10.7,10.49,10.66,1270500.0,13479609.0
2023-04-03,10.57,10.8,10.57,10.72,1729300.0,18469880.0
2023-04-04,10.74,10.76,10.39,10.52,1740606.0,18362100.0
2023-04-06,10.65,10.67,10.22,10.42,1608105.0,16760876.0
2023-04-07,10.57,10.6,10.33,10.53,1294300.0,13561944.0
2023-04-10,10.6,10.79,10.28,10.35,2740237.0,28989604.0
2023-04-11,10.43,10.78,10.38,10.47,1714500.0,18015714.0
2023-04-12,10.47,10.68,10.41,10.58,1511700.0,15963340.0
2023-04-13,10.58,10.59,10.27,10.3,1497300.0,15525109.0
2023-04-14,10.28,10.48,10.08,10.45,1802300.0,18568972.0
2023-04-17,10.43,10.47,10.25,10.27,1526300.0,15750736.0
2023-04-18,10.24,10.36,10.0,10.08,1328000.0,13407974.0
2023-04-19,10.16,10.18,10.0,10.06,938200.0,9466731.0
2023-04-20,10.0,10.11,9.93,9.98,1234700.0,12365727.0
2023-04-21,10.0,10.01,9.58,9.6,1949100.0,18934080.0
2023-04-24,9.56,9.57,9.24,9.36,2216200.0,20758660.0
2023-04-25,9.38,9.41,9.1,9.2,1947830.0,17967904.0
2023-04-26,9.17,9.48,9.1,9.39,2002700.0,18710412.0
2023-04-27,9.35,9.51,9.33,9.43,1038900.0,9810514.0
2023-04-28,9.43,9.77,9.43,9.71,1147000.0,11062240.0
2023-05-04,9.69,9.93,9.62,9.82,1719700.0,16870164.0
2023-05-05,9.82,9.97,9.72,9.76,1471700.0,14456383.0
2023-05-08,9.81,10.0,9.73,9.97,1824800.0,18037864.0
2023-05-09,9.99,10.12,9.83,9.89,1370300.0,13628164.0
2023-05-10,9.89,10.01,9.67,9.8,1270500.0,12400008.0
2023-05-11,9.84,9.94,9.77,9.9,976000.0,9615231.0
2023-05-12,9.95,9.95,9.75,9.82,1056000.0,10378544.0
2023-05-15,9.89,9.89,9.7,9.86,1044101.0,10215053.0
2023-05-16,9.89,10.05,9.7,10.02,1970500.0,19594584.0
2023-05-17,10.03,10.1,9.9,9.97,1946400.0,19442426.0
2023-05-18,10.05,10.28,9.99,10.27,2109410.0,21471688.0
2023-05-19,10.31,10.68,10.12,10.56,3153501.0,32913834.0
2023-05-22,10.57,10.73,10.49,10.58,2095000.0,22160540.0
2023-05-23,10.53,10.72,10.52,10.57,1770172.0,18813616.0
2023-05-24,10.59,10.77,10.5,10.64,1660316.0,17725852.0
2023-05-25,10.72,10.92,10.59,10.71,1879700.0,20180870.0
2023-05-26,10.74,10.98,10.66,10.87,2180800.0,23648364.0
2023-05-29,10.88,11.16,10.87,11.0,2557900.0,28216356.0
2023-05-30,10.92,11.13,10.84,10.98,2519200.0,27672940.0
2023-05-31,11.14,11.15,10.9,11.1,1756600.0,19381344.0
2023-06-01,11.1,11.13,10.83,11.01,3058200.0,33578448.0
2023-06-02,11.11,11.14,10.66,11.09,2183349.0,24071876.0
2023-06-05,11.08,11.2,11.04,11.14,1723054.0,19177968.0
2023-06-06,11.16,11.16,10.8,10.85,1503000.0,16491303.0
2023-06-07,11.03,11.12,10.78,11.11,1763400.0,19431682.0
2023-06-08,11.05,11.12,10.82,10.91,1795205.0,19588156.0
2023-06-09,10.8,11.09,10.8,10.9,1433010.0,15681432.0
2023-06-12,11.15,11.15,10.85,11.08,1710700.0,18819816.0
2023-06-13,11.13,11.43,11.1,11.26,2030400.0,22834916.0
2023-06-14,11.22,11.33,11.0,11.13,1683300.0,18738180.0
2023-06-15,11.1,11.38,11.05,11.08,2058900.0,22966626.0
2023-06-16,11.08,11.32,10.98,11.28,1782900.0,20034720.0
2023-06-19,11.36,11.6,11.07,11.16,2330801.0,26160430.0
2023-06-20,11.18,11.23,11.02,11.12,1585700.0,17618732.0
2023-06-21,11.01,11.16,10.81,10.87,1647100.0,18094434.0
2023-06-26,11.02,11.96,11.0,11.96,2622145.0,30817914.0
2023-06-27,12.22,12.46,11.18,11.76,19482368.0,225024912.0
2023-06-28,11.42,11.45,10.58,10.65,14616629.0,156845456.0
2023-06-29,10.41,11.4,10.15,11.02,18632580.0,200738048.0
2023-06-30,10.81,12.12,10.78,11.57,16063231.0,184584016.0
2023-07-03,11.47,11.99,11.41,11.47,13763181.0,159814080.0
2023-07-04,11.52,12.62,11.51,12.62,9022698.0,111215784.0
2023-07-05,12.72,12.85,11.83,11.95,21376588.0,258284448.0
2023-07-06,11.77,13.15,11.74,13.15,9937085.0,125991528.0
2023-07-07,14.04,14.47,13.61,14.47,10980899.0,155438496.0
2023-07-10,15.5,15.92,15.0,15.92,8723010.0,135212416.0
2023-07-11,16.6,16.6,14.33,14.37,35808060.0,543967936.0
2023-07-12,13.58,14.3,13.21,13.78,28423404.0,386206624.0
2023-07-13,13.23,13.49,13.0,13.09,18455868.0,243453024.0
2023-07-14,13.09,13.39,12.7,13.23,15468568.0,202973024.0
2023-07-17,13.08,13.68,12.93,13.3,15651933.0,209273936.0
2023-07-18,13.03,13.9,12.76,13.62,19543924.0,259148896.0
2023-07-19,13.27,13.28,13.0,13.16,10698976.0,140434240.0
2023-07-20,13.17,13.24,12.77,12.83,8888326.0,114900568.0
2023-07-21,12.7,12.81,11.9,11.91,13584642.0,165188160.0
2023-07-24,12.14,12.3,11.88,12.05,5608167.0,67484736.0
2023-07-25,12.05,12.24,12.01,12.09,5397000.0,65308864.0
2023-07-26,12.05,12.22,11.97,12.03,4516026.0,54529104.0
2023-07-27,12.03,12.15,11.85,11.91,3834200.0,45939940.0
2023-07-28,11.88,11.98,11.73,11.91,3905100.0,46367024.0
2023-07-31,11.93,12.06,11.82,12.01,3600601.0,43049492.0
2023-08-01,11.98,12.09,11.83,12.05,3453900.0,41362180.0
2023-08-02,12.04,12.11,11.96,12.07,3159100.0,38106360.0
2023-08-03,12.06,12.06,11.91,11.94,3005000.0,35997624.0
2023-08-04,11.95,12.16,11.95,12.13,3486500.0,42167368.0
2023-08-07,12.13,12.24,12.01,12.18,2758900.0,33466768.0
2023-08-08,12.1,12.34,12.06,12.09,3237200.0,39348024.0
2023-08-09,12.06,12.12,11.91,11.92,2766502.0,33168664.0
2023-08-10,11.89,12.06,11.88,11.96,1664500.0,19906136.0
2023-08-11,11.98,12.05,11.82,11.83,2010501.0,24017854.0
2023-08-14,11.71,11.93,11.68,11.91,1889700.0,22291860.0
2023-08-15,11.89,11.96,11.7,11.79,1680303.0,19840680.0
2023-08-16,11.79,11.87,11.55,11.58,2254401.0,26237220.0
2023-08-17,11.58,11.89,11.51,11.88,2699200.0,31768718.0
2023-08-18,11.89,11.95,11.61,11.65,1508200.0,17774850.0
2023-08-21,11.69,11.78,11.56,11.58,1404100.0,16368978.0
2023-08-22,11.58,11.65,11.31,11.54,2524301.0,28926298.0
2023-08-23,11.51,11.54,11.32,11.36,1529700.0,17440088.0
2023-08-24,11.45,11.61,11.3,11.46,1899000.0,21770908.0
2023-08-25,11.48,11.48,11.08,11.12,2417600.0,27057616.0
2023-08-28,11.58,11.69,11.23,11.24,3381100.0,38819492.0
2023-08-29,11.24,11.85,11.2,11.85,3939465.0,45952908.0
2023-08-30,11.8,12.22,11.75,12.02,3867503.0,46571068.0
2023-08-31,12.02,12.1,11.9,12.01,3072600.0,36843616.0
2023-09-01,11.97,12.08,11.91,11.96,1748300.0,20911876.0
2023-09-04,12.04,12.17,11.93,12.16,3098201.0,37456976.0
2023-09-05,12.17,12.29,12.08,12.15,2855700.0,34755820.0
2023-09-06,12.09,12.28,12.09,12.28,2476800.0,30263328.0
2023-09-07,12.25,12.25,12.01,12.01,1976100.0,23944068.0
2023-09-08,11.99,12.2,11.95,12.18,1906700.0,23118404.0
2023-09-11,12.2,12.2,12.01,12.08,2294300.0,27761028.0
2023-09-12,12.08,12.12,11.98,12.01,1527400.0,18379180.0
2023-09-13,12.01,12.05,11.77,11.88,1339500.0,15934474.0
2023-09-14,11.88,11.97,11.76,11.8,1772500.0,21036764.0
2023-09-15,11.87,11.91,11.73,11.76,1446300.0,17041420.0
2023-09-18,11.69,12.01,11.69,11.92,1660400.0,19753980.0
2023-09-19,11.99,11.99,11.58,11.59,1860300.0,21707308.0
2023-09-20,11.59,11.74,11.51,11.53,1136100.0,13214888.0
2023-09-21,11.72,11.72,11.42,11.51,1357000.0,15632540.0
2023-09-22,11.45,11.88,11.45,11.88,2005715.0,23558644.0
2023-09-25,11.78,11.88,11.55,11.64,2074715.0,24210388.0
2023-09-26,11.61,11.78,11.48,11.53,1815901.0,21050732.0
2023-09-27,11.53,11.56,11.34,11.37,1951500.0,22276796.0
2023-09-28,11.39,11.83,11.37,11.77,2932101.0,34252208.0
2023-10-09,11.81,11.93,11.69,11.79,1787600.0,21079250.0
2023-10-10,11.83,11.88,11.7,11.85,1355800.0,16041211.0
2023-10-11,11.8,11.97,11.75,11.9,2270601.0,26939788.0
2023-10-12,11.98,11.99,11.81,11.88,1327500.0,15778934.0
2023-10-13,11.81,11.95,11.78,11.87,1155700.0,13724899.0
2023-10-16,11.86,11.91,11.62,11.67,1451400.0,17017068.0
2023-10-17,11.65,11.76,11.5,11.58,1374700.0,15930952.0
2023-10-18,11.61,11.61,11.18,11.24,1968100.0,22226448.0
2023-10-19,11.11,11.32,11.09,11.11,1610500.0,18023308.0
2023-10-20,11.05,11.27,10.88,10.91,1447637.0,16016266.0
2023-10-23,10.86,11.02,10.7,10.78,1852100.0,20094100.0
2023-10-24,10.64,11.16,10.64,11.15,1639300.0,18032110.0
2023-10-25,11.17,11.29,11.11,11.24,1316200.0,14739858.0
2023-10-26,11.24,11.33,11.14,11.3,1198900.0,13483958.0
2023-10-27,11.27,11.5,11.22,11.47,1541200.0,17566108.0
2023-10-30,11.51,12.42,11.46,12.2,7576403.0,91794456.0
2023-10-31,12.18,12.47,12.12,12.36,4962615.0,61288980.0
2023-11-01,12.36,12.45,12.15,12.35,3205899.0,39625148.0
2023-11-02,12.35,12.51,12.27,12.29,2183100.0,26999478.0
2023-11-03,12.36,12.69,12.28,12.65,4183700.0,52627648.0
2023-11-06,12.66,12.89,12.59,12.68,3424001.0,43423464.0
2023-11-07,12.7,12.77,12.54,12.71,2169001.0,27449270.0
2023-11-08,12.73,12.93,12.61,12.86,2843300.0,36458592.0
2023-11-09,12.85,12.86,12.57,12.64,2014000.0,25562708.0
2023-11-10,12.64,12.8,12.55,12.6,1673800.0,21186664.0
2023-11-13,12.56,12.66,12.53,12.66,1606900.0,20249860.0
2023-11-14,12.68,12.82,12.66,12.72,1607600.0,20448652.0
2023-11-15,12.88,12.88,12.65,12.7,1265101.0,16112653.0
2023-11-16,12.75,12.78,12.54,12.57,1381200.0,17468426.0
2023-11-17,12.55,12.72,12.51,12.71,1792999.0,22720618.0
2023-11-20,12.75,12.82,12.66,12.75,1762700.0,22443046.0
2023-11-21,12.75,12.78,12.56,12.62,1695644.0,21466744.0
2023-11-22,12.59,12.77,12.52,12.55,1685744.0,21294596.0
2023-11-23,12.51,12.74,12.51,12.73,1752698.0,22195112.0
2023-11-24,12.75,12.8,12.57,12.65,2395100.0,30429680.0
2023-11-27,12.68,12.91,12.56,12.85,2747600.0,35026832.0
2023-11-28,12.85,13.13,12.62,13.0,4295000.0,55618936.0
2023-11-29,13.01,13.24,12.92,13.04,3438500.0,44987532.0
2023-11-30,13.02,13.13,12.68,12.82,3384600.0,43498568.0
2023-12-01,12.82,12.82,12.54,12.67,2522001.0,31950662.0
2023-12-04,12.72,12.82,12.51,12.67,2871301.0,36363540.0
2023-12-05,12.69,12.74,12.39,12.4,2520019.0,31471376.0
2023-12-06,12.45,12.64,12.39,12.51,2507818.0,31458152.0
2023-12-07,12.52,12.75,12.31,12.51,2212100.0,27702662.0
2023-12-08,12.54,12.8,12.35,12.38,1967100.0,24630748.0
2023-12-11,12.32,12.67,12.17,12.5,3047800.0,37846680.0
2023-12-12,12.56,12.69,12.48,12.56,1553600.0,19511792.0
2023-12-13,12.59,12.81,12.5,12.72,1799900.0,22819820.0
2023-12-14,12.77,12.93,12.62,12.7,2736300.0,34911812.0
2023-12-15,12.74,12.83,12.5,12.71,1976577.0,25007256.0
2023-12-18,12.61,12.75,12.37,12.44,2648979.0,33218582.0
2023-12-19,12.59,12.73,12.45,12.65,2159000.0,27179650.0
2023-12-20,12.65,12.91,12.54,12.62,2370300.0,30172880.0
2023-12-21,12.55,12.6,12.23,12.53,2116600.0,26292676.0
2023-12-22,12.55,12.68,12.17,12.24,2259400.0,27982396.0
2023-12-25,12.15,12.35,11.99,12.34,2453408.0,29953598.0
2023-12-26,12.33,12.34,11.91,12.09,1731464.0,20899670.0
2023-12-27,12.05,12.45,11.88,12.38,1918000.0,23406740.0
2023-12-28,12.34,12.41,12.03,12.29,1522600.0,18619282.0
2023-12-29,12.31,12.97,12.22,12.95,3534300.0,45301452.0
2024-01-02,12.93,13.2,12.88,12.96,3041900.0,39552608.0
2024-01-03,12.96,13.08,12.71,12.83,1952900.0,25074492.0
2024-01-04,12.87,12.97,12.71,12.97,2085900.0,26778452.0
2024-01-05,12.97,13.06,12.54,12.61,2108800.0,26875662.0
2024-01-08,12.59,12.61,12.31,12.34,1851300.0,23044558.0
2024-01-09,12.39,12.69,12.39,12.52,1640800.0,20572252.0
2024-01-10,12.57,12.57,12.08,12.27,1763401.0,21620804.0
2024-01-11,12.2,12.51,12.1,12.49,1554400.0,19253348.0
2024-01-12,12.49,12.58,12.28,12.49,2057101.0,25537586.0
2024-01-15,12.3,13.74,12.22,13.74,19695486.0,259764896.0
2024-01-16,13.85,15.11,13.29,15.11,22784438.0,322407968.0
2024-01-17,15.64,16.62,15.63,16.62,30976304.0,503307872.0
2024-01-18,15.9,16.81,14.96,14.96,28374352.0,440729792.0
2024-01-19,13.77,14.96,13.52,13.88,27260072.0,381963872.0
2024-01-22,14.03,15.27,14.01,15.27,13219444.0,195932784.0
2024-01-23,15.99,16.8,14.68,15.65,36808104.0,586255296.0
2024-01-24,14.18,17.22,14.18,17.22,30625528.0,487169280.0
2024-01-25,18.0,18.94,17.89,18.94,13175540.0,245744224.0
2024-01-26,19.91,20.83,17.06,20.83,43919528.0,849450624.0
2024-01-29,18.75,19.52,18.75,18.75,23096044.0,437412224.0
2024-01-30,16.88,17.55,16.88,16.88,8848146.0,149859120.0
2024-01-31,15.19,15.56,15.19,15.19,12079663.0,183798416.0
2024-02-01,13.82,14.4,13.67,13.67,20674800.0,286960960.0
2024-02-02,13.88,15.04,13.0,15.04,26250944.0,373956160.0
2024-02-05,14.31,16.4,14.28,14.58,30016068.0,462915488.0
2024-02-06,13.12,14.15,13.12,13.12,19329594.0,257418720.0
2024-02-07,12.7,12.9,11.81,11.81,16620033.0,199931904.0
2024-02-08,11.13,11.95,10.63,11.31,19141656.0,211268256.0
2024-02-19,11.31,12.44,11.11,12.44,18180920.0,214572736.0
2024-02-20,12.7,13.4,12.18,12.91,23346242.0,298851200.0
2024-02-21,12.9,13.89,12.53,13.0,23617824.0,308746912.0
2024-02-22,13.09,13.28,12.73,13.26,18222132.0,238276480.0
2024-02-23,13.26,14.59,13.26,14.59,22609872.0,313191744.0
2024-02-26,15.01,16.0,14.79,15.52,30584688.0,468141184.0
2024-02-27,15.0,15.53,14.63,15.47,21783038.0,327932000.0
2024-02-28,15.41,16.36,13.92,14.17,25770604.0,400091104.0
2024-02-29,13.7,15.01,13.26,14.74,18248554.0,263111952.0
2024-03-01,14.7,15.64,14.19,15.18,19283028.0,284794528.0
2024-03-04,15.1,15.13,14.45,14.67,13740966.0,202210432.0
2024-03-05,14.51,14.91,14.08,14.15,10783320.0,156098960.0
2024-03-06,14.08,14.88,13.91,14.63,12740234.0,184067360.0
2024-03-07,14.45,14.76,13.83,13.92,11624930.0,165490608.0
2024-03-08,13.78,14.23,13.5,14.13,8510901.0,119054912.0
2024-03-11,14.11,14.2,13.65,14.0,8813701.0,121984464.0
2024-03-12,14.01,14.34,13.9,14.31,9548473.0,135272272.0
2024-03-13,14.16,15.41,13.95,15.21,18427706.0,268095728.0
2024-03-14,14.81,15.05,14.41,14.7,13931978.0,205408944.0
2024-03-15,14.73,14.85,14.41,14.72,8754873.0,127947448.0
2024-03-18,14.75,14.88,14.62,14.88,9952001.0,147082064.0
2024-03-19,14.92,14.92,14.3,14.36,10317443.0,150518128.0
2024-03-20,14.29,14.65,14.22,14.5,6671900.0,96596912.0
2024-03-21,14.49,15.45,14.39,15.07,18136716.0,271944576.0
2024-03-22,14.88,15.63,14.82,15.41,21077750.0,323343392.0
2024-03-25,15.2,16.84,14.85,15.74,24351672.0,385276064.0
2024-03-26,15.62,16.7,15.22,16.55,21271506.0,340434720.0
2024-03-27,16.25,16.32,14.9,14.9,16424601.0,255725568.0
2024-03-28,14.5,15.47,14.46,14.97,10619030.0,160032752.0
2024-03-29,14.9,15.52,14.61,15.51,11122823.0,169378864.0
2024-04-01,15.38,16.18,15.38,15.65,12540801.0,197857200.0
2024-04-02,15.65,16.04,15.09,15.2,10260363.0,159208256.0
2024-04-03,15.13,15.38,14.14,14.16,10793700.0,157010656.0
2024-04-08,14.0,14.01,13.05,13.1,9136634.0,122172680.0
2024-04-09,13.0,13.35,13.0,13.32,4916706.0,64980444.0
2024-04-10,13.34,13.95,13.13,13.78,8382984.0,114379808.0
2024-04-11,13.7,13.7,13.25,13.38,5937384.0,79701720.0
2024-04-12,13.44,13.45,12.76,12.78,5837902.0,76213728.0
2024-04-15,12.59,12.79,11.65,12.28,7424000.0,90723104.0
2024-04-16,11.93,12.1,11.05,11.05,7091631.0,79342240.0
2024-04-17,10.89,12.05,10.85,11.91,7286464.0,84762424.0
2024-04-18,11.89,12.1,11.45,11.75,5975299.0,70274208.0
2024-04-19,11.65,11.75,11.3,11.4,4220700.0,48480296.0
2024-04-22,11.51,11.51,10.98,11.02,4104500.0,45638688.0
2024-04-23,10.86,11.43,10.86,11.39,4578398.0,51734800.0
2024-04-24,11.51,11.76,11.46,11.76,4230920.0,49314108.0
2024-04-25,11.73,12.16,11.62,12.03,4872867.0,58455328.0
2024-04-26,12.1,12.17,11.81,12.06,4578000.0,55132128.0
2024-04-29,12.07,12.46,12.07,12.42,4478600.0,55142896.0
2024-04-30,12.61,12.66,12.01,12.03,4777700.0,58076324.0
2024-05-06,12.12,12.48,12.11,12.35,4421384.0,54379232.0
2024-05-07,12.36,12.46,12.25,12.4,3199401.0,39556444.0
2024-05-08,12.46,12.47,12.14,12.15,2850401.0,34945140.0
2024-05-09,12.22,12.36,12.16,12.17,2540100.0,31131096.0
2024-05-10,12.25,12.28,11.79,11.81,3555923.0,42362532.0
2024-05-13,11.81,11.81,11.3,11.3,4276302.0,48751840.0
2024-05-14,11.3,11.68,11.3,11.61,3589000.0,41425364.0
2024-05-15,11.64,11.76,11.4,11.57,2451602.0,28497566.0
2024-05-16,11.63,11.9,11.63,11.87,3656902.0,43156752.0
2024-05-17,11.96,12.15,11.68,12.13,4143600.0,49661664.0
2024-05-20,12.15,12.37,12.01,12.25,4179400.0,51103920.0
2024-05-21,12.28,12.28,11.99,12.12,3294400.0,39873224.0
2024-05-22,12.05,12.21,12.01,12.07,2345900.0,28424802.0
2024-05-23,12.07,12.08,11.64,11.7,2978100.0,35088216.0
2024-05-24,11.7,11.86,11.47,11.48,2270600.0,26364896.0
2024-05-27,11.59,11.6,11.2,11.52,2289700.0,25974224.0
2024-05-28,11.53,11.56,11.18,11.24,1934700.0,21954982.0
2024-05-29,11.35,11.47,11.22,11.27,1861200.0,21112040.0
2024-05-30,11.3,11.48,11.1,11.21,2392610.0,27093848.0
2024-05-31,11.21,11.5,11.21,11.43,2107150.0,24070896.0
2024-06-03,11.43,11.52,11.0,11.11,2920200.0,32713900.0
2024-06-04,11.11,11.11,10.55,10.79,3230600.0,34669024.0
2024-06-05,10.74,10.74,10.41,10.48,2735008.0,28824324.0
2024-06-06,10.48,10.67,9.61,9.74,5951772.0,59235380.0
2024-06-07,9.74,10.23,9.74,10.17,4595544.0,46449300.0
2024-06-11,10.1,10.25,9.58,10.19,3031269.0,30459668.0
2024-06-12,10.19,10.53,10.04,10.45,3026300.0,31630484.0
2024-06-13,10.53,10.62,10.26,10.31,2663800.0,27757398.0
2024-06-14,10.19,10.4,10.09,10.36,2226000.0,22907404.0
2024-06-17,10.32,10.49,10.29,10.33,2088900.0,21705302.0
2024-06-18,10.34,10.56,10.31,10.53,1950502.0,20468748.0
2024-06-19,10.48,10.64,10.42,10.53,2334200.0,24589768.0
2024-06-20,10.51,10.54,10.1,10.11,2372900.0,24387450.0
2024-06-21,10.14,10.24,9.68,10.1,2646000.0,26536968.0
2024-06-24,10.1,10.1,9.49,9.5,3333400.0,32268484.0
2024-06-25,9.51,9.7,9.48,9.58,2168800.0,20794772.0
2024-06-26,9.51,10.09,9.44,10.09,2754500.0,27005996.0
2024-06-27,10.16,10.16,9.83,9.87,1932200.0,19287132.0
2024-06-28,9.85,10.12,9.67,9.9,2237300.0,22251744.0
2024-07-01,9.95,9.98,9.67,9.97,2209600.0,21730392.0
2024-07-02,9.97,10.1,9.88,9.96,1728300.0,17288360.0
2024-07-03,9.97,10.08,9.84,9.88,1813100.0,18033408.0
2024-07-04,9.87,9.89,9.45,9.48,2029600.0,19506340.0
2024-07-05,9.41,9.65,9.19,9.6,2103400.0,19869860.0
2024-07-08,9.6,9.6,9.17,9.22,2337401.0,21745188.0
2024-07-09,9.23,9.55,9.06,9.54,2534900.0,23723532.0
2024-07-10,9.54,9.54,9.26,9.29,1730000.0,16192193.0
2024-07-11,9.34,9.85,9.34,9.82,3248390.0,31509374.0
2024-07-12,9.86,9.93,9.66,9.69,2122999.0,20792184.0
2024-07-15,9.81,9.81,9.4,9.49,1865000.0,17742262.0
2024-07-16,9.5,9.84,9.38,9.71,2203700.0,21300816.0
2024-07-17,9.81,9.86,9.51,9.56,1984700.0,19107300.0
2024-07-18,9.35,9.56,9.1,9.37,2249500.0,20812588.0
2024-07-19,9.38,9.58,9.27,9.5,1655300.0,15684744.0
2024-07-22,9.61,9.65,9.44,9.62,1608500.0,15398173.0
2024-07-23,9.64,9.73,9.39,9.39,1469700.0,14079352.0
2024-07-24,9.46,9.46,9.14,9.21,1619901.0,15011508.0
2024-07-25,9.21,9.32,9.0,9.19,1444800.0,13214015.0
2024-07-26,9.27,9.43,9.2,9.39,1455215.0,13624046.0
2024-07-29,9.48,9.59,9.26,9.46,2025900.0,19118870.0
2024-07-30,9.43,9.58,9.3,9.51,1628400.0,15403422.0
2024-07-31,9.57,9.93,9.49,9.87,2269600.0,22172510.0
2024-08-01,9.85,10.05,9.8,9.9,1749750.0,17302586.0
2024-08-02,9.8,10.63,9.78,10.0,5063700.0,50974352.0
2024-08-05,9.81,9.97,9.38,9.39,6162402.0,59633492.0
2024-08-06,9.8,9.8,9.39,9.57,3037500.0,28846124.0
2024-08-07,9.52,9.75,9.49,9.64,2682502.0,25900240.0
2024-08-08,9.7,9.7,9.31,9.54,1969700.0,18687628.0
2024-08-09,9.58,9.82,9.56,9.63,2865700.0,27720792.0
2024-08-12,9.82,9.84,9.53,9.59,3135802.0,30441758.0
2024-08-13,9.53,10.02,9.52,9.76,3303700.0,32074586.0
2024-08-14,9.73,9.9,9.72,9.79,3374102.0,33121836.0
2024-08-15,9.75,9.97,9.72,9.91,2387500.0,23583190.0
2024-08-16,9.95,10.17,9.92,9.96,3044100.0,30564840.0
2024-08-19,9.91,10.02,9.77,9.81,2392300.0,23600352.0
2024-08-20,9.75,9.83,9.54,9.6,1722701.0,16620941.0
2024-08-21,9.6,10.56,9.51,10.56,3738801.0,38829976.0
2024-08-22,11.31,11.61,10.56,10.88,21548516.0,238643600.0
2024-08-23,10.2,11.97,10.2,11.97,22394976.0,247902976.0
2024-08-26,11.97,12.51,11.16,11.61,23779942.0,280817184.0
2024-08-27,11.55,12.5,11.01,11.41,22245194.0,262518016.0
2024-08-28,10.99,11.2,10.5,10.82,16218384.0,174474704.0
2024-08-29,10.76,11.1,10.52,10.72,13806648.0,147488256.0
2024-08-30,10.68,11.18,10.59,11.0,15769579.0,172092400.0
2024-09-02,10.89,11.22,10.73,10.83,11805417.0,129392728.0
2024-09-03,10.68,11.91,10.6,11.91,15530614.0,173666880.0
2024-09-04,12.0,13.1,11.86,13.1,29046024.0,370763552.0
2024-09-05,12.21,12.49,11.79,12.07,28889924.0,346640224.0
2024-09-06,11.68,11.94,11.29,11.32,17536000.0,201892656.0
2024-09-09,11.26,12.45,11.09,12.45,17404724.0,208568704.0
2024-09-10,12.31,13.7,12.19,13.7,33748024.0,443688480.0
2024-09-11,12.33,12.67,12.33,12.33,7549000.0,93410256.0
2024-09-12,11.32,13.3,11.32,12.84,25487844.0,311202208.0
2024-09-13,12.51,12.78,11.8,11.88,17099800.0,206262560.0
2024-09-18,11.88,12.37,11.67,12.31,14914043.0,181024064.0
2024-09-19,12.16,13.54,11.78,13.54,21512052.0,273991360.0
2024-09-20,13.76,13.98,13.02,13.35,28077030.0,379157472.0
2024-09-23,13.42,13.9,12.88,13.55,19768310.0,264408192.0
2024-09-24,13.29,14.58,13.11,13.79,24486630.0,341823744.0
2024-09-25,13.6,14.28,13.25,13.94,18980264.0,262574016.0
2024-09-26,13.6,14.32,13.35,13.99,17922632.0,247817232.0
2024-09-27,14.0,15.09,13.69,14.54,21451900.0,306259840.0
2024-09-30,14.86,15.88,14.2,15.72,22491888.0,340333248.0
2024-10-08,17.16,17.16,14.95,16.34,24421824.0,394677344.0
2024-10-09,15.62,15.62,14.71,14.71,12157538.0,182789408.0
2024-10-10,14.26,14.55,13.58,13.9,9802729.0,137302528.0
2024-10-11,13.95,14.49,13.65,14.28,9318963.0,132623856.0
2024-10-14,14.3,14.65,14.04,14.61,7959080.0,114665616.0
2024-10-15,14.48,14.76,13.87,13.9,8871150.0,126436288.0
2024-10-16,13.43,13.69,13.22,13.3,8014000.0,107381200.0
2024-10-17,13.29,13.65,13.22,13.28,6382300.0,85661552.0
2024-10-18,13.23,13.96,13.23,13.74,8879887.0,120998040.0
2024-10-21,13.85,14.11,13.61,13.97,8482206.0,117669944.0
2024-10-22,13.97,14.25,13.8,14.03,6727500.0,94323592.0
2024-10-23,14.03,14.03,13.57,13.62,8120702.0,111727832.0
2024-10-24,13.57,14.23,13.48,14.03,8453419.0,117926976.0
2024-10-25,14.89,15.12,14.45,14.66,14035315.0,206516048.0
2024-10-28,14.7,15.88,14.28,15.42,16163507.0,243967568.0
2024-10-29,15.05,16.11,14.66,15.9,19603644.0,301006464.0
2024-10-30,15.53,15.69,15.08,15.25,11670174.0,179506880.0
2024-10-31,15.22,15.72,14.7,15.31,10779204.0,163375888.0
2024-11-01,15.16,15.16,13.78,13.78,9786906.0,140056192.0
2024-11-04,13.3,14.03,13.3,13.9,4923600.0,67857024.0
2024-11-05,13.9,14.19,13.8,14.05,5747400.0,80505016.0
2024-11-06,14.0,14.27,13.83,13.93,5506131.0,77322472.0
2024-11-07,13.81,14.11,13.75,14.09,5435993.0,76172944.0
2024-11-08,14.18,14.29,13.95,14.11,6076467.0,85874968.0
2024-11-11,14.15,14.57,14.15,14.56,6276974.0,90319128.0
2024-11-12,14.56,14.99,14.5,14.66,8223801.0,121362856.0
2024-11-13,14.66,15.18,14.3,15.07,8918095.0,132063912.0
2024-11-14,15.0,15.42,14.62,14.67,9672079.0,145524816.0
2024-11-15,14.61,14.8,14.07,14.07,6371600.0,91793456.0
2024-11-18,14.22,15.22,13.66,13.83,6471601.0,92593232.0
2024-11-19,13.75,14.32,13.67,14.32,4869446.0,68139480.0
2024-11-20,14.21,14.43,14.08,14.35,4260501.0,60825408.0
2024-11-21,14.28,14.45,14.03,14.23,3309100.0,47130984.0
2024-11-22,14.21,14.79,13.77,13.8,5260201.0,75199936.0
2024-11-25,13.8,13.89,13.52,13.88,3253710.0,44710444.0
2024-11-26,13.83,14.17,13.71,13.78,2960800.0,41316584.0
2024-11-27,13.68,13.95,13.16,13.95,3684000.0,49696680.0
2024-11-28,14.08,14.62,13.99,14.32,7194200.0,103445728.0
2024-11-29,14.21,14.47,14.1,14.37,4152000.0,59322608.0
2024-12-02,14.38,14.72,14.35,14.72,5111801.0,74447424.0
2024-12-03,14.74,14.9,14.55,14.76,4477000.0,65932932.0
2024-12-04,14.71,14.84,14.33,14.44,3548468.0,51560644.0
2024-12-05,14.41,14.7,14.3,14.7,2924300.0,42651620.0
2024-12-06,14.7,14.89,14.49,14.71,3466700.0,50948324.0
2024-12-09,14.65,14.7,14.35,14.59,2966000.0,43115480.0
2024-12-10,14.93,15.0,14.44,14.46,3674800.0,53916748.0
2024-12-11,14.55,14.9,14.4,14.85,4816400.0,71034288.0
2024-12-12,14.81,15.08,14.79,15.0,4930001.0,73657424.0
2024-12-13,14.9,14.96,14.58,14.58,3229000.0,47668432.0
2024-12-16,14.6,14.65,14.3,14.46,2499301.0,36227716.0
2024-12-17,14.41,14.56,13.82,13.97,3265110.0,45994864.0
2024-12-18,13.9,14.32,13.5,14.15,2533301.0,35500556.0
2024-12-19,14.01,14.22,13.86,14.12,1866200.0,26225104.0
2024-12-20,14.12,14.49,14.04,14.37,2288800.0,32842920.0
2024-12-23,14.35,14.35,13.0,13.06,5053201.0,67963536.0
2024-12-24,13.26,13.32,12.69,13.16,3677502.0,47778292.0
2024-12-25,13.16,13.24,12.36,12.76,2778401.0,35290048.0
2024-12-26,12.76,13.06,12.62,12.99,2531000.0,32765070.0
2024-12-27,12.99,13.35,12.82,13.09,1911001.0,25141578.0
2024-12-30,13.09,13.09,12.53,12.96,2968300.0,38244128.0
2024-12-31,12.9,13.09,12.4,12.42,2582020.0,32670248.0
2025-01-02,12.42,12.85,12.21,12.4,2885020.0,36138964.0
2025-01-03,12.48,12.6,11.66,11.74,3596400.0,43303668.0
2025-01-06,11.64,11.9,11.1,11.62,2726701.0,31530578.0
2025-01-07,11.8,12.06,11.65,12.06,2487601.0,29520758.0
2025-01-08,12.05,12.14,11.58,12.01,2474210.0,29462444.0
2025-01-09,12.0,12.2,11.82,12.04,1696900.0,20524622.0
2025-01-10,12.0,12.12,11.54,11.55,2492384.0,29327128.0
2025-01-13,11.56,11.7,11.1,11.67,2229584.0,25552098.0
2025-01-14,11.84,12.17,11.7,12.16,2327896.0,28001270.0
2025-01-15,12.25,12.29,12.05,12.07,1853200.0,22504780.0
2025-01-16,12.18,12.33,12.02,12.13,2082020.0,25384654.0
2025-01-17,12.11,12.19,11.95,12.11,1884901.0,22730968.0
2025-01-20,13.0,13.32,12.92,13.32,2673069.0,35448144.0
2025-01-21,13.99,13.99,12.77,12.9,12163304.0,159808768.0
2025-01-22,12.99,13.3,12.67,12.84,6542960.0,84467352.0
2025-01-23,12.86,13.14,12.81,12.82,5147410.0,66880316.0
2025-01-24,12.78,12.89,12.6,12.7,3498500.0,44462580.0
2025-01-27,12.81,13.05,12.73,12.73,3535500.0,45568316.0
2025-02-05,12.8,13.12,12.8,13.12,3008800.0,39073208.0
2025-02-06,13.02,13.25,12.89,13.23,3401701.0,44696236.0
2025-02-07,13.3,13.35,12.97,13.25,3656100.0,48363836.0
2025-02-10,13.2,13.42,13.16,13.42,2659500.0,35414224.0
2025-02-11,13.42,13.58,13.25,13.35,2540600.0,33948224.0
2025-02-12,13.3,13.41,13.06,13.35,3854401.0,51023368.0
2025-02-13,13.33,13.45,13.13,13.23,2736101.0,36403380.0
2025-02-14,13.23,13.32,13.14,13.21,2304900.0,30487800.0
2025-02-17,13.27,13.35,13.07,13.2,2650600.0,35010264.0
2025-02-18,13.19,13.27,12.8,12.87,2657900.0,34685408.0
2025-02-19,12.84,13.18,12.55,13.16,2463400.0,32241098.0
2025-02-20,13.14,13.39,13.05,13.31,2692567.0,35639680.0
2025-02-21,13.31,13.37,13.01,13.2,2395500.0,31522936.0
2025-02-24,13.2,13.31,13.03,13.15,2270244.0,29832716.0
2025-02-25,13.06,13.26,12.99,13.01,2362800.0,30958916.0
2025-02-26,13.01,13.13,12.92,13.06,2384291.0,31028778.0
2025-02-27,13.05,13.19,12.7,12.93,2843414.0,36661660.0
2025-02-28,12.85,12.88,12.36,12.4,2288824.0,28779516.0
2025-03-03,12.49,12.84,12.38,12.53,3186299.0,40294440.0
2025-03-04,12.42,12.83,12.3,12.83,1929875.0,24484948.0
2025-03-05,12.74,12.89,12.49,12.64,2111275.0,26588594.0
2025-03-06,12.65,12.75,12.59,12.7,1962600.0,24893556.0
2025-03-07,12.69,12.73,12.45,12.53,1804575.0,22720708.0
2025-03-10,12.58,12.7,12.47,12.56,1438201.0,18073936.0
2025-03-11,12.5,12.59,12.33,12.58,1498401.0,18698566.0
2025-03-12,12.63,12.83,12.55,12.75,2634600.0,33473004.0
2025-03-13,12.76,12.77,12.33,12.53,2648800.0,33019808.0
2025-03-14,12.51,12.87,12.4,12.85,2698300.0,34246540.0
2025-03-17,12.85,13.08,12.76,12.99,2342286.0,30356464.0
2025-03-18,13.0,13.1,12.95,13.1,2151600.0,28034516.0
2025-03-19,13.12,13.14,12.83,12.93,1686201.0,21801714.0
2025-03-20,12.96,13.03,12.84,12.9,1780045.0,23040318.0
2025-03-21,12.86,12.9,12.56,12.65,2031101.0,25812858.0
2025-03-24,12.64,12.72,11.85,12.15,2662500.0,32579060.0
2025-03-25,12.13,12.25,11.91,12.17,2440844.0,29613456.0
2025-03-26,12.1,12.49,12.06,12.38,2412600.0,29895980.0
2025-03-27,12.4,12.48,12.08,12.35,1282800.0,15754876.0
2025-03-28,12.35,12.41,12.14,12.14,1330200.0,16286243.0
2025-03-31,12.16,12.18,11.9,12.06,1374800.0,16522818.0
2025-04-01,12.05,12.36,12.03,12.24,1661200.0,20371792.0
2025-04-02,12.24,12.48,12.12,12.22,1570001.0,19303924.0
2025-04-03,12.04,12.29,12.0,12.15,1381100.0,16762737.0
2025-04-07,11.79,11.8,10.94,10.94,2009600.0,22291920.0
2025-04-08,10.5,10.81,9.85,10.05,5540400.0,56007588.0
2025-04-09,9.8,10.33,9.22,10.26,4854300.0,47421316.0
2025-04-10,10.42,11.01,10.42,10.81,3507000.0,38034808.0
2025-04-11,10.83,11.16,10.72,10.93,2096700.0,23023326.0
2025-04-14,11.14,11.48,11.14,11.3,2417273.0,27367078.0
2025-04-15,11.23,11.49,11.14,11.27,1694401.0,19089744.0
2025-04-16,11.2,11.3,10.86,11.11,1787968.0,19810566.0
2025-04-17,11.17,11.28,11.01,11.17,1594000.0,17844516.0
2025-04-18,11.11,11.27,10.99,11.24,1514569.0,16850836.0
2025-04-21,11.2,11.45,11.08,11.41,1663800.0,18877502.0
2025-04-22,11.45,11.49,11.32,11.42,1895000.0,21591168.0
2025-04-23,11.5,11.53,11.36,11.46,1729000.0,19780910.0
2025-04-24,11.41,11.59,11.22,11.31,2203875.0,25106002.0
2025-04-25,11.32,11.49,11.2,11.44,1803400.0,20560192.0
2025-04-28,11.44,11.5,11.24,11.41,1666668.0,18928526.0
2025-04-29,11.37,11.61,11.28,11.5,2440600.0,28036256.0
2025-04-30,11.55,11.75,11.55,11.73,2376800.0,27746694.0
2025-05-06,11.71,11.94,11.49,11.92,3200600.0,37784172.0
2025-05-07,11.99,12.16,11.78,12.07,3079700.0,36804952.0
2025-05-08,12.06,12.1,11.92,12.0,2200801.0,26439162.0
2025-05-09,12.08,12.18,11.89,11.98,2261100.0,27148180.0
2025-05-12,12.12,12.16,11.98,12.05,1625200.0,19597056.0
2025-05-13,12.2,12.26,11.96,12.0,1740399.0,21043428.0
2025-05-14,12.02,12.11,11.82,11.9,1961176.0,23352432.0
2025-05-15,11.72,11.95,11.72,11.8,1314129.0,15547173.0
2025-05-16,11.87,12.05,11.76,11.9,1867100.0,22328904.0
2025-05-19,12.03,12.32,11.92,12.15,2254801.0,27350786.0
2025-05-20,12.15,12.24,12.02,12.23,1566700.0,19019300.0
2025-05-21,12.22,12.29,11.98,12.1,1191500.0,14400861.0
2025-05-22,12.11,13.1,12.01,12.38,9159853.0,114501352.0
2025-05-23,12.59,12.71,12.02,12.07,7203685.0,88655728.0
2025-05-26,12.07,12.35,12.07,12.28,3235950.0,39592452.0
2025-05-27,12.25,12.35,12.12,12.24,1979300.0,24192472.0
2025-05-28,12.2,12.33,12.0,12.07,2047268.0,24803466.0
2025-05-29,12.09,12.58,12.06,12.51,3375800.0,41789320.0
2025-05-30,12.46,12.58,12.18,12.21,2113400.0,26087236.0
2025-06-03,12.2,12.28,12.04,12.12,1867600.0,22703602.0
2025-06-04,12.12,12.24,12.09,12.22,1216900.0,14830943.0
2025-06-05,12.3,12.41,12.17,12.36,2028300.0,24963976.0
2025-06-06,12.34,12.58,12.31,12.57,2437201.0,30388366.0
2025-06-09,12.64,13.0,12.5,12.85,4199367.0,53594524.0
2025-06-10,12.93,14.14,12.64,12.7,16066054.0,211698432.0
2025-06-11,12.84,12.96,12.47,12.73,8958174.0,113920720.0
2025-06-12,12.65,12.95,12.52,12.62,5451268.0,69028736.0
2025-06-13,12.56,12.64,12.35,12.38,3921153.0,48780756.0
2025-06-16,12.35,12.62,12.2,12.53,2680867.0,33600212.0
2025-06-17,12.53,13.78,12.46,13.78,9294669.0,126290280.0
2025-06-18,13.9,15.16,13.41,15.16,26983680.0,390246944.0
2025-06-19,15.92,16.68,14.55,14.58,41055232.0,658987968.0
2025-06-20,14.01,15.2,13.5,13.65,31896360.0,450591840.0
2025-06-23,13.26,14.09,13.26,13.88,21940500.0,301542976.0
2025-06-24,14.33,14.87,14.08,14.2,21831892.0,313248928.0
2025-06-25,14.2,14.51,13.83,14.02,13605911.0,191234688.0
2025-06-26,14.15,14.8,13.95,13.95,16103072.0,229261728.0
2025-06-27,13.88,14.0,13.53,13.61,11555151.0,157642656.0
2025-06-30,13.8,14.69,13.7,14.29,13773701.0,194789168.0
2025-07-01,14.28,14.35,13.95,14.17,7769851.0,109830248.0
2025-07-02,14.12,14.12,13.82,13.96,5421703.0,75454528.0
2025-07-03,13.99,14.08,13.84,13.95,4251300.0,59181520.0
2025-07-04,13.91,13.96,13.47,13.63,6595000.0,89742536.0
2025-07-07,13.63,13.79,13.45,13.7,3521100.0,48051792.0
2025-07-08,13.67,13.85,13.66,13.79,3654941.0,50358500.0
2025-07-09,13.8,13.82,13.49,13.52,4510940.0,61399304.0
2025-07-10,13.5,13.55,13.37,13.5,3232454.0,43482360.0
2025-07-11,13.5,13.54,13.3,13.47,3592140.0,48208116.0
2025-07-14,13.45,13.52,13.36,13.49,2533700.0,34084892.0
2025-07-15,13.5,13.53,13.12,13.26,3137500.0,41545640.0
2025-07-16,13.28,13.45,13.1,13.35,2203800.0,29418328.0
2025-07-17,13.36,13.46,13.18,13.43,2540000.0,34008020.0
2025-07-18,13.48,13.49,13.26,13.41,2397600.0,31970090.0
2025-07-21,13.42,13.54,13.35,13.48,3420600.0,46008936.0
2025-07-22,13.48,13.52,13.17,13.21,3950700.0,52360128.0
2025-07-23,13.24,13.24,13.07,13.1,2539700.0,33415228.0
2025-07-24,13.1,13.28,13.1,13.22,2621500.0,34643044.0
2025-07-25,13.25,13.39,13.21,13.37,2857600.0,38047816.0
2025-07-28,13.44,13.51,13.3,13.48,3142200.0,42235580.0
2025-07-29,13.41,13.49,13.31,13.48,2674000.0,35814860.0
2025-07-30,13.42,13.49,13.24,13.35,3344090.0,44624036.0
2025-07-31,13.39,13.96,13.07,13.12,6421110.0,86158160.0
2025-08-01,13.13,13.42,13.07,13.39,4460600.0,59319680.0
2025-08-04,13.39,13.5,13.28,13.5,3392300.0,45611324.0
2025-08-05,13.49,13.83,13.48,13.8,5597600.0,76737056.0
2025-08-06,13.8,13.82,13.67,13.78,3753401.0,51595744.0
2025-08-07,13.78,14.16,13.74,14.08,6721210.0,93947968.0
2025-08-08,14.16,14.3,13.7,13.79,9911840.0,137739920.0
2025-08-11,13.86,14.23,13.75,14.06,8221815.0,115233704.0
2025-08-12,14.07,14.53,14.0,14.33,6697621.0,95445160.0
2025-08-13,14.3,14.37,14.03,14.08,4950900.0,69960768.0
2025-08-14,14.1,14.15,13.8,13.87,4403352.0,61347620.0
2025-08-15,13.82,13.96,13.79,13.9,3209900.0,44559556.0
2025-08-18,13.98,14.15,13.94,13.98,3676900.0,51669060.0
2025-08-19,14.09,14.2,13.88,14.13,4745121.0,66870344.0
2025-08-20,14.14,14.37,14.07,14.36,4820500.0,68645272.0
2025-08-21,14.41,14.6,14.27,14.41,4954910.0,71572496.0
2025-08-22,14.45,14.51,14.25,14.36,3853110.0,55289812.0
2025-08-25,14.36,14.49,14.18,14.28,4291700.0,61284592.0
2025-08-26,14.27,14.55,14.19,14.46,4171377.0,60158808.0
2025-08-27,14.46,14.55,14.0,14.01,4418423.0,63140664.0
2025-08-28,14.01,14.37,13.58,14.18,5173601.0,72408480.0
2025-08-29,14.25,14.27,13.93,13.94,3188401.0,44805976.0
2025-09-01,14.08,14.32,13.92,14.16,3785400.0,53681268.0
2025-09-02,14.11,14.16,13.68,13.9,4096493.0,56733268.0
2025-09-03,13.9,14.02,13.45,13.53,3326630.0,45657692.0
2025-09-04,13.53,13.77,13.26,13.51,3008100.0,40821128.0
2025-09-05,13.55,13.74,13.33,13.7,3136501.0,42596640.0
2025-09-08,13.72,13.89,13.62,13.77,2302725.0,31705730.0
2025-09-09,13.89,13.9,13.53,13.63,2837100.0,38695880.0
2025-09-10,13.6,13.76,13.56,13.65,2043212.0,27911636.0
2025-09-11,13.64,13.92,13.44,13.9,2894000.0,39814524.0
2025-09-12,13.91,13.94,13.75,13.83,1970900.0,27317604.0
2025-09-15,13.84,13.88,13.64,13.71,2103300.0,28805072.0
2025-09-16,13.71,13.91,13.63,13.9,2797800.0,38563464.0
2025-09-17,13.93,14.02,13.8,13.9,2665145.0,37074004.0
2025-09-18,13.87,13.99,13.6,13.71,3549902.0,48911004.0
2025-09-19,13.7,13.85,13.55,13.63,2839200.0,38791016.0
2025-09-22,13.56,13.69,13.43,13.55,1966000.0,26596752.0
2025-09-23,13.6,14.08,12.8,13.9,7140836.0,96263328.0
2025-09-24,14.2,14.2,13.7,13.96,6238119.0,87369048.0
2025-09-25,13.96,15.36,13.7,15.36,12118563.0,182058912.0
2025-09-26,16.9,16.9,16.9,16.9,16227955.0,274252448.0
2025-09-29,15.22,16.8,15.21,15.45,32081072.0,503765664.0
2025-09-30,14.7,15.25,14.67,14.78,20127300.0,298691264.0
2025-10-09,15.16,15.3,14.48,14.73,14592843.0,216817488.0
2025-10-10,14.43,15.14,14.29,14.86,12123802.0,177389680.0
2025-10-13,14.02,14.55,13.72,14.44,9016592.0,128803568.0
2025-10-14,14.55,15.11,14.4,14.9,14181732.0,208764384.0
2025-10-15,14.75,14.88,14.41,14.58,9124730.0,133008392.0
2025-10-16,14.6,14.87,14.21,14.28,6993316.0,101562952.0
2025-10-17,14.28,14.36,13.87,13.87,7179105.0,101042848.0
2025-10-20,14.05,14.4,14.05,14.28,7213000.0,102881144.0
2025-10-21,14.3,14.53,14.12,14.53,5726001.0,82403712.0
2025-10-22,14.55,14.83,14.5,14.56,9086300.0,132997224.0
2025-10-23,15.0,15.32,14.61,14.75,13003500.0,193962688.0
2025-10-24,14.73,14.89,14.47,14.56,9625900.0,140922704.0
2025-10-27,14.59,14.8,14.36,14.39,6256800.0,90651296.0
2025-10-28,14.35,15.36,14.29,15.02,17383180.0,260753680.0
2025-10-29,15.03,15.05,14.68,14.74,9928881.0,146673760.0
2025-10-30,14.8,14.91,14.47,14.69,8769481.0,128981056.0
2025-10-31,14.6,14.8,14.5,14.66,6774001.0,99125944.0
2025-11-03,14.62,14.96,14.5,14.96,8178701.0,121064784.0
2025-11-04,14.92,15.05,14.82,15.0,6868081.0,102695256.0
2025-11-05,14.84,15.09,14.75,15.01,6674883.0,99689560.0
2025-11-06,15.0,15.04,14.81,14.88,4579700.0,68217536.0
2025-11-07,14.8,15.15,14.68,15.12,6903910.0,103863520.0
2025-11-10,15.13,15.36,15.03,15.13,7034211.0,106911304.0
2025-11-11,15.14,15.41,15.05,15.34,6007200.0,91882512.0
2025-11-12,15.3,15.68,15.2,15.4,8168400.0,126404856.0
2025-11-13,15.33,15.68,14.99,15.48,8101000.0,124344392.0
2025-11-14,15.45,15.75,15.34,15.64,7754100.0,120921144.0
2025-11-17,15.69,16.18,15.4,15.45,11866400.0,187158960.0
2025-11-18,15.7,15.75,15.28,15.7,7016485.0,109242288.0
2025-11-19,15.64,16.42,15.48,16.12,13085145.0,209677280.0
2025-11-20,15.93,16.69,15.63,15.8,14519442.0,233877536.0
2025-11-21,15.68,16.81,15.57,15.96,16073291.0,260226912.0
2025-11-24,15.96,16.47,15.15,15.66,15047481.0,236784432.0
2025-11-25,15.8,16.5,15.35,15.42,11094000.0,173869152.0
2025-11-26,15.4,16.96,14.96,16.4,22454538.0,363902048.0
2025-11-27,16.12,17.98,15.73,17.06,24361880.0,406656704.0
2025-11-28,17.06,17.1,16.4,16.55,12821400.0,212551520.0
2025-12-01,16.56,17.04,16.41,16.61,10478975.0,175049712.0
2025-12-02,16.4,16.54,16.06,16.11,8959300.0,145157664.0
2025-12-03,16.04,17.69,15.9,16.81,18643900.0,316095712.0
2025-12-04,16.66,16.73,16.01,16.13,10938000.0,177723792.0
2025-12-05,16.12,16.12,15.05,15.63,10828400.0,167344800.0
2025-12-08,15.64,17.19,15.64,17.19,12208400.0,202655376.0
2025-12-09,17.19,17.69,16.78,16.94,18240102.0,311556576.0
2025-12-10,16.66,17.15,16.51,16.8,11096750.0,185719984.0
2025-12-11,16.75,16.75,16.05,16.09,10060600.0,163593568.0
2025-12-12,16.33,16.39,15.31,15.33,10001401.0,156870288.0
2025-12-15,15.15,15.19,14.45,14.74,8398301.0,124103200.0
2025-12-16,14.71,14.74,13.96,14.0,6741701.0,95559928.0
2025-12-17,13.86,14.23,13.72,14.16,5713400.0,79966224.0
2025-12-18,14.04,14.34,14.0,14.08,4049701.0,57436056.0
2025-12-19,14.23,14.33,14.04,14.26,3155000.0,44772376.0
2025-12-22,14.26,14.48,14.16,14.47,3832600.0,55119744.0
2025-12-23,14.4,14.45,13.95,13.96,4347200.0,61393120.0
2025-12-24,13.96,14.14,13.94,14.05,2313000.0,32522388.0
2025-12-25,14.1,14.22,13.98,14.16,3348200.0,47225916.0
2025-12-26,14.09,14.18,13.96,14.04,3398300.0,47792276.0
2025-12-29,14.14,14.21,13.92,14.06,3980158.0,55973888.0
2025-12-30,14.06,14.08,13.64,13.74,5465000.0,75442920.0
2025-12-31,13.74,13.99,13.59,13.87,3486157.0,48080304.0
2026-01-05,13.88,14.31,13.85,14.16,5769400.0,81146832.0
2026-01-06,14.12,14.79,14.11,14.75,7053401.0,101873784.0
2026-01-07,14.7,15.05,14.38,14.45,4649100.0,68001936.0
2026-01-08,14.4,14.95,14.3,14.86,5208100.0,75807928.0
2026-01-09,14.85,15.4,14.49,14.82,12237219.0,182193280.0
2026-01-12,14.99,15.23,14.74,14.89,10623951.0,159153296.0
2026-01-13,14.9,14.95,14.36,14.41,6257301.0,91319560.0
2026-01-14,14.4,14.59,14.01,14.32,6739700.0,96779848.0
2026-01-15,14.28,14.46,14.12,14.33,4144992.0,59327208.0
2026-01-16,14.4,14.58,14.12,14.54,5400285.0,77464024.0
2026-01-19,14.47,14.68,14.35,14.67,3631700.0,52873688.0
2026-01-20,14.69,14.82,14.49,14.62,4115300.0,60248840.0
2026-01-21,14.58,14.79,14.47,14.78,4286200.0,63041936.0
2026-01-22,14.8,15.16,14.69,15.09,5681700.0,85102992.0
2026-01-23,15.09,15.3,14.96,15.14,3730400.0,56294716.0
2026-01-26,15.18,15.29,14.88,15.14,4320599.0,65307336.0
2026-01-27,15.08,15.18,14.7,15.03,3273200.0,48828944.0
2026-01-28,15.02,15.14,14.73,14.81,3282445.0,48708452.0
2026-01-29,14.81,15.04,14.45,14.59,3927650.0,57972876.0
2026-01-30,14.5,16.05,14.4,14.92,16142617.0,246939344.0
2026-02-02,14.78,15.37,14.7,14.93,13918450.0,209798144.0
2026-02-03,14.96,15.24,14.87,15.12,7296097.0,109973752.0
2026-02-04,15.08,15.47,14.95,15.39,8298001.0,127006264.0
2026-02-05,15.3,15.46,15.15,15.21,5450798.0,83472400.0
2026-02-06,15.21,15.5,15.01,15.3,5655264.0,86671352.0
2026-02-09,15.43,15.51,15.24,15.3,5261102.0,80839936.0
2026-02-10,15.27,15.5,15.2,15.43,5064564.0,77956640.0
2026-02-11,15.42,15.46,15.2,15.3,3423800.0,52328864.0
2026-02-12,15.34,15.38,15.01,15.08,3967300.0,60093272.0
2026-02-13,15.0,15.27,14.96,15.0,3175202.0,47978736.0
2026-02-24,15.14,15.36,15.04,15.36,3043301.0,46364374.0
2026-02-25,15.37,15.46,15.31,15.41,3496200.0,53767408.0
2026-02-26,15.4,15.5,15.2,15.32,3544200.0,54261451.0
2026-02-27,15.3,15.32,15.0,15.09,3806900.0,57454713.0
2026-03-02,14.6,15.06,14.4,14.45,4507800.0,65727239.0
2026-03-03,14.55,14.7,13.91,13.95,4123200.0,58970071.0
2026-03-04,13.74,14.04,13.72,13.88,2557800.0,35495981.0
2026-03-05,14.16,14.54,14.13,14.28,3966900.0,56952573.0
2026-03-06,14.2,14.52,14.08,14.52,2621600.0,37727427.0
2026-03-09,14.41,14.44,14.14,14.3,2661000.0,37983506.0
2026-03-10,14.47,14.77,14.47,14.76,2768511.0,40594264.0
2026-03-11,14.76,14.87,14.63,14.77,2359411.0,34795735.0
2026-03-12,14.77,14.77,14.42,14.49,2095900.0,30499882.0
2026-03-13,14.43,14.76,14.37,14.49,2165500.0,31514277.0
2026-03-16,14.49,15.94,14.35,15.94,7182754.0,113245908.0
2026-03-17,17.53,17.53,17.53,17.53,7418502.0,130046340.0
2026-03-18,19.28,19.28,19.28,19.28,2892080.0,55759302.0
2026-03-19,21.21,21.21,21.21,21.21,3252082.0,68976659.0
2026-03-20,23.33,23.33,23.33,23.33,5264059.0,122810496.0
2026-03-23,25.66,25.66,21.0,21.0,46600367.0,1003657223.0
2026-03-24,20.36,20.58,18.9,18.95,41189624.0,786592738.0
2026-03-25,17.78,18.26,17.44,17.68,33837790.0,601031708.0
2026-03-26,17.07,17.68,17.07,17.32,22464990.0,387362201.0
2026-03-27,16.98,17.0,16.72,16.79,18078812.0,304652176.0
2026-03-30,16.28,16.52,16.03,16.2,15213747.0,246204064.0
2026-03-31,16.15,16.33,15.83,15.93,12572770.0,202063038.0
2026-04-01,16.1,16.2,15.86,16.18,11211031.0,179802591.0
2026-04-02,15.94,15.99,15.4,15.47,11758721.0,184180138.0
2026-04-03,15.49,15.52,14.74,14.82,10597160.0,158944793.0
2026-04-07,14.82,15.26,14.82,15.23,9077833.0,137071352.0
2026-04-08,15.48,15.64,15.34,15.61,9364501.0,145528063.0
2026-04-09,15.5,15.79,15.37,15.58,8888600.0,138763109.0
2026-04-10,15.73,15.97,15.63,15.8,9346261.0,147726706.0
2026-04-13,15.79,15.92,15.49,15.84,7024900.0,110238791.0
2026-04-14,15.88,16.08,15.76,16.03,7812600.0,124438914.0
2026-04-15,15.98,16.03,15.66,15.73,5933300.0,93656555.0
2026-04-16,15.8,15.91,15.6,15.9,6702000.0,105743543.0
2026-04-17,15.75,15.85,15.69,15.78,4744800.0,74802410.0
2026-04-20,15.81,16.08,15.69,16.06,5799800.0,92419340.0
2026-04-21,15.96,15.99,15.62,15.97,6062400.0,95693492.0
2026-04-22,15.89,15.96,15.7,15.88,4766200.0,75526864.0
2026-04-23,15.88,15.88,15.39,15.49,5852100.0,90889895.0
2026-04-24,15.4,15.47,15.15,15.33,4790590.0,73182980.0
2026-04-27,15.34,15.87,15.03,15.84,8213617.0,127709270.0
2026-04-28,15.81,15.81,15.52,15.73,5161200.0,80773494.0
2026-04-29,15.55,16.07,15.55,15.93,5947500.0,94820610.0
2026-04-30,15.9,16.22,15.85,15.96,4470001.0,71538918.0
2026-05-06,16.01,16.15,15.78,15.95,7281860.0,116048014.0
2026-05-07,16.0,16.15,15.92,16.02,5753277.0,92410575.0
2026-05-08,14.94,16.0,14.42,14.42,7848800.0,114361992.0
2026-05-11,14.05,14.93,14.05,14.49,18679385.0,270388575.0
2026-05-12,14.49,14.49,14.03,14.1,8791900.0,125084863.0
2026-05-13,14.15,14.29,13.75,13.77,8053500.0,112315548.0
2026-05-14,13.94,14.7,13.8,13.96,11729200.0,166191181.0
2026-05-15,13.92,14.03,13.53,13.58,7156900.0,98318983.0
2026-05-18,13.72,13.72,13.22,13.49,4461200.0,59760005.0
2026-05-19,13.45,13.63,13.29,13.47,4548500.0,61185465.0
2026-05-20,13.52,13.6,13.15,13.25,3644300.0,48335340.0
2026-05-21,13.44,14.42,12.79,12.8,9289100.0,124887330.0
2026-05-22,13.0,13.37,12.67,13.21,7684000.0,100542105.0
2026-05-25,13.29,13.3,12.86,12.98,4467000.0,58219863.0
2026-05-26,12.87,13.03,12.71,12.97,4625837.0,59607384.0
2026-05-27,12.97,13.0,12.41,12.48,4984100.0,62630609.0
2026-05-28,12.48,12.75,12.29,12.68,4732800.0,59543395.0
2026-05-29,12.7,12.76,12.38,12.46,4324937.0,54181230.0
2026-06-01,12.46,12.97,12.3,12.75,4473500.0,57194930.0
2026-06-02,12.82,12.87,12.42,12.59,3664300.0,46029521.0
2026-06-03,12.52,12.7,12.32,12.43,3275500.0,40959313.0
2026-06-04,12.31,12.58,12.2,12.35,3085900.0,38013953.0
2026-06-05,12.38,12.61,12.0,12.46,3995300.0,49295703.0
2026-06-08,12.3,12.36,11.68,11.87,3699400.0,44378866.0
2026-06-09,12.16,12.16,11.75,11.99,3421900.0,41028158.0
2026-06-10,11.92,11.96,11.6,11.77,2927300.0,34392269.0
2026-06-11,11.66,11.76,11.44,11.69,2858200.0,33112004.0
2026-06-12,11.75,11.94,11.61,11.69,2987900.0,35133975.0
2026-06-15,11.73,12.12,11.7,11.95,3558300.0,42526445.0
2026-06-16,11.95,12.24,11.56,12.2,4169900.0,49942684.0
2026-06-17,12.11,12.18,11.76,11.87,3747101.0,44649635.0
2026-06-18,11.86,11.86,11.47,11.54,3395331.0,39385963.0
2026-06-22,11.45,11.65,11.1,11.64,3994865.0,45303888.0
2026-06-23,11.79,12.0,11.46,11.75,4702100.0,55556996.0
2026-06-24,11.76,11.77,10.92,11.26,4815300.0,54104300.0
2026-06-25,11.3,11.77,10.92,11.07,4172300.0,46415910.0
2026-06-26,10.88,11.11,10.69,10.85,4310200.0,46829460.0
2026-06-29,10.79,10.88,10.43,10.76,4375800.0,46804254.0
2026-06-30,10.76,11.08,10.67,10.9,4082900.0,44529588.0
2026-07-01,10.89,11.5,10.8,11.17,6219100.0,69233928.0
2026-07-02,11.22,11.57,11.03,11.08,5723400.0,64453837.0
2026-07-03,11.11,11.28,11.0,11.16,4208700.0,46992368.0
2026-07-06,11.15,11.35,10.93,10.94,3298400.0,36564898.0
2026-07-07,10.94,10.94,10.45,10.63,2762200.0,29377150.0
2026-07-08,10.41,10.62,10.28,10.38,3189800.0,33139725.0
2026-07-09,10.38,10.62,10.06,10.59,3573700.0,37084554.0
2026-07-10,10.55,10.9,10.36,10.6,4340200.0,46366492.0
2026-07-13,10.63,10.63,10.07,10.1,3726710.0,38238668.0
2026-07-14,10.1,10.41,10.0,10.4,4081000.0,41710985.0
2026-07-15,10.41,10.61,10.23,10.43,2614100.0,27275627.0
2026-07-16,10.43,10.72,10.24,10.47,3377346.0,35550429.0
2026-07-17,10.46,10.65,9.92,9.99,3809300.0,39038405.0
2026-07-20,10.06,10.48,9.55,9.76,5369900.0,53904961.0
2026-07-21,9.76,9.9,9.15,9.77,5417005.0,51920361.0
2026-07-22,9.77,9.88,9.45,9.6,2992900.0,28842732.0
2026-07-23,9.55,10.06,9.55,9.96,3152000.0,30907653.0
2026-07-24,9.9,9.96,9.7,9.74,2288300.0,22467116.0
2026-07-27,9.63,10.13,9.63,10.1,2877300.0,28742907.0
2026-07-28,10.12,10.39,10.05,10.18,3282400.0,33684780.0
2026-07-29,10.18,10.43,10.07,10.36,2663800.0,27455516.0
2026-07-30,10.28,10.75,10.23,10.37,5347655.0,56060285.0
2026-07-31,10.26,10.59,10.26,10.5,4468400.0,46827166.0
2026-08-03,10.48,10.86,10.41,10.82,4229600.0,45196341.0
2026-08-04,10.88,10.99,10.75,10.85,4734700.0,51420954.0
2026-08-05,10.85,10.98,10.81,10.92,3667900.0,39942310.0
2026-08-06,10.88,11.08,10.77,11.06,3366300.0,36799630.0
2026-08-07,11.07,11.07,10.72,10.92,3214000.0,34927060.0
2026-08-10,10.92,11.15,10.84,11.15,2861900.0,31621174.0
2026-08-11,11.01,11.24,10.99,11.17,2398800.0,26689819.0
2026-08-12,11.11,11.39,11.11,11.35,2601340.0,29393098.0
2026-08-13,11.46,11.48,11.17,11.19,3265701.0,36748908.0
2026-08-14,11.21,11.34,11.06,11.22,2627233.0,29334939.0
2026-08-17,11.23,11.42,11.1,11.35,2777333.0,31451817.0
2026-08-18,11.36,12.49,11.11,12.49,6721603.0,81038088.0
2026-08-19,13.7,13.74,12.85,13.74,19140200.0,260630962.0
2026-08-20,12.5,12.78,12.37,12.37,14840167.0,184128224.0
2026-08-21,11.7,12.11,11.13,11.74,26107532.0,297765056.0
2026-08-24,11.44,12.4,11.4,12.3,24800754.0,296090304.0
2026-08-25,11.85,12.72,11.56,12.69,21307168.0,261407360.0
2026-08-26,12.63,12.92,12.46,12.71,17251142.0,219335152.0
2026-08-27,12.61,13.23,12.58,13.14,14303813.0,185758720.0
2026-08-28,13.01,13.7,12.83,13.08,16104374.0,211213872.0
2026-08-31,12.99,13.48,12.65,12.68,13527334.0,174455834.34
2026-09-01,12.87,13.18,12.6,13.05,13149907.0,170539630.88
2026-09-02,12.88,13.05,12.6,12.63,7610108.0,97046168.0
2026-09-03,12.86,12.86,12.35,12.41,6514000.0,81311583.99
2026-09-04,12.48,12.65,12.21,12.28,5657501.0,70423663.52
