date,open,high,low,close,volume,amount
2015-01-05,25.823287680245596,26.68006032576072,25.262782211217008,26.07951875180152,18088586.0,588223872.0
2015-01-06,26.063504309829273,27.624912402123194,25.591078271648037,27.18451524788645,27047072.0,903169984.0
2015-01-07,27.144479142955834,27.200529689858694,26.311728160399078,26.632016999843984,14415786.0,480484416.0
2015-01-08,26.632016999843984,27.21654413183094,26.511908685052145,26.752125314635823,14346152.0,482613632.0
2015-01-09,26.66404588378847,27.056399712108483,25.99143932095417,26.01546098391254,14067644.0,466990336.0
2015-01-12,25.59908549263416,25.59908549263416,24.710283963174543,24.926478929799856,11665587.0,365746560.0
2015-01-13,25.038580023605572,25.751222691370486,24.926478929799856,25.551042166717423,9020096.0,286577056.0
2015-01-14,25.5430349457313,28.105345661290556,25.246767769244762,28.105345661290556,37053728.0,1273393024.0
2015-01-15,28.017266230443205,29.426537124000795,27.624912402123194,28.17741065016566,35708816.0,1271928704.0
2015-01-16,27.88915069466524,29.418529903014672,27.384695772539516,29.01016163272241,27255932.0,973951488.0
2015-01-19,27.86512903170687,30.907873006433487,27.704984611984422,29.242371041319977,33477524.0,1235853568.0
2015-01-20,29.362479356111812,30.627620271919195,29.362479356111812,29.930992046126523,24434534.0,912850624.0
2015-01-21,29.826898173306926,30.419432526280005,29.26639270427834,30.027078697959993,24238404.0,899327808.0
2015-01-22,30.051100360918362,32.81359160113068,29.378493798084058,31.796674535893104,36016288.0,1383108864.0
2015-01-23,31.228161845878393,31.772652872934735,30.747728586711034,30.827800796572262,22090772.0,858199936.0
2015-01-26,30.827800796572262,31.316241276725744,29.65874653259835,30.16320145472408,19416858.0,733276096.0
2015-01-27,30.123165349793464,30.827800796572262,29.882948720209786,30.419432526280005,14889170.0,565370240.0
2015-01-28,30.475483073182865,30.587584166988584,29.546645438792634,29.63472486963998,11584262.0,432846432.0
2015-01-29,29.626717648653862,29.626717648653862,28.585778920457916,28.87403887595833,8776002.0,319008928.0
2015-01-30,29.10624828455589,29.69077541654284,28.98613996976405,29.002154411736292,9039378.0,331625888.0
2015-02-02,28.585778920457916,29.13827716850038,28.409620058763213,28.66585113031914,6786239.0,243407280.0
2015-02-03,28.842009992013843,29.77084762640407,28.753930561166488,29.546645438792634,9385500.0,345244160.0
2015-02-04,29.77084762640407,29.77084762640407,29.11425550554201,29.1462843894865,8189183.0,300481024.0
2015-02-05,29.346464914139567,29.346464914139567,28.249475639040764,28.249475639040764,10785139.0,385864128.0
2015-02-06,28.169403429179535,28.169403429179535,26.327742602371323,26.64803144181623,11408846.0,386235136.0
2015-02-09,26.7441180936497,27.13647192196971,26.335749823357446,26.423829254204794,6335466.0,211685888.0
2015-02-10,26.351764265329688,26.9202769553444,26.0715115308154,26.904262513372156,6353390.0,209997696.0
2015-02-11,26.896255292386034,27.584876297192583,26.73611087266358,27.32063800465053,6535445.0,222494512.0
2015-02-12,27.46476798240074,27.624912402123194,27.064406933094606,27.088428596052974,5908728.0,202174816.0
2015-02-13,27.31263078366441,28.425634500735462,27.31263078366441,28.353569511860353,11745873.0,412155168.0
2015-02-16,28.63382224637465,28.90606775990282,28.201432313124027,28.52972837355506,8532185.0,304527904.0
2015-02-17,28.52972837355506,31.228161845878393,28.273497301999132,30.16320145472408,20502636.0,771466240.0
2015-02-25,30.21124478064081,30.331353095432657,29.06621217962527,29.570667101751003,13023491.0,483118656.0
2015-02-26,29.458566007945283,30.147187012751832,29.314436030195075,29.7468259634457,9789527.0,363399808.0
2015-02-27,29.979035372043256,31.196132961933905,29.86693427823754,30.259288106557552,15528488.0,592144320.0
2015-03-02,30.299324211488166,30.539540841071844,30.011064255987748,30.33936031641878,11073200.0,417571264.0
2015-03-03,30.355374758391022,30.619613050933072,29.826898173306926,29.922984825140396,12429375.0,467851840.0
2015-03-04,29.86693427823754,30.235266443599183,29.370486577097935,29.626717648653862,11432676.0,424369824.0
2015-03-05,29.586681543723248,29.586681543723248,28.99414719075017,29.226356599347728,10399823.0,379116000.0
2015-03-06,29.226356599347728,31.140082415031046,29.186320494417117,30.907873006433487,26080552.0,986379520.0
2015-03-09,30.755735807697153,30.755735807697153,29.626717648653862,30.451461410224496,15448097.0,583611712.0
2015-03-10,30.26729532754367,30.827800796572262,30.10715090782122,30.355374758391022,13138218.0,500871904.0
2015-03-11,30.1712086757102,32.72551217028333,30.10715090782122,32.20504280618536,32438274.0,1284314624.0
2015-03-12,32.100948933365764,35.35188065373156,31.708595105045756,33.88655921327112,31745444.0,1340614656.0
2015-03-13,34.04670363299358,35.20775067598136,32.84562048507517,33.91058087622949,21237056.0,899434368.0
2015-03-16,34.062718074965815,36.192638857274446,33.374097070159266,35.67216949317647,28829518.0,1251392640.0
2015-03-17,35.71220559810709,37.23357758547039,35.04760625625891,35.76825614500994,27112950.0,1221353088.0
2015-03-18,35.87235001782954,36.56097102263609,35.07162791921727,35.68818393514872,21606978.0,960242048.0
2015-03-19,35.471988968523405,35.471988968523405,34.230869715674395,34.44706468229971,23836444.0,1032708352.0
2015-03-20,34.44706468229971,35.19173623400911,34.24688415764664,34.615216323008276,15530850.0,672365376.0
2015-03-23,34.58318743906379,35.223765117953604,34.39101413539685,34.919490720480944,16971008.0,739908928.0
2015-03-24,35.0796351402034,35.76024892402382,33.6303281417152,34.679274090897266,21061692.0,919566784.0
2015-03-25,34.71130297484176,34.81539684766135,33.870544771298874,34.102754179896436,15390323.0,656621696.0
2015-03-26,34.030689191021324,35.37590231668993,33.6303281417152,35.23177233893973,24320404.0,1063724608.0
2015-03-27,35.327858990773194,35.99245833262138,34.71130297484176,34.839418510619716,12716536.0,558305664.0
2015-03-30,34.87945461555033,35.21575789696748,34.39902135638297,35.01557737231441,12721944.0,551248256.0
2015-03-31,35.01557737231441,36.520934917705475,35.01557737231441,35.98445111163525,26338920.0,1178022656.0
2015-04-01,35.95242222769077,37.53785198294305,35.71220559810709,37.433758110123456,27743544.0,1283729920.0
2015-04-02,37.433758110123456,37.59390252984591,36.440862707844246,36.87325264109487,18724376.0,862166080.0
2015-04-03,36.75314432630303,36.83321653616426,36.0725305424826,36.73712988433079,16641437.0,758144128.0
2015-04-07,36.83321653616426,37.513830319984685,36.520934917705475,37.11346927067856,17843568.0,826221888.0
2015-04-08,37.24959202744264,37.64194585576265,35.23177233893973,35.79227780796832,20519254.0,933411712.0
2015-04-09,35.584090062329125,35.63213338824586,32.30913667900496,33.950616981160096,19417932.0,824289152.0
2015-04-10,33.60630647875683,34.591194660049915,33.07782989367273,34.46307912427195,11120767.0,476814720.0
2015-04-13,34.46307912427195,36.00847277459362,33.95862420214622,35.167714571050745,13894497.0,608858432.0
2015-04-14,35.111664024147885,35.111664024147885,34.25489137863276,34.35097803046623,11922064.0,515265728.0
2015-04-15,34.030689191021324,34.1988408317299,32.58938941351925,32.62141829746374,11667733.0,485006880.0
2015-04-16,32.18102114322699,33.69438590960417,31.94080451364331,33.1018515566311,10345527.0,427809184.0
2015-04-17,33.47018372199274,34.591194660049915,33.181923766492325,33.99065308609072,14832394.0,627504000.0
2015-04-20,33.59029203678458,36.432855486858124,32.50931720365802,36.31274717206629,28832500.0,1260925824.0
2015-04-21,36.352783276996895,39.51563556651535,36.352783276996895,37.569880866887544,30576000.0,1446548736.0
2015-04-22,37.39372200519285,38.07433578901327,36.83321653616426,37.657960297734896,19006036.0,891478208.0
2015-04-23,37.68998918167939,38.01027802112429,36.83321653616426,37.56187364590142,17149356.0,802363456.0
2015-04-24,37.185534259553656,39.23538283200106,36.92129596701161,37.89016970633245,21321844.0,1020260672.0
2015-04-27,38.01828524211041,39.475599461584736,38.01828524211041,38.0823430099994,18833864.0,907881792.0
2015-04-28,38.3305668605692,38.41864629141654,35.912386122760154,35.92039334374628,15804324.0,725674560.0
2015-04-29,35.79227780796832,36.90528152503936,34.91148349949482,36.1766244153022,11301730.0,507352864.0
2015-04-30,36.633036011511194,37.3056425743455,36.272711067135674,36.32075439305241,11068649.0,507195168.0
2015-05-04,36.272711067135674,37.23357758547039,35.53604673641239,37.23357758547039,13132109.0,598923200.0
2015-05-05,37.31364979533162,38.02629246309654,35.471988968523405,35.471988968523405,12565587.0,575938816.0
2015-05-06,35.391916758662184,35.960429448676884,33.39011151213152,34.262898599618886,11451681.0,502560192.0
2015-05-07,34.23887693666052,34.863440173578084,33.870544771298874,34.71130297484176,8247071.0,353936800.0
2015-05-08,34.88746183653645,35.62412616725974,34.591194660049915,35.447967305565044,8481225.0,373195936.0
2015-05-11,36.02448721656587,36.47289159178874,35.21575789696748,36.38481216094139,11375108.0,511900672.0
2015-05-12,36.552963801649966,37.75404694956836,36.42484826587201,37.730025286609994,18560020.0,863226112.0
2015-05-13,37.56187364590142,37.569880866887544,36.51292769671935,36.633036011511194,14050268.0,649679680.0
2015-05-14,36.71310822137242,40.03610493061333,36.71310822137242,38.594805153111245,26335586.0,1271254656.0
2015-05-15,38.402631849444305,41.23718807853172,38.21846576676348,40.748747598378245,30240308.0,1517410816.0
2015-05-18,40.75675481936437,41.4774047081154,39.76385941708515,39.87596051089087,18245660.0,918001280.0
2015-05-19,39.63574388130719,40.524545410766805,39.227375611014935,39.883967731877,13359019.0,663747328.0
2015-05-20,39.96403994173822,41.63754912783786,39.24339005298718,39.65976554426556,19444488.0,987830080.0
2015-05-21,39.667772765251684,40.116177140474555,38.69889902593084,39.93201105779373,15863833.0,781009152.0
2015-05-22,40.15621324540516,41.23718807853172,39.61972943933495,40.81280536626722,19436804.0,982537088.0
2015-05-25,41.63754912783786,44.896488069189786,41.629541906851735,44.896488069189786,16688967.0,909260992.0
2015-05-26,48.84404801534826,49.388539042404595,46.682098349095135,49.388539042404595,43241200.0,2617269760.0
2015-05-27,49.24440906465439,54.328994390842276,48.05934035870824,54.328994390842276,37427484.0,2444516096.0
2015-05-28,54.50515325253698,59.55770969478038,49.65277733494664,50.189261141016864,44995004.0,3127267072.0
2015-05-29,50.189261141016864,54.2649366229533,48.13140534758334,51.926828095005476,35366696.0,2298217216.0
2015-06-01,52.47932634304795,57.123514514999094,50.81382437793443,57.123514514999094,26541396.0,1810729856.0
2015-06-02,59.253435297307725,62.83266307810455,57.15554339894358,61.09509612411593,33576444.0,2543769088.0
2015-06-03,59.37354361209957,60.6947350748098,56.050546902858656,56.69112458174847,27161174.0,1967618816.0
2015-06-04,56.755182349637444,57.772099414875036,51.022012123573624,55.00960817466271,22259800.0,1489072000.0
2015-06-05,56.6671029187901,59.23742085533548,54.45710992662025,55.818337494261094,22297798.0,1593904256.0
2015-06-08,55.409969223968844,55.409969223968844,51.56650315062997,51.950849757963844,17294558.0,1132855424.0
2015-06-09,51.40635873090751,53.528272292230014,49.45259681029358,52.36722524924223,13381873.0,870691648.0
2015-06-10,51.574510371616086,53.62435894406349,50.45349943355891,52.43929023811733,13545556.0,883667200.0
2015-06-11,51.486430940768734,53.648380607021856,51.40635873090751,52.77559351953448,13232063.0,871473856.0
2015-06-12,52.69552130967326,56.13061911271988,52.69552130967326,54.88949985987087,19241440.0,1324185856.0
2015-06-15,54.92953596480148,57.595940553180334,51.214185427240565,51.7186403493663,17168496.0,1167708288.0
2015-06-16,50.17324669904462,50.30936945580871,46.545975592331054,46.626047802192275,18107504.0,1083883776.0
2015-06-17,46.44188171951146,48.44368696604212,43.647361595354646,48.13140534758334,14918235.0,855535616.0
2015-06-18,47.86716705504129,47.96325370687476,44.03971542367466,44.584206450730996,10944782.0,634887488.0
2015-06-19,43.23899332506239,46.02550622823308,42.318162911658284,42.43827122645013,12723553.0,701233728.0
2015-06-23,43.83152767803547,46.682098349095135,40.03610493061333,46.67409112810901,16300890.0,891604672.0
2015-06-24,47.96325370687476,49.884986743544204,46.74615611698412,47.97126092786088,21182468.0,1279718528.0
2015-06-25,47.97926814884701,49.18835851775153,44.03971542367466,45.65717406287144,15894127.0,940369344.0
2015-06-26,43.63935437436852,44.67228588157835,41.09305810078152,41.09305810078152,12716473.0,674386816.0
2015-06-29,42.045917398130115,42.99877669547871,36.985353734900585,37.297635353359375,15837370.0,781966272.0
2015-06-30,37.31364979533162,40.83682702922559,33.71040035157642,40.82881980823947,16471977.0,766283072.0
2015-07-01,40.03610493061333,42.045917398130115,36.745137105316914,36.745137105316914,15469800.0,774502272.0
2015-07-02,37.08944760772018,38.03429968408266,33.069822672686605,33.069822672686605,14042873.0,613521408.0
2015-07-03,31.068017426155937,34.27891304159113,29.762840405417947,29.762840405417947,15065096.0,579072256.0
2015-07-06,32.72551217028333,32.72551217028333,26.784154198580318,27.46476798240074,17746732.0,648020352.0
2015-07-07,25.62310715559253,27.21654413183094,24.71829118416067,24.71829118416067,8015584.0,252051280.0
2015-07-08,22.244059899448764,25.62310715559253,22.244059899448764,23.34905639553369,40481316.0,1167909504.0
2015-07-09,21.827684408170388,25.687164923481507,21.827684408170388,25.687164923481507,14343352.0,444934560.0
2015-07-10,27.064406933094606,28.257482860026883,26.423829254204794,28.257482860026883,6899526.0,240427552.0
2015-07-13,31.582373142299733,31.647727251233622,30.945170580194365,31.647727251233622,14471699.0,558312384.0
2015-07-14,33.49398082861586,34.809232270910286,32.51366919460759,34.809232270910286,28832316.0,1202464384.0
2015-07-15,33.49398082861586,33.918782536686116,31.329125970180936,31.329125970180936,18684986.0,736154496.0
2015-07-16,31.329125970180936,34.278230135822476,28.592422658574517,33.420457456065236,18161782.0,721069120.0
2015-07-17,34.06582928178735,36.76168627531009,33.575673464783215,36.76168627531009,21152996.0,934060480.0
2015-07-20,37.57861263698365,40.413347111990895,36.76985553892683,40.39700858475742,29580596.0,1414229632.0
2015-07-21,38.76315586141031,40.46236269369131,38.37920047142374,38.934710397361755,19807324.0,954192064.0
2015-07-22,38.39553899865721,41.606059600034285,38.39553899865721,39.947699085836966,20382920.0,1005643328.0
2015-07-23,39.21246536033077,41.82662971768615,38.42004678950742,40.84631808367788,18729756.0,911196480.0
2015-07-24,40.84631808367788,44.007823103354546,40.11108435817168,40.813641029210935,22318738.0,1139892736.0
2015-07-27,39.21246536033077,42.063538362571485,36.72900922084315,36.72900922084315,18358282.0,887399616.0
2015-07-28,33.90244400945264,38.38736973504047,33.05284059331214,36.418577203407196,18339962.0,791402112.0
2015-07-29,37.2926884103979,40.062068776471264,34.964448279628265,40.062068776471264,16921132.0,773980800.0
2015-07-30,40.062068776471264,43.9751460488876,39.21246536033077,40.53588606624193,27224220.0,1409170560.0
2015-07-31,40.4378549028411,42.52101712510867,38.47723163482456,40.503209011774985,18413826.0,926403264.0
2015-08-03,39.21246536033077,39.375850632665475,36.45125425787414,36.45125425787414,11808440.0,537080704.0
2015-08-04,35.12783355196298,40.09474583093821,34.8582478526107,40.09474583093821,19754316.0,922862464.0
2015-08-05,40.92801071984524,42.76609503361074,38.95104892459523,40.02939172200432,22003564.0,1101762048.0
2015-08-06,38.76315586141031,41.66324444535144,38.39553899865721,40.388839321140686,17288304.0,857147968.0
2015-08-07,41.94099940832045,42.62721755212623,40.2989774213566,41.671413708968174,18802024.0,948495808.0
2015-08-11,45.83773815350332,45.83773815350332,43.31343569593203,43.950638258037394,28647864.0,1571721472.0
2015-08-12,44.52248671120889,46.97326579622956,44.11402353037211,44.44896333865827,22848200.0,1272289152.0
2015-08-13,42.88863398786177,44.89827283757872,40.87899513814482,44.44079407504153,19555612.0,1031124288.0
2015-08-14,44.873765046728515,44.88193431034525,43.05201926019649,43.44414391379979,14583064.0,781524224.0
2015-08-17,43.13371189636384,45.32307454564897,42.62721755212623,43.62386771336797,14406375.0,780076800.0
2015-08-18,43.28892790508182,43.28892790508182,39.26148094203118,39.26148094203118,15982988.0,803115072.0
2015-08-19,39.18795756948056,43.150050423597314,38.076937717604515,43.150050423597314,22910248.0,1159783552.0
2015-08-20,41.867476035769826,44.48164039312521,40.24996183965619,40.454193430074575,18050886.0,941376064.0
2015-08-21,39.21246536033077,42.063538362571485,37.31719620124811,37.49692000081629,12029634.0,581137216.0
2015-08-24,35.61798936896711,36.59013173935865,33.747228000734665,33.747228000734665,6787307.0,284016896.0
2015-08-25,30.37332212702287,30.953339843811097,30.37332212702287,30.37332212702287,6097496.0,227158704.0
2015-08-26,30.389660654256346,31.500680506132383,27.334356061597237,27.334356061597237,15621070.0,556244160.0
2015-08-27,28.08592831433691,28.83750056707658,25.332886475497023,28.625099713041458,13168273.0,450345952.0
2015-08-28,29.28681006599704,31.484341978898907,28.755807930909228,31.484341978898907,15890547.0,593914240.0
2015-08-31,32.51366919460759,32.66888520332557,31.043201743595187,31.22292554316337,16529922.0,642093440.0
2015-09-01,30.63473856275841,30.63473856275841,28.10226684157038,28.10226684157038,9160954.0,321538848.0
2015-09-02,25.39007132081417,28.755807930909228,25.292040157413343,25.292040157413343,10493219.0,336301376.0
2015-09-07,23.282401307696393,26.795184662892687,23.282401307696393,24.466944532123048,16047398.0,494069568.0
2015-09-08,24.001296505969123,25.733180392717063,22.47364420963957,25.357394266347228,10487982.0,309510496.0
2015-09-09,25.6269799656995,26.68081497225839,24.94893108551045,25.81487302888442,27100984.0,854390016.0
2015-09-10,25.324717211880284,26.77884613565922,24.997946667210865,25.855719346968097,17716908.0,566132800.0
2015-09-11,25.414579111664377,26.141643573553843,25.136824148695368,25.561625856765616,12079735.0,378709120.0
2015-09-14,26.468414118223265,26.63179939055798,23.00464634472738,23.00464634472738,15967547.0,482929376.0
2015-09-15,21.321778039679856,22.367443782622004,20.70091400480795,20.70091400480795,14742237.0,386526656.0
2015-09-16,20.856130013525927,22.76773769984205,20.856130013525927,22.76773769984205,13205215.0,349276352.0
2015-09-17,23.45395584364784,24.475113795739787,22.88210739047635,22.963800026643703,20611692.0,600029440.0
2015-09-18,23.331416889396802,23.6745259612997,22.54716758219019,23.200708671529036,12211501.0,345283488.0
2015-09-21,22.873938126859613,24.932592558276976,22.75139917260858,24.8917462401933,17921028.0,529982144.0
2015-09-22,25.071470039761483,25.324717211880284,24.033973560436067,24.507790850206728,16924688.0,513012384.0
2015-09-23,23.85424976086788,25.79853450165095,23.70720301576664,24.777376549559,16142681.0,491638528.0
2015-09-24,25.455425429748054,26.2233362097212,24.997946667210865,25.651487756549706,15979219.0,502237728.0
2015-09-25,25.316547948263548,25.692334074633386,23.83791123363441,24.20552809638751,12677532.0,385137120.0
2015-09-28,24.532298641056936,24.6384990680745,23.23338572599598,24.61399127722429,9301727.0,274338944.0
2015-09-29,24.164681778303834,24.491452322973256,23.527479216198458,23.6745259612997,7786527.0,228121184.0
2015-09-30,24.11566619660342,25.774026710800744,24.107496932986685,25.46359469336479,18945442.0,579652672.0
2015-10-08,26.468414118223265,27.481402806698476,26.149812837170575,27.040262571394756,17877682.0,589409536.0
2015-10-09,26.795184662892687,28.380021804539393,26.558276018007355,27.293509743513557,17513464.0,592047808.0
2015-10-12,27.612111024566243,29.793304410234644,27.612111024566243,28.853839094310054,18122896.0,635857984.0
2015-10-13,28.674115294741874,29.9893667370363,28.183959477737737,29.817812201084852,19412576.0,691840448.0
2015-10-14,29.89950483725221,30.63473856275841,28.878346885160262,28.95187025771088,18014752.0,652872640.0
2015-10-15,28.429037386239802,30.512199608507377,28.290159904755303,30.504030344890644,17742900.0,640134720.0
2015-10-16,30.822631625943327,32.50549993099086,30.512199608507377,31.386310815498085,18441240.0,712607808.0
2015-10-19,31.451664924431967,32.4238072948235,30.25078317277184,30.732769726159233,15660028.0,596369088.0
2015-10-20,30.822631625943327,31.533357560599324,30.30796801808899,31.26377186124705,12773033.0,483379520.0
2015-10-21,31.059540270828663,31.386310815498085,28.13494389603732,28.13494389603732,17962490.0,650877824.0
2015-10-22,28.126774632420588,29.654426928750137,27.783665560517694,29.43385681109828,13369340.0,471926848.0
2015-10-23,29.84231999193506,30.455014763190228,29.058070684728445,30.144582745754274,14769266.0,538036800.0
2015-10-26,30.642907826375144,32.007174850369985,30.22627538192163,30.91249352572742,20117452.0,763600576.0
2015-10-27,31.026863216361715,34.00047517285346,29.409349020248072,34.00047517285346,28576772.0,1105069696.0
2015-10-28,34.172029708804914,34.172029708804914,31.69674283293403,32.01534411398672,21947608.0,889970048.0
2015-10-29,32.51366919460759,33.044671329695404,31.63138872400015,32.007174850369985,15713483.0,620516544.0
2015-10-30,31.860128105268746,32.1705601227047,30.887985734877216,31.173909961462954,12241331.0,471553024.0
2015-11-02,30.471353290423696,32.39113024035656,29.597242083432988,30.716431198925765,14165316.0,546484736.0
2015-11-03,31.2065870159299,31.76209694186792,30.185429063837955,31.010524689128246,11731533.0,445869984.0
2015-11-04,31.002355425511514,32.66888520332557,31.002355425511514,32.472822876523914,16479586.0,644619584.0
2015-11-05,32.489161403757386,34.10667559987103,32.31760686780594,32.57085403992474,20489352.0,831663488.0
2015-11-06,32.55451551269127,33.85342842775223,32.472822876523914,33.485811564999125,18513102.0,752019648.0
2015-11-09,32.6770544669423,34.03315222732041,32.088867486537346,33.46130377414892,18953792.0,768174144.0
2015-11-10,33.330595556281146,35.095156497496035,32.81593194842681,34.33541498113963,22748688.0,946874432.0
2015-11-11,35.83855948661897,35.83855948661897,33.967798118386526,34.27006087220575,20357386.0,866353856.0
2015-11-12,33.85342842775223,36.353223094473314,33.82075137328528,35.11966428834624,23520302.0,1015113280.0
2015-11-13,34.719370371126196,37.57861263698365,32.70156225779251,34.874586379844175,27462276.0,1177780224.0
2015-11-16,33.71455094626772,35.28304956068095,33.71455094626772,35.0869872338793,11868689.0,502907776.0
2015-11-17,35.52812746918302,37.16198019253014,35.04614091579562,35.61798936896711,21644540.0,957107072.0
2015-11-18,35.90391359555286,35.99377549533695,33.64919683733383,33.747228000734665,15940905.0,677417536.0
2015-11-19,33.886105482219165,34.94810975239479,33.240733656497056,34.80106300729356,12714058.0,531911488.0
2015-11-20,34.964448279628265,35.92842138640306,34.40076909007351,35.12783355196298,15074104.0,651326592.0
2015-11-23,34.93177122516132,35.60982010535038,33.877936218602436,34.13118339072124,12417720.0,529440704.0
2015-11-24,34.212876026888594,34.44978467177393,33.2489029201138,34.123014127104504,8371935.0,346955520.0
2015-11-25,35.185018397280125,35.51995820556628,34.31090719028942,34.825570798143765,12432610.0,530383136.0
2015-11-26,34.825570798143765,35.78137464130182,33.98413664562,35.4546040966324,16942748.0,726883712.0
2015-11-27,36.17349929490513,38.12595329930493,33.330595556281146,34.13935265433797,30221910.0,1346278656.0
2015-11-30,33.706381682650985,34.13935265433797,31.043201743595187,33.134533229479494,17502924.0,700604352.0
2015-12-01,33.07734838416235,33.093686911395814,31.63138872400015,31.982667059519777,9931758.0,392931904.0
2015-12-02,31.990836323136513,32.35028392227288,30.46318402680696,31.72941988740098,6458691.0,248513072.0
2015-12-03,31.860128105268746,32.48099214014065,31.623219460383414,32.36662244950635,6669110.0,262772512.0
2015-12-04,32.32577613142267,32.51366919460759,31.418987869965026,31.745758414634448,7166989.0,281146368.0
2015-12-07,31.745758414634448,32.65254667609209,31.484341978898907,32.27676054972226,6323368.0,248867568.0
2015-12-08,32.252252758872054,32.252252758872054,30.675584880842084,30.789954571476382,9265581.0,353319872.0
2015-12-09,30.626569299141675,33.8697669549857,30.31613728170572,33.8697669549857,18338528.0,730631744.0
2015-12-10,35.94475991363653,35.94475991363653,33.73088947350119,33.73088947350119,29599972.0,1265661184.0
2015-12-11,32.75874710310966,32.913963111827634,31.484341978898907,31.61505019676668,16498461.0,649672064.0
2015-12-14,31.043201743595187,32.22774496802185,30.63473856275841,32.03985190483693,12616755.0,483533984.0
2015-12-15,31.999005586753253,32.66071593970883,31.78660473271812,32.08069822292061,12202515.0,481294208.0
2015-12-16,32.268591286105526,32.66071593970883,31.655896514850358,31.990836323136513,10941589.0,430013408.0
2015-12-17,32.186898649938165,34.06582928178735,32.10520601377081,33.3632726107481,18353376.0,746697600.0
2015-12-18,33.330595556281146,36.69633216637621,32.840439739277016,36.69633216637621,35339012.0,1546376960.0
2015-12-21,37.57861263698365,39.61275927755081,36.48393131234108,38.55892427099192,45967996.0,2136313216.0
2015-12-22,37.94622949973675,39.14711125139688,37.415227364648935,38.003414345053905,26676912.0,1244678528.0
2015-12-23,38.04426066313758,39.04908008799605,36.688162902759466,36.9005637567946,21817024.0,1009872128.0
2015-12-24,36.34505383085658,37.741997909318364,35.86306727746918,37.39888883741547,14464042.0,651486976.0
2015-12-25,37.66847453676774,38.56709353460865,36.884225229561125,38.362861944190264,16960614.0,785238208.0
2015-12-28,38.40370826227394,38.43638531674088,35.61798936896711,35.78137464130182,18220716.0,828447360.0
2015-12-29,35.626158632583845,37.7746749637853,35.626158632583845,37.415227364648935,13866128.0,623863104.0
2015-12-30,37.05577976551257,37.676643800384475,36.25519193107249,37.145641665296665,13659954.0,621277504.0
2015-12-31,37.145641665296665,37.68481306400121,35.69968200513447,35.74869758683488,9767956.0,440173056.0
2016-01-04,36.198007085755336,36.72900922084315,32.1705601227047,32.1705601227047,11880023.0,499650400.0
2016-01-05,29.89950483725221,33.07734838416235,29.572734292582787,31.124894379762544,18265684.0,702181504.0
2016-01-06,31.19024848869643,32.02351337760346,30.78178530785965,31.933651477819367,11791822.0,456035520.0
2016-01-07,31.002355425511514,31.124894379762544,28.739469403675756,28.739469403675756,3348350.0,121710240.0
2016-01-08,29.30314859323051,29.817812201084852,25.863888610584834,28.08592831433691,14971287.0,518067680.0
2016-01-11,26.958569935227402,27.60394176094951,25.275701630179874,25.275701630179874,11954058.0,383628192.0
2016-01-12,25.316547948263548,25.880227137818306,24.515960113823464,25.545287329532144,9182949.0,285790400.0
2016-01-13,25.447256166131318,26.100797255470166,24.515960113823464,24.515960113823464,9011762.0,281271936.0
2016-01-14,23.69086448853317,26.69715349949186,23.282401307696393,26.28052105503835,10346447.0,317662144.0
2016-01-15,26.059950937386485,27.121955207562113,25.488102484214995,25.708672601866855,13897376.0,448722016.0
2016-01-18,24.687514649774908,26.566445281624095,24.54046790467367,26.296859582271818,9508340.0,302570720.0
2016-01-19,26.149812837170575,27.922543042002197,25.90473492866851,27.554926179249094,12239271.0,401982304.0
2016-01-20,27.554926179249094,28.265652113905094,26.958569935227402,27.146462998412318,11284843.0,380474880.0
2016-01-21,26.558276018007355,27.497741333931945,25.275701630179874,25.30020942103008,10433550.0,336927712.0
2016-01-22,25.586133647615824,27.612111024566243,24.957100349127185,27.048431835011492,11127360.0,360049216.0
2016-01-25,27.048431835011492,27.399710170531122,26.509260436306946,26.75433834480901,9329601.0,308344192.0
2016-01-26,26.386721482055908,26.762507608425746,24.082989142136476,24.082989142136476,10453843.0,325237728.0
2016-01-27,24.48328305935652,25.30020942103008,21.738410484133368,24.916254031043508,11177507.0,322261824.0
2016-01-28,24.442436741272843,24.475113795739787,22.645198745591017,23.38860173471395,8008942.0,232994736.0
2016-01-29,23.364093943863747,24.908084767426768,22.939292235793495,24.507790850206728,8071187.0,238418576.0
2016-02-01,24.401590423189166,24.777376549559,23.32324762578007,23.960450187885442,5604322.0,165882288.0
2016-02-02,24.17285104192057,25.218516784862725,23.976788715118918,24.932592558276976,7458508.0,227146944.0
2016-02-03,24.515960113823464,25.308378684646815,24.181020305537306,25.046962248911274,5903492.0,178018896.0
2016-02-04,25.324717211880284,25.863888610584834,25.161331939545573,25.708672601866855,8347779.0,262015424.0
2016-02-05,25.81487302888442,25.855719346968097,25.202178257629253,25.40640984804764,5923609.0,185518032.0
2016-02-15,24.17285104192057,25.610641438466033,24.091158405753212,25.373732793580697,5271186.0,161311696.0
2016-02-16,25.610641438466033,26.435737063756324,25.308378684646815,26.435737063756324,8012324.0,256808160.0
2016-02-17,26.492921909073473,27.67746513350013,26.3377059003555,27.146462998412318,12491782.0,415458400.0
2016-02-18,27.22815563457967,27.579433970099302,26.550106754390622,26.639968654174712,8589311.0,282614880.0
2016-02-19,26.656307181408184,27.211817107346207,26.492921909073473,27.056601098628224,7525640.0,247817072.0
2016-02-22,27.51407986116542,27.759157769667485,27.089278153095165,27.424217961381327,8686606.0,291421696.0
2016-02-23,27.326186797980505,27.448725752231535,26.378552218439175,26.77884613565922,7797283.0,256320592.0
2016-02-24,27.30984827074703,28.886516148776995,27.21998637096294,28.08592831433691,17441856.0,598832768.0
2016-02-25,28.886516148776995,29.245963747913358,25.316547948263548,25.561625856765616,20164260.0,682786496.0
2016-02-26,25.839380819734625,26.909554353526985,25.569795120382352,26.084458728236694,11368105.0,365072448.0
2016-02-29,25.569795120382352,25.733180392717063,23.478463634498045,24.09932766936995,9316834.0,277440608.0
2016-03-01,24.238205150854455,24.965269612743917,23.813403442784203,24.72836096785859,8092126.0,243002272.0
2016-03-02,24.548637168290405,26.12530504632037,24.507790850206728,25.994596828452604,10479657.0,324641440.0
2016-03-03,26.117135782703635,26.550106754390622,25.921073455901983,26.231505473337933,12559970.0,403100544.0
2016-03-04,26.117135782703635,26.958569935227402,24.58131422275735,25.283870893796607,12056135.0,383928352.0
2016-03-07,25.553456593148884,26.01910461930281,25.381902057197433,25.52077953868194,8364692.0,263114528.0
2016-03-08,25.528948802298675,25.651487756549706,24.09932766936995,25.381902057197433,7753123.0,235588528.0
2016-03-09,24.67117612254144,25.81487302888442,24.507790850206728,25.006115930827598,7071897.0,219019168.0
2016-03-10,25.120485621461896,25.430917638897846,24.238205150854455,24.254543678087927,6315523.0,191613312.0
2016-03-11,23.935942397035237,24.311728523405076,23.69903375214991,23.935942397035237,5434054.0,159358688.0
2016-03-14,24.48328305935652,25.283870893796607,24.344405577872017,25.03879298529454,7362132.0,225219536.0
2016-03-15,25.202178257629253,26.25601326418814,25.202178257629253,25.725011129100327,11500531.0,363021952.0
2016-03-16,25.725011129100327,25.937411983135455,24.83456139487615,24.973438876360657,7754104.0,239852128.0
2016-03-17,25.251193839329666,26.795184662892687,25.251193839329666,26.550106754390622,14807250.0,474040448.0
2016-03-18,27.187309316496,29.205117429829684,27.187309316496,29.205117429829684,13705862.0,481407456.0
2016-03-21,30.618400035524935,30.96150910742783,28.90285467601047,29.817812201084852,26416292.0,962333376.0
2016-03-22,29.646257665133405,30.610230771908203,29.00905510302803,29.5073801836489,18429868.0,673921216.0
2016-03-23,29.40117975663134,30.111905691287333,29.058070684728445,29.825981464701584,12747980.0,460923232.0
2016-03-24,29.711611774067286,30.577553717441262,29.245963747913358,29.2541330115301,15883634.0,581384448.0
2016-03-25,29.123424793662327,29.474703129181957,28.371852540922653,28.83750056707658,11076672.0,392413600.0
2016-03-28,29.245963747913358,30.062890109586917,28.96003952132762,29.123424793662327,13112877.0,474185184.0
2016-03-29,28.796654248992905,29.409349020248072,28.24931358667162,28.739469403675756,8262531.0,290894176.0
2016-03-30,29.40117975663134,30.071059373203656,29.066239948345178,30.046551582353448,12300136.0,445214848.0
2016-03-31,30.185429063837955,30.626569299141675,29.49104165641543,29.736119564917495,13538844.0,497947424.0
2016-04-01,29.425687547481548,29.85865851916853,28.429037386239802,28.886516148776995,9979344.0,352945792.0
2016-04-05,29.13159405727906,29.915843364485678,28.821162039843113,29.768796619384435,9902520.0,357404704.0
2016-04-06,29.63808840151667,30.798123835093122,29.556395765349315,30.528538135740845,13940024.0,515866656.0
2016-04-07,30.389660654256346,31.24743333401358,29.482872392798697,29.924012628102417,18228200.0,677995392.0
2016-04-08,29.2541330115301,30.062890109586917,28.55157634049084,29.352164174930923,12656369.0,454943808.0
2016-04-11,29.531887974499107,30.43050697234002,29.531887974499107,30.242613909155104,10694221.0,393532448.0
2016-04-12,30.536707399357585,30.675584880842084,29.981197473419567,30.642907826375144,12636429.0,469778080.0
2016-04-13,30.96150910742783,31.435326397198494,30.455014763190228,30.479522554040436,15745344.0,596185984.0
2016-04-14,30.63473856275841,30.798123835093122,30.291629490855513,30.561215190207786,8293584.0,310003008.0
2016-04-15,30.716431198925765,31.28011038848052,30.144582745754274,30.63473856275841,8463543.0,318076960.0
2016-04-18,30.234444645538364,30.30796801808899,29.45836460194849,29.589072819816256,8177405.0,298239392.0
2016-04-19,29.817812201084852,30.87164720764374,29.817812201084852,30.553045926591054,10333349.0,384463680.0
2016-04-20,30.708261935309032,31.043201743595187,28.412698859006333,29.033562893878237,14720089.0,535857248.0
2016-07-12,32.76572905626444,32.76572905626444,32.76572905626444,32.76572905626444,655268.0,25542346.0
2016-07-13,36.0439831178199,36.0439831178199,36.0439831178199,36.0439831178199,1208379.0,51815292.0
2016-07-14,37.15354603096174,39.65006258553089,37.019053556641516,39.65006258553089,41499560.0,1902585472.0
2016-07-15,39.750931941271055,40.24687294032688,38.12861646978336,38.41441297771384,33707584.0,1554820736.0
2016-07-18,38.24629738481355,38.801078841384474,37.65789280966257,38.2126742662335,20599728.0,935490816.0
2016-07-19,37.901660419367985,38.70861526528932,36.6491992522609,37.20398070883182,20481750.0,912459584.0
2016-07-20,37.3720963017321,38.01934133439817,36.750068608001065,37.20398070883182,17057740.0,759293760.0
2016-07-21,36.98543043806146,37.271226945991934,36.397025862910475,37.187169149541795,13077760.0,573390144.0
2016-07-22,37.22079226812185,37.64108125037255,35.72456349130936,35.749780830244404,15925350.0,695897920.0
2016-07-25,35.304274509058665,35.47239010195894,34.16949425698178,34.33760984988206,14135061.0,584393216.0
2016-07-26,34.3628271888171,34.89239130645298,34.3628271888171,34.69065259497265,9391483.0,386734112.0
2016-07-27,34.69905837461766,34.858768187872926,32.11007824395336,32.15210714217843,16338208.0,647299264.0
2016-07-28,32.15210714217843,33.186018038515144,32.08486090501832,32.59761346336417,12367981.0,480965216.0
2016-07-29,32.782540615554474,32.86659841200461,31.992397328923165,32.26978805720862,6285936.0,242426016.0
2016-08-01,32.36225163330378,32.86659841200461,31.52167366880238,32.71529437839436,8794706.0,336683360.0
2016-08-02,32.782540615554474,32.98427932703481,32.47152676868896,32.79935217484451,6660877.0,259270848.0
2016-08-03,32.86659841200461,33.09355446241999,32.48833832797899,32.698482819104335,8616110.0,335503456.0
2016-08-04,32.572396124429126,33.20282959780517,32.02602044750322,32.86659841200461,10372440.0,403420736.0
2016-08-05,32.664859700524275,32.698482819104335,31.94196265105308,32.02602044750322,7839045.0,301155232.0
2016-08-08,31.81587595637787,33.11877180135503,31.53848522809241,32.95065620845475,9601134.0,370332640.0
2016-08-09,32.86659841200461,33.026308225259875,32.62283080229921,32.88340997129464,6832364.0,266588464.0
2016-08-10,33.04311978454991,33.83326307118122,32.88340997129464,33.00109088632484,12459114.0,493785152.0
2016-08-11,32.614425022654196,32.67326548016929,31.74862971921776,31.849499074957922,9128489.0,349158272.0
2016-08-12,31.832687515667892,32.27819383685363,31.572108346672465,32.12688980324339,5720809.0,217607648.0
2016-08-15,32.11007824395336,33.186018038515144,31.857904854602936,33.009496665969856,11236253.0,436000832.0
2016-08-16,33.101960242065005,33.337322072125396,32.782540615554474,33.05152556419492,8871371.0,348988032.0
2016-08-17,32.975873547389796,34.018190223371526,32.706888598749345,33.513843444670684,13973731.0,557889664.0
2016-08-18,33.513843444670684,33.513843444670684,32.858192632359604,33.017902445614865,8863997.0,348966816.0
2016-08-19,33.03471400490489,33.186018038515144,32.706888598749345,32.98427932703481,5455682.0,213749280.0
2016-08-22,32.87500419164963,33.152394919935084,32.27819383685363,32.28659961649865,5538646.0,215128576.0
2016-08-23,32.24457071827358,32.614425022654196,32.19413604040349,32.379063192593804,3789849.0,145968848.0
2016-08-24,32.44630942975392,32.706888598749345,32.219353379338536,32.38746897223882,4785400.0,184838448.0
2016-08-25,32.26138227756361,32.27819383685363,31.75703549886277,31.96717998998812,5199235.0,197513424.0
2016-08-26,32.27819383685363,32.774134835909464,32.12688980324339,32.345440074013744,6166831.0,238389296.0
2016-08-29,32.86659841200461,33.186018038515144,32.429497870463884,32.59761346336417,6710866.0,262555920.0
2016-08-30,32.47993254833397,33.35413363141542,32.37065741294879,32.88340997129464,8332107.0,326713984.0
2016-08-31,32.87500419164963,32.99268510667982,32.496744107624,32.698482819104335,4628353.0,180210608.0
2016-09-01,32.782540615554474,33.101960242065005,32.614425022654196,32.614425022654196,4467623.0,174408432.0
2016-09-02,32.530367226204056,32.614425022654196,31.773847058152796,32.08486090501832,5902684.0,225667024.0
2016-09-05,32.16051292182344,32.337034294368735,31.86631063424795,31.94196265105308,2880401.0,110064240.0
2016-09-06,32.10167246430834,32.429497870463884,31.53848522809241,32.36225163330378,5529341.0,210815872.0
2016-09-07,32.32022273507871,32.614425022654196,32.20254182004851,32.210947599693526,5024959.0,193667712.0
2016-09-08,32.23616493862857,32.31181695543369,32.02602044750322,32.11007824395336,3310561.0,126640432.0
2016-09-09,32.04283200679324,32.19413604040349,31.765441278507783,31.857904854602936,3798274.0,144663968.0
2016-09-12,31.336746516612074,31.336746516612074,30.260806722050283,30.260806722050283,6932243.0,252855648.0
2016-09-13,30.42051653530555,30.59703790785084,30.1515315866651,30.319647179565383,3317082.0,119672560.0
2016-09-14,30.008633332699866,30.319647179565383,29.924575536249726,30.185154705245154,2716977.0,97379288.0
2016-09-19,30.185154705245154,30.487762772465665,30.185154705245154,30.395299196370505,2110911.0,76291136.0
2016-09-20,30.428922314950565,30.428922314950565,30.1515315866651,30.31124139992037,1986414.0,71528184.0
2016-09-21,30.67268992465597,31.277906059096974,30.52979167069073,30.630661026430896,4887427.0,179730384.0
2016-09-22,30.67268992465597,31.059355788326613,30.44573387424059,30.52979167069073,3313079.0,121097216.0
2016-09-23,30.681095704300983,30.681095704300983,30.126314247730065,30.176748925600144,3026834.0,108995424.0
2016-09-26,30.269212501695296,30.269212501695296,28.999939775298188,28.999939775298188,4092853.0,143794768.0
2016-09-27,28.999939775298188,29.504286553999027,28.974722436363145,29.45385187612894,3179395.0,110641168.0
2016-09-28,29.672402146899305,29.773271502639474,29.437040316838917,29.44544609648393,2472837.0,87028408.0
2016-09-29,29.420228757548887,29.57993857080415,29.184866927488496,29.327765181453735,2306871.0,80697912.0
2016-09-30,29.378199859323818,29.504286553999027,29.252113164648605,29.378199859323818,1962702.0,68666592.0
2016-10-10,29.58834435044917,30.159937366310118,29.58834435044917,30.134720027375074,3323910.0,118446168.0
2016-10-11,30.134720027375074,30.765153500751122,30.025444891989892,30.328052959210392,4674617.0,169325344.0
2016-10-12,30.16834314595513,30.353270298145436,29.975010214119806,30.328052959210392,2768025.0,99140952.0
2016-10-13,30.218777823825217,30.412110755660535,30.134720027375074,30.16834314595513,2514334.0,90445856.0
2016-10-14,30.09269112915,30.16834314595513,29.630373248674235,29.87414085837964,2985145.0,105924600.0
2016-10-17,30.008633332699866,30.395299196370505,29.815300400864544,29.916169756604713,3741054.0,134183624.0
2016-10-18,29.924575536249726,31.10138468655168,29.689213706189335,30.916457534361374,9529774.0,347643456.0
2016-10-19,30.840805517556245,30.975297991876474,30.4541396538856,30.975297991876474,5979805.0,218919408.0
2016-10-20,30.975297991876474,31.042544229036583,30.706313043236026,30.765153500751122,3115058.0,114310784.0
2016-10-21,30.899645975071344,30.992109551166497,30.52979167069073,30.706313043236026,4213885.0,154315632.0
2016-10-24,30.521385891045718,30.840805517556245,30.496168552110674,30.748341941461092,3465749.0,126563016.0
2016-10-25,30.748341941461092,30.748341941461092,30.496168552110674,30.538197450335744,3313112.0,120527624.0
2016-10-26,30.563414789270787,30.765153500751122,30.277618281340313,30.302835620275353,3256806.0,118042648.0
2016-10-27,30.479356992820644,30.555009009625774,30.159937366310118,30.412110755660535,2201191.0,79538392.0
2016-10-28,30.328052959210392,30.504574331755688,29.924575536249726,29.966604434474792,3372907.0,120949736.0
2016-10-31,30.159937366310118,30.328052959210392,29.924575536249726,30.16834314595513,2629049.0,94216368.0
2016-11-01,30.176748925600144,30.260806722050283,29.94979287518477,30.260806722050283,3236004.0,116104736.0
2016-11-02,30.25240094240527,30.25240094240527,29.73964838405942,29.773271502639474,3499177.0,124662880.0
2016-11-03,29.420228757548887,29.966604434474792,29.411822977903874,29.798488841574517,3208129.0,113568344.0
2016-11-04,29.663996367254292,29.907763976959696,29.51269233364404,29.57993857080415,2574867.0,90895384.0
2016-11-07,29.798488841574517,29.798488841574517,29.4286345371939,29.487474994708997,2319305.0,81605912.0
2016-11-08,29.504286553999027,29.882546638024653,29.504286553999027,29.706025265479365,2918581.0,103219760.0
2016-11-09,29.73964838405942,29.756459943349444,29.02515711423323,29.344576740743758,3736225.0,130697072.0
2016-11-10,29.504286553999027,29.71443104512438,29.437040316838917,29.58834435044917,3591847.0,126392128.0
2016-11-11,29.7312426044144,29.899358197314683,29.504286553999027,29.840517739799584,3932875.0,139099232.0
2016-11-14,29.832111960154574,30.1515315866651,29.672402146899305,30.07587956985998,5043145.0,179864368.0
2016-11-15,30.10109690879502,30.159937366310118,29.7900830619295,30.143125807020088,3148447.0,112136376.0
2016-11-16,30.218777823825217,30.25240094240527,30.008633332699866,30.067473790214965,2607058.0,93313528.0
2016-11-17,30.07587956985998,30.126314247730065,29.764865722994458,29.823706180509554,2596699.0,92258872.0
2016-11-18,29.823706180509554,29.89095241766967,29.51269233364404,29.57153279115914,3457889.0,122071864.0
2016-11-21,29.563127011514126,29.764865722994458,29.4286345371939,29.57993857080415,2547222.0,89710024.0
2016-11-22,29.596750130094183,29.865735078734627,29.52950389293407,29.80689462121953,2735963.0,96630488.0
2016-11-23,29.80689462121953,30.134720027375074,29.706025265479365,29.7900830619295,4398946.0,156515168.0
2016-11-24,29.848923519444597,29.882546638024653,29.395011418613844,29.395011418613844,3514742.0,123687088.0
2016-11-25,29.033562893878244,29.630373248674235,29.033562893878244,29.621967469029222,2597827.0,90976512.0
2016-11-28,29.689213706189335,29.823706180509554,29.521098113289053,29.630373248674235,2598282.0,91688256.0
2016-11-29,29.815300400864544,32.38746897223882,29.80689462121953,30.639066806075913,14040794.0,517917216.0
2016-11-30,30.25240094240527,31.10138468655168,30.008633332699866,30.90805175471636,8283066.0,302452864.0
2016-12-01,30.8155881786212,30.975297991876474,30.43732809459558,30.67268992465597,4627803.0,168979264.0
2016-12-02,30.67268992465597,31.39558697412717,30.176748925600144,30.210372044180197,6538146.0,239476432.0
2016-12-05,30.050662230924935,31.067761567971626,29.319359401808722,30.52979167069073,6732799.0,243644304.0
2016-12-06,30.52979167069073,30.664284145010953,30.067473790214965,30.227183603470227,4020801.0,144823728.0
2016-12-07,30.134720027375074,31.059355788326613,30.126314247730065,31.01732689010154,6767981.0,247074784.0
2016-12-08,30.95008065294143,30.95848643258644,30.43732809459558,30.5129801114007,4551696.0,166180016.0
2016-12-09,30.42051653530555,31.118196245841713,30.412110755660535,30.857617076846275,6505687.0,238942416.0
2016-12-12,31.10138468655168,31.681383482057644,29.73964838405942,29.840517739799584,11774481.0,432452992.0
2016-12-13,29.479069215063983,29.882546638024653,27.22632027020024,28.520810335532392,10855876.0,369247968.0
2016-12-14,28.327477403697074,28.983128216008158,27.419653202035562,27.99124621789651,6765597.0,226233136.0
2016-12-15,27.747478608191106,28.781389504527827,27.57095723564581,28.285448505472,4834291.0,163043056.0
2016-12-16,28.251825386891944,28.520810335532392,28.00805777718654,28.083709793991662,3291694.0,110395920.0
2016-12-19,28.125738692216736,28.42834675943724,27.915594201091388,28.033275116121583,2523809.0,84397048.0
2016-12-20,28.033275116121583,28.2266080479569,27.48689943919568,27.64660925245094,3640085.0,119902368.0
2016-12-21,27.747478608191106,28.100521353281692,27.638203472805927,27.915594201091388,3270049.0,108458384.0
2016-12-22,27.907188421446374,28.058492455056626,27.747478608191106,27.8651595232213,3041287.0,101061408.0
2016-12-23,27.907188421446374,28.100521353281692,27.402841642745535,27.461682100260635,3027583.0,99923808.0
2016-12-26,27.402841642745535,27.402841642745535,26.31009028889372,26.999364219784862,4471723.0,142160736.0
2016-12-27,26.99095844013985,27.133856694105088,26.789219728659514,26.957335321559796,2817329.0,90305520.0
2016-12-28,26.974146880849826,27.03298733836492,26.612698356114223,26.705161932209375,2115357.0,67544704.0
2016-12-29,26.646321474694275,27.436464761325592,26.646321474694275,27.117045134815058,3177155.0,102346928.0
2016-12-30,27.21791449055523,27.26834916842531,26.7808139490145,26.88168330475467,1709632.0,54884728.0
2017-01-03,26.982552660494836,27.907188421446374,26.89008908439968,27.62979769316091,4059978.0,133269656.0
2017-01-04,27.612986133870884,28.033275116121583,27.48689943919568,27.856753743576288,3525524.0,116772864.0
2017-01-05,27.823130624996235,28.251825386891944,27.512116778130714,28.100521353281692,5097847.0,169700848.0
2017-01-06,28.268636946181974,28.907476199203035,27.739072828546092,27.93240576038141,5852971.0,197418640.0
2017-01-09,27.722261269256062,29.22689582571357,27.48689943919568,28.991533995653175,9733753.0,331786752.0
2017-01-10,28.705737487722697,28.91588197884805,28.327477403697074,28.41153520014721,5074932.0,172755936.0
2017-01-11,28.49559299659735,28.974722436363145,28.394723640857183,28.41153520014721,4398049.0,150070096.0
2017-01-12,28.117332912571726,28.453564098372283,27.966028878961474,27.99124621789651,2651796.0,88921400.0
2017-01-13,27.949217319671444,28.268636946181974,27.655015032095953,27.655015032095953,2706852.0,90008240.0
2017-01-16,27.839942184286258,27.839942184286258,25.2173389350419,26.343713407473775,4535806.0,143792656.0
2017-01-17,26.343713407473775,26.86487174546464,26.09994579776837,26.82284284723957,3391621.0,107084312.0
2017-01-18,26.806031287949544,27.06661045694498,26.58748101717918,26.747190830434445,1836233.0,58593116.0
2017-01-19,26.68835037291935,26.974146880849826,26.56226367824414,26.71356771185439,2118495.0,67509672.0
2017-01-20,26.58748101717918,27.386030083455505,26.58748101717918,27.26834916842531,2521265.0,81219488.0
2017-01-23,27.243131829490267,27.739072828546092,27.243131829490267,27.360812744520462,2637566.0,86390000.0
2017-01-24,27.310378066650383,27.310378066650383,26.982552660494836,26.99095844013985,1984475.0,64019664.0
2017-01-25,26.982552660494836,27.360812744520462,26.965741101204806,27.259943388780297,1575447.0,51033004.0
2017-01-26,27.26834916842531,27.722261269256062,27.26834916842531,27.64660925245094,1914932.0,62764740.0
2017-02-03,27.688638150676006,27.8651595232213,27.545739896710774,27.655015032095953,1768051.0,58175768.0
2017-02-06,27.655015032095953,27.8651595232213,27.41124742239055,27.839942184286258,2346802.0,77332032.0
2017-02-07,27.814724845351222,27.814724845351222,27.234726049845253,27.335595405585426,2834702.0,92605008.0
2017-02-08,27.436464761325592,28.07530401434665,27.234726049845253,28.033275116121583,4971217.0,164647200.0
2017-02-09,28.07530401434665,28.24341960724693,27.839942184286258,27.99124621789651,3832250.0,127801456.0
2017-02-10,28.159361810796792,28.23501382760192,27.739072828546092,27.84834796393128,3400995.0,112852544.0
2017-02-13,27.823130624996235,28.05008667541161,27.655015032095953,27.8651595232213,2447728.0,81033208.0
2017-02-14,27.873565302866314,27.966028878961474,27.57095723564581,27.638203472805927,2514817.0,83019744.0
2017-02-15,27.5625514560008,27.781101726771162,26.999364219784862,27.04979889765495,3940089.0,128240552.0
2017-02-16,27.06661045694498,27.402841642745535,27.04979889765495,27.192697151620187,2485039.0,80441888.0
2017-02-17,27.041393118009935,27.638203472805927,27.041393118009935,27.276754948070327,3520543.0,114293504.0
2017-02-20,27.117045134815058,27.78950750641618,27.117045134815058,27.62979769316091,3060304.0,100218640.0
2017-02-21,27.62979769316091,27.823130624996235,27.495305218840688,27.755884387836122,3241543.0,106812584.0
2017-02-22,27.747478608191106,27.949217319671444,27.663420811740966,27.77269594712615,3199028.0,105740848.0
2017-02-23,27.839942184286258,27.839942184286258,27.495305218840688,27.663420811740966,2602247.0,85542872.0
2017-02-24,27.739072828546092,28.142550251506762,27.587768794935844,27.8651595232213,3935603.0,130645744.0
2017-02-27,27.907188421446374,27.974434658606487,27.419653202035562,27.461682100260635,2769303.0,91085920.0
2017-02-28,27.48689943919568,27.70544970996604,27.419653202035562,27.5625514560008,1732019.0,56821692.0
2017-03-01,27.57095723564581,28.125738692216736,27.57095723564581,27.957623099316454,4838832.0,161012864.0
2017-03-02,27.873565302866314,28.44515831872727,27.806319065706205,28.268636946181974,6557821.0,219553632.0
2017-03-03,28.24341960724693,28.823418402752896,28.058492455056626,28.562839233757458,8404397.0,284838016.0
2017-03-06,28.66370858949763,28.71414326736771,28.36950630192214,28.655302809852618,5901777.0,200447872.0
2017-03-07,28.537621894822422,28.621679691272558,28.117332912571726,28.436752539082253,5156536.0,173822576.0
2017-03-08,28.478781437307326,28.991533995653175,28.285448505472,28.394723640857183,4782080.0,162844944.0
2017-03-09,28.293854285117014,28.30226006476203,27.907188421446374,27.974434658606487,3432620.0,114368776.0
2017-03-10,27.982840438251497,28.377912081567153,27.907188421446374,28.20979648866688,3509662.0,117566168.0
2017-03-13,28.184579149731835,28.529216115177405,27.823130624996235,28.49559299659735,4274270.0,143476176.0
2017-03-14,28.478781437307326,28.638491250562588,28.277042725826988,28.503998776242362,3911324.0,132420128.0
2017-03-15,28.033275116121583,28.033275116121583,27.436464761325592,27.528928337420744,7227845.0,238067056.0
2017-03-16,27.293566507360353,27.806319065706205,27.293566507360353,27.747478608191106,3996587.0,131362704.0
2017-03-17,27.747478608191106,27.856753743576288,27.243131829490267,27.35240696487545,3415738.0,112215952.0
2017-03-20,27.301972287005363,27.621391913515897,26.90690064368971,27.100233575525035,3323741.0,107293720.0
2017-03-21,27.108639355170045,27.301972287005363,27.03298733836492,27.108639355170045,2380984.0,76850848.0
2017-03-22,27.150668253395114,27.470087879905645,27.03298733836492,27.318783846295396,3136906.0,101784800.0
2017-03-23,27.327189625940406,27.42805898168058,26.948929541914783,27.184291371975174,2942299.0,95181192.0
2017-03-24,27.276754948070327,27.318783846295396,27.03298733836492,27.234726049845253,2439381.0,78913552.0
2017-03-27,27.234726049845253,27.42805898168058,27.234726049845253,27.327189625940406,2707665.0,88039528.0
2017-03-28,27.34400118523044,27.495305218840688,27.243131829490267,27.360812744520462,2682879.0,87469600.0
2017-03-29,27.360812744520462,27.461682100260635,26.73878505078943,26.974146880849826,3537136.0,113521400.0
2017-03-30,26.839654406529597,26.89008908439968,26.150380475638453,26.217626712798566,3579314.0,112561128.0
2017-03-31,26.192409373863523,26.54545211895411,26.150380475638453,26.368930746408818,2984822.0,93600296.0
2017-04-05,26.284872949958675,26.848060186174614,26.12516313670341,26.730379271144418,3203220.0,101420472.0
2017-04-06,26.814437067594557,26.814437067594557,26.394148085343858,26.52864055966408,2934469.0,92628304.0
2017-04-07,26.52864055966408,27.117045134815058,26.478205881793997,27.058204677299962,4327203.0,138666000.0
2017-04-10,26.99095844013985,27.2011029312652,26.579075237534166,26.7808139490145,3410669.0,108707432.0
2017-04-11,26.89008908439968,28.02486933647657,26.789219728659514,27.823130624996235,10109385.0,331107424.0
2017-04-12,27.688638150676006,28.117332912571726,27.4448705409706,27.478493659550658,5980503.0,197089664.0
2017-04-13,27.394435863100522,27.655015032095953,27.192697151620187,27.243131829490267,3232746.0,105178616.0
2017-04-14,27.318783846295396,27.554145676355787,26.948929541914783,27.06661045694498,3310804.0,107348856.0
2017-04-17,27.117045134815058,27.117045134815058,26.16719203492848,26.478205881793997,2857589.0,90243768.0
2017-04-18,26.621104135759236,26.621104135759236,26.22603249244358,26.22603249244358,1940368.0,60976228.0
2017-04-19,26.251249831378622,26.31009028889372,25.612410578357558,25.80574351019288,2853733.0,87806664.0
2017-04-20,25.822555069482906,26.015888001318228,25.536758561552432,25.688062595162684,2052754.0,62874928.0
2017-04-21,25.6964683748077,25.80574351019288,25.385454527942183,25.528352781907422,1832820.0,55818096.0
2017-04-24,25.22574471468692,25.34342562971711,23.813573734324567,23.813573734324567,4878119.0,141206864.0
2017-04-25,23.53618300603911,24.267485835155327,23.53618300603911,23.595023463554206,3147700.0,89191760.0
2017-04-26,23.628646582134262,23.8303852936146,22.704010821182727,22.9898073291132,5145513.0,141848096.0
2017-04-27,22.998213108758215,23.01502466804824,21.770969280586176,22.56111256721749,5812010.0,154413136.0
2017-04-28,22.418214313252253,22.82169173621292,22.325750737157097,22.619953024732588,2759049.0,74354000.0
2017-05-02,22.779662837987853,22.82169173621292,22.359373855737154,22.771257058342837,2720561.0,73059680.0
2017-05-03,22.771257058342837,23.11589402378841,22.577924126507515,22.930966871598105,3122613.0,84987464.0
2017-05-04,22.947778430888132,23.166328701658493,22.535895228282445,22.956184210533145,3260698.0,88524776.0
2017-05-05,23.023430447693258,25.242556273976945,23.023430447693258,23.552994565329136,9420422.0,270297056.0
2017-05-08,23.11589402378841,23.250386498108636,22.149229364611806,22.233287161061945,4683410.0,125798608.0
2017-05-09,22.19125826283687,23.66226970071432,21.86343285668133,23.309226955623732,5969025.0,163808160.0
2017-05-10,23.326038514913762,23.695892819294375,22.9898073291132,23.233574938818606,4245908.0,117752400.0
2017-05-11,22.947778430888132,23.191546040593536,22.065171568161666,22.82169173621292,3531669.0,95420656.0
2017-05-12,22.779662837987853,23.01502466804824,22.49386633005738,22.502272109702393,1961528.0,52896736.0
2017-05-15,22.61154724508757,22.762851278697823,22.401402753962223,22.426620092897267,1607965.0,43072628.0
2017-05-16,22.426620092897267,22.75444549905281,21.981113771711524,22.71241660082774,3012370.0,80113112.0
2017-05-17,22.804880176922893,23.39328475207387,22.804880176922893,22.82169173621292,4062927.0,111388848.0
2017-05-18,22.61154724508757,23.01502466804824,22.47705477076735,22.502272109702393,2531836.0,68165248.0
2017-05-19,22.56111256721749,22.594735685797545,22.208069822126905,22.401402753962223,1847197.0,49120132.0
2017-05-22,22.300533398222058,22.510677889347406,21.855027077036315,21.913867534551414,2120680.0,55956568.0
2017-05-23,21.913867534551414,22.07357734780668,20.74546416389447,20.770681502829515,3711354.0,94733064.0
2017-05-24,20.753869943539488,20.997637553244893,20.047784453358314,20.921985536439767,2990757.0,73170080.0
2017-05-25,20.964014434664836,21.182564705435198,20.51010233383408,21.05647801075999,1981322.0,49225904.0
2017-05-26,21.039666451469962,21.27502828153035,20.854739299279654,21.190970485080214,1760266.0,44325508.0
2017-05-31,21.30865140011041,21.560824789460828,21.16575314614517,21.182564705435198,1581560.0,40141520.0
2017-06-01,21.157347366500158,21.29183984082038,20.636189028509293,20.636189028509293,1993866.0,49991516.0
2017-06-02,20.61097168957425,21.05647801075999,20.241117385193633,20.938797095729793,1617325.0,39842656.0
2017-06-05,20.980825993954863,21.190970485080214,20.90517397714974,21.031260671824946,1180781.0,29626246.0
2017-06-06,21.20778204437024,21.52720167088077,21.05647801075999,21.317057179755423,1624962.0,41211400.0
2017-06-07,21.409520755850576,21.728940382361106,21.317057179755423,21.56923056910584,2900004.0,74299008.0
2017-06-08,21.560824789460828,21.653288365555984,21.317057179755423,21.37589763727052,2552481.0,65075236.0
2017-06-09,21.37589763727052,21.728940382361106,21.09850690898506,21.518795891235758,2547783.0,64918084.0
2017-06-12,21.56923056910584,21.56923056910584,21.022854892179936,21.05647801075999,1997621.0,50415352.0
2017-06-13,21.983492809902653,22.557359088072808,21.877548266240474,22.53087295215726,2470772.0,62556728.0
2017-06-14,22.610331359903896,24.526161857795014,22.451414544410625,23.237169909905138,8629232.0,230156112.0
2017-06-15,23.08708180638371,23.643290660610166,23.025280822580772,23.27248475779253,4577478.0,120987464.0
2017-06-16,23.228341197933286,23.73157778032865,23.04293824652447,23.484373845116895,4259940.0,113037720.0
2017-06-19,23.484373845116895,24.058240123287042,23.466716421173196,23.7404064923005,4066531.0,109571144.0
2017-06-20,23.766892628216045,24.0140965634278,23.493202557088743,23.62563323666647,4016610.0,107838608.0
2017-06-21,23.855179747934528,24.093554971174438,23.228341197933286,23.38725801342656,3109764.0,82831448.0
2017-06-22,23.378429301454712,23.56383225286353,23.11356794229926,23.131225366242955,2757779.0,72885200.0
2017-06-23,23.21951248596144,23.528517404976135,22.87519271905935,23.360771877511016,2792236.0,73733488.0
2017-06-26,23.369600589482864,23.56383225286353,23.157711502158502,23.528517404976135,2642070.0,70022288.0
2017-06-27,23.528517404976135,23.89049459582192,23.440230285257652,23.80220747610344,3388028.0,90850504.0
2017-06-28,23.581489676807227,23.7404064923005,23.360771877511016,23.360771877511016,2352091.0,62763196.0
2017-06-29,23.555003540891683,23.79337876413159,23.378429301454712,23.546174828919835,1625565.0,43512348.0
2017-06-30,23.493202557088743,23.775721340187893,23.184197638074046,23.660948084553862,2379479.0,63437912.0
2017-07-03,23.66977679652571,23.79337876413159,23.34311445356732,23.652119372582014,2220808.0,59097004.0
2017-07-04,23.57266096483538,23.92580944370932,23.555003540891683,23.749235204272345,2579797.0,69385888.0
2017-07-05,23.775721340187893,23.837522323990832,23.555003540891683,23.79337876413159,2351964.0,63147308.0
2017-07-06,23.79337876413159,24.808680640894163,23.79337876413159,24.41138860216098,8040803.0,222025136.0
2017-07-07,24.278957922583256,24.791023216950464,24.040582699343346,24.632106401457193,6486704.0,179413104.0
2017-07-10,24.914625184556343,25.10002813596516,24.517333145823162,24.526161857795014,6064116.0,170643680.0
2017-07-11,24.676249961316437,24.685078673288285,23.96995300356856,23.96995300356856,3368293.0,92363432.0
2017-07-12,23.978781715540407,24.18184209089292,23.51085998103244,24.067068835258894,3148011.0,85002720.0
2017-07-13,24.08472625920259,24.437874738076527,23.837522323990832,24.19067080286477,3085369.0,84671272.0
2017-07-14,24.093554971174438,24.808680640894163,24.08472625920259,24.623277689485345,5423106.0,150763408.0
2017-07-17,24.38490246624544,24.508504433851318,22.301326440889202,22.336641288776594,6202144.0,162585632.0
2017-07-18,22.25718288102996,22.75159075145347,22.16889576131147,22.636817495819443,2652600.0,67573920.0
2017-07-19,22.66330363173499,23.034109534552623,22.46907196835432,22.910507566946745,2359807.0,60749312.0
2017-07-20,22.848706583143805,23.457887709201348,22.742762039481626,23.157711502158502,3347101.0,87876864.0
2017-07-21,23.201855062017746,23.254827333848834,22.742762039481626,22.910507566946745,2950464.0,76733232.0
2017-07-24,22.8663640070875,23.82869361201898,22.725104615537926,23.749235204272345,4639504.0,122850600.0
2017-07-25,23.50203126906059,23.80220747610344,23.298970893708077,23.413744149342104,3619783.0,96411024.0
2017-07-26,23.475545133145044,23.537346116947983,23.04293824652447,23.228341197933286,2817939.0,74095096.0
2017-07-27,23.21068377398959,23.758063916244197,23.05176695849632,23.758063916244197,3915862.0,104077536.0
2017-07-28,23.652119372582014,23.7404064923005,23.422572861313956,23.440230285257652,2729998.0,72879832.0
2017-07-31,23.705091644413105,23.916980731737468,23.316628317651773,23.4490589972295,3304472.0,88221320.0
2017-08-01,23.40491543737026,23.66977679652571,23.131225366242955,23.228341197933286,3019830.0,79862704.0
2017-08-02,23.228341197933286,23.378429301454712,22.725104615537926,22.733933327509774,3853324.0,100512480.0
2017-08-03,22.742762039481626,23.04293824652447,22.672132343706835,22.795734311312714,1764067.0,45684344.0
2017-08-04,22.945822414834137,24.985254880331134,22.81339173525641,24.067068835258894,11342262.0,307330304.0
2017-08-07,23.95229557962486,23.95229557962486,23.56383225286353,23.819864900047136,4813018.0,129287864.0
2017-08-08,23.78455005215974,23.98761042751226,23.422572861313956,23.705091644413105,4349801.0,116819112.0
2017-08-09,23.687434220469406,23.82869361201898,23.519688693004287,23.7227490683568,2526976.0,67668016.0
2017-08-10,23.80220747610344,24.19949951483662,23.546174828919835,23.855179747934528,4429383.0,119826736.0
2017-08-11,23.749235204272345,24.340758906386196,23.599147100750923,23.643290660610166,4938443.0,134247376.0
2017-08-14,23.819864900047136,24.120041107089982,23.57266096483538,24.102383683146286,3879005.0,105200160.0
2017-08-15,24.102383683146286,24.47318958596392,23.90815201976562,24.296615346526952,4720516.0,129734928.0
2017-08-16,24.3054440584988,24.47318958596392,24.093554971174438,24.314272770470648,4262861.0,117186448.0
2017-08-17,24.278957922583256,24.896967760612647,24.234814362724013,24.42904602610468,4635682.0,128994576.0
2017-08-18,23.82869361201898,24.07589754723074,23.378429301454712,23.457887709201348,6266545.0,167978176.0
2017-08-21,23.57266096483538,23.62563323666647,23.228341197933286,23.484373845116895,3558726.0,94336960.0
2017-08-22,23.484373845116895,23.51085998103244,23.237169909905138,23.254827333848834,2469619.0,65221840.0
2017-08-23,23.307799605679925,23.484373845116895,23.21951248596144,23.263656045820685,2160771.0,57091348.0
2017-08-24,23.21951248596144,23.228341197933286,22.848706583143805,22.848706583143805,3899898.0,101537424.0
2017-08-25,22.839877871171957,23.157711502158502,22.76924817539717,23.078253094411867,1958944.0,51170436.0
2017-08-28,23.11356794229926,23.528517404976135,23.11356794229926,23.422572861313956,2674228.0,70879696.0
2017-08-29,23.422572861313956,23.56383225286353,22.945822414834137,22.954651126805988,2679484.0,70384112.0
2017-08-30,23.007623398637076,23.157711502158502,22.93699370286229,23.131225366242955,2644144.0,68862088.0
2017-08-31,23.08708180638371,23.21951248596144,23.016452110608927,23.095910518355563,1719561.0,45050180.0
2017-09-01,23.11356794229926,23.201855062017746,23.04293824652447,23.166540214130347,1877149.0,49162556.0
2017-09-04,23.05176695849632,23.378429301454712,23.05176695849632,23.307799605679925,2774765.0,73128560.0
2017-09-05,23.290142181736226,23.298970893708077,23.078253094411867,23.193026350045894,2286879.0,60034984.0
2017-09-06,23.08708180638371,24.058240123287042,23.08708180638371,23.82869361201898,7823317.0,209516944.0
2017-09-07,23.643290660610166,23.766892628216045,23.316628317651773,23.351943165539165,4659929.0,124369952.0
2017-09-08,23.325457029623625,23.62563323666647,23.08708180638371,23.40491543737026,2866187.0,76036304.0
2017-09-11,23.555003540891683,25.7445241099101,23.555003540891683,25.7445241099101,17086132.0,491182592.0
2017-09-12,26.733339850757126,26.971715073997036,25.709209262022707,25.947584485262613,31822756.0,954020416.0
2017-09-13,25.68272312610716,25.832811229628586,25.082370712021465,25.52380631061389,11723215.0,336066848.0
2017-09-14,25.426690478923554,25.771010245825646,25.073542000049613,25.1618291197681,8127908.0,233343376.0
2017-09-15,25.34723207117692,26.415506219770585,25.33840335920507,25.638579566247916,14870686.0,437335136.0
2017-09-18,25.38254691906431,26.221274556389915,24.976426168359282,26.053529028924796,10659503.0,310553568.0
2017-09-19,25.91226963737522,26.02704289300925,25.267773663430283,25.417861766951706,7290488.0,211190688.0
2017-09-20,25.576778582444977,26.274246828221006,25.426690478923554,26.062357740896644,9379233.0,276050816.0
2017-09-21,25.982899333150005,26.37136265991134,25.488491462726493,25.532635022585737,7470594.0,219032736.0
2017-09-22,25.34723207117692,25.479662750754645,24.896967760612647,25.00291230427483,4956275.0,140815680.0
2017-09-25,24.896967760612647,24.985254880331134,24.34958761835804,24.41138860216098,4194527.0,117262584.0
2017-09-26,24.393731178217283,25.082370712021465,24.36724504230174,24.896967760612647,4319348.0,121358240.0
2017-09-27,24.896967760612647,25.12651427188071,24.720393521175676,24.799851928922315,3769845.0,106371408.0
2017-09-28,24.729222233147528,24.8881390486408,24.437874738076527,24.455532162020223,4707157.0,131149680.0
2017-09-29,24.720393521175676,24.835166776809707,24.54381928173871,24.720393521175676,3532764.0,98790376.0
2017-10-09,24.81750935286601,25.576778582444977,24.81750935286601,25.1618291197681,5187069.0,148028848.0
2017-10-10,24.985254880331134,25.576778582444977,24.967597456387434,25.356060783148767,4256893.0,121930344.0
2017-10-11,25.409033054979858,25.488491462726493,25.011741016246674,25.082370712021465,3150250.0,89711016.0
2017-10-12,25.082370712021465,25.470834038782797,24.843995488781555,25.091199423993313,4774911.0,136068400.0
2017-10-13,25.27660237540213,25.470834038782797,24.985254880331134,25.117685559908857,3735410.0,106759200.0
2017-10-16,25.029398440190374,25.10002813596516,23.96995300356856,23.978781715540407,6236287.0,172450048.0
2017-10-17,24.08472625920259,24.225985650752165,23.881665883850076,24.07589754723074,1987310.0,54213844.0
2017-10-18,24.07589754723074,24.25247178666771,23.758063916244197,23.766892628216045,2865167.0,77905352.0
2017-10-19,23.79337876413159,23.837522323990832,22.80456302328456,22.98996597469338,4312791.0,113331144.0
2017-10-20,23.05176695849632,23.440230285257652,22.98996597469338,23.369600589482864,1905709.0,50209980.0
2017-10-23,23.33428574159547,23.484373845116895,23.27248475779253,23.34311445356732,1486292.0,39357920.0
2017-10-24,23.316628317651773,23.466716421173196,23.166540214130347,23.245998621876986,1734901.0,45706444.0
2017-10-25,23.245998621876986,23.484373845116895,23.201855062017746,23.38725801342656,1694243.0,44766268.0
2017-10-26,23.440230285257652,23.466716421173196,23.245998621876986,23.466716421173196,1839562.0,48768344.0
2017-10-27,23.493202557088743,23.713920356384953,23.298970893708077,23.34311445356732,2041775.0,54341996.0
2017-10-30,23.307799605679925,23.307799605679925,22.07177992962114,22.25718288102996,3864464.0,98321152.0
2017-10-31,22.13358091342408,22.477900680326172,21.983492809902653,22.07177992962114,3396135.0,85112968.0
2017-11-01,22.16889576131147,22.318983864832898,22.160067049339627,22.239525457086263,1864678.0,46951092.0
2017-11-02,22.25718288102996,22.318983864832898,21.35665425990142,21.55088592328208,3384736.0,83171464.0
2017-11-03,21.62151561905687,21.692145314831656,21.38314039581696,21.656830466944264,2103226.0,51302136.0
2017-11-06,21.656830466944264,21.762775010606443,21.542057211310233,21.718631450747203,1778522.0,43628076.0
2017-11-07,21.709802738775355,21.886376978212322,21.462598803563598,21.859890842296778,2161379.0,53048808.0
2017-11-08,21.833404706381234,22.24835416905811,21.683316602859808,21.965835385958957,2699091.0,67389088.0
2017-11-09,21.877548266240474,22.177724473283323,21.877548266240474,22.142409625395928,1656105.0,41351076.0
2017-11-10,22.160067049339627,22.16889576131147,21.930520538071566,21.965835385958957,1729328.0,43074228.0
2017-11-13,22.07177992962114,22.142409625395928,21.639173043000568,21.665659178916112,1833083.0,45228236.0
2017-11-14,21.665659178916112,21.939349250043414,21.61268690708502,21.84223341835308,1867600.0,46105928.0
2017-11-15,22.054122505677444,22.054122505677444,21.497913651450993,21.533228499338385,1688693.0,41456540.0
2017-11-16,21.45377009159175,21.692145314831656,21.409626531732506,21.444941379619898,1086282.0,26504396.0
2017-11-17,21.29485327609848,21.444941379619898,19.423166338066604,20.0235187521523,4249399.0,98686432.0
2017-11-20,19.864601936659028,20.0235187521523,19.414337626094753,19.926402920461967,2084858.0,46421000.0
2017-11-21,19.864601936659028,20.25306526342036,19.864601936659028,19.988203904264907,1450044.0,32916522.0
2017-11-22,20.03234746412415,20.94170479722454,19.78514352891239,20.5885563183506,3425914.0,79391800.0
2017-11-23,20.3148662472233,20.57972760637875,19.908745496518268,20.01469004018045,2094968.0,48055248.0
2017-11-24,20.0235187521523,20.05883360003969,19.51145345778509,19.78514352891239,1223029.0,27430292.0
2017-11-27,19.79397224088424,20.09414844792709,19.476138609897692,19.59974057750357,1103851.0,24727400.0
2017-11-28,20.102977159898934,20.729815709900176,20.102977159898934,20.394324654969935,3110943.0,71993368.0
2017-11-29,20.173606855673725,20.447296926801027,20.12946329581448,20.217750415532965,1839620.0,42136532.0
2017-11-30,20.12946329581448,20.526755334547662,20.12946329581448,20.217750415532965,1536319.0,35305796.0
2017-12-01,20.226579127504813,20.394324654969935,20.076491023983387,20.350181095110692,1146602.0,26359290.0
2017-12-04,20.350181095110692,20.464954350744723,19.67919898525021,19.74099996905315,1620501.0,36768020.0
2017-12-05,19.696856409193906,20.03234746412415,18.999388163417876,19.15830497891115,2240341.0,49395720.0
2017-12-06,19.326050506376273,19.423166338066604,18.990559451446032,19.387851490179212,1379693.0,30017026.0
2017-12-07,19.387851490179212,19.83811580074348,19.202448538770394,19.670370273278362,1894934.0,42210104.0
2017-12-08,19.59974057750357,19.917574208490116,19.55559701764433,19.749828681024997,1253584.0,28084390.0
2017-12-11,19.78514352891239,19.95288905637751,19.749828681024997,19.882259360602724,1103315.0,24807578.0
2017-12-12,19.882259360602724,19.908745496518268,19.467309897925848,19.484967321869544,1356153.0,30230502.0
2017-12-13,19.476138609897692,19.749828681024997,19.40550891412291,19.7321712570813,1006007.0,22388370.0
2017-12-14,19.51145345778509,19.926402920461967,19.51145345778509,19.635055425390966,1103867.0,24563274.0
2017-12-15,19.7321712570813,20.350181095110692,19.57325444158803,20.200092991589266,2168743.0,49036992.0
2017-12-18,20.173606855673725,20.173606855673725,19.652712849334666,19.705685121165754,2102685.0,47357652.0
2017-12-19,19.7145138331376,19.864601936659028,19.705685121165754,19.78514352891239,1110721.0,24894854.0
2017-12-20,19.829287088771633,19.908745496518268,19.273078234545178,19.326050506376273,1707614.0,37625360.0
2017-12-21,19.264249522573333,19.51145345778509,19.03470301130527,19.37902277820736,1559602.0,34116024.0
2017-12-22,19.246592098629634,19.396680202151057,19.15830497891115,19.246592098629634,843816.0,18437190.0
2017-12-25,19.175962402854847,19.40550891412291,18.619753548628395,18.628582260600243,2178700.0,46433576.0
2017-12-26,18.672725820459483,18.893443619755697,18.63741097257209,18.787499076093518,927170.0,19701118.0
2017-12-27,18.893443619755697,19.396680202151057,18.734526804262423,18.937587179614937,1542002.0,33139742.0
2017-12-28,18.893443619755697,19.087675283136363,18.849300059896457,18.964073315530484,1527525.0,32831058.0
2017-12-29,18.91992975567124,19.10533270708006,18.8581287718683,19.10533270708006,1322535.0,28437054.0
2018-01-02,19.087675283136363,19.193619826798543,18.999388163417876,19.149476266939303,1226289.0,26537144.0
2018-01-03,19.10533270708006,19.59974057750357,19.04353172327712,19.582083153559875,2611038.0,57094020.0
2018-01-04,19.61739800144727,19.61739800144727,19.255420810601482,19.361365354263665,2105549.0,46153220.0
2018-01-05,19.326050506376273,19.546768305672483,19.211277250742242,19.34370793031997,1864682.0,40884148.0
2018-01-08,19.273078234545178,19.334879218348117,19.078846571164515,19.175962402854847,1666654.0,36184576.0
2018-01-09,19.15830497891115,19.37902277820736,19.087675283136363,19.28190694651703,1467977.0,32019650.0
2018-01-10,19.361365354263665,19.370194066235513,18.893443619755697,19.070017859192667,1470350.0,31813670.0
2018-01-11,18.999388163417876,19.202448538770394,18.902272331727545,19.149476266939303,1336435.0,28881734.0
2018-01-12,19.087675283136363,19.31722179440442,19.087675283136363,19.175962402854847,1454142.0,31672562.0
2018-01-15,17.71922492749985,18.063544694401944,17.260131904963732,17.260131904963732,7415151.0,146413824.0
2018-01-16,16.721580474680977,16.88049729017425,16.156542908482677,16.22717260425746,5546326.0,102991816.0
2018-01-17,16.050598364820495,16.42140426763813,16.050598364820495,16.262487452144857,2815774.0,51868704.0
2018-01-18,16.25365874017301,16.46554782749737,16.25365874017301,16.297802300032252,1773650.0,32844142.0
2018-01-19,16.324288435947793,16.93346956200534,16.31545972397595,16.518520099328462,3000995.0,56720048.0
2018-01-22,16.509691387356614,17.198330921160792,16.094741924679738,16.92464085003349,3417546.0,64215416.0
2018-01-23,16.81869630637131,16.90698342608979,16.68626562679358,16.730409186652825,1886120.0,35812832.0
2018-01-24,16.774552746512068,16.827525018343156,16.597978507075098,16.783381458483916,1951878.0,36913108.0
2018-01-25,16.783381458483916,17.260131904963732,16.68626562679358,17.065900241583066,4504995.0,86961056.0
2018-01-26,16.951126985949035,18.769841652149818,16.86283986623055,18.769841652149818,10733813.0,219746896.0
2018-01-29,19.334879218348117,20.65035730215354,19.202448538770394,20.65035730215354,12943244.0,295182272.0
2018-01-30,21.630344331028716,22.513215528213564,21.065306764830417,21.815747282437535,23556388.0,580379776.0
2018-01-31,20.747473133843872,21.62151561905687,20.323694959195148,20.747473133843872,13042611.0,308463712.0
2018-02-01,20.694500862012784,20.985848357083782,18.88461490778385,19.352536642291817,13366321.0,298300512.0
2018-02-02,19.423166338066604,20.200092991589266,18.911101043699396,19.078846571164515,12737675.0,282889184.0
2018-02-05,18.716869380318727,20.71215828595648,18.54029514088176,19.55559701764433,11265251.0,250925568.0
2018-02-06,18.681554532431335,19.476138609897692,17.657423943696912,18.39903574933218,9704580.0,203551792.0
2018-02-07,19.140647554967455,19.820458376799785,18.01057242257085,19.10533270708006,10290816.0,223100704.0
2018-02-08,19.37902277820736,19.758657392996845,18.29309120567,18.52263771693806,7913716.0,170341696.0
2018-02-09,17.657423943696912,17.85165560707758,16.668608202849885,16.668608202849885,8381136.0,161862784.0
2018-02-12,16.721580474680977,17.436706144400702,16.71275176270913,16.951126985949035,4928594.0,95175808.0
2018-02-13,17.198330921160792,17.772197199330943,16.951126985949035,17.20715963313264,5211376.0,102508048.0
2018-02-14,17.401391296513307,18.928758467643092,17.295446752851127,18.928758467643092,7765780.0,160266320.0
2018-02-22,19.228934674685938,20.30603753525145,19.228934674685938,19.67919898525021,7953897.0,177519952.0
2018-02-23,19.67919898525021,19.80280095285609,19.246592098629634,19.59974057750357,5436610.0,120124888.0
2018-02-26,19.53793959370063,19.970546480321207,19.387851490179212,19.696856409193906,7742160.0,173055952.0
2018-02-27,19.77631481694054,20.509097910603966,19.51145345778509,19.988203904264907,9611344.0,218750032.0
2018-02-28,18.937587179614937,19.582083153559875,18.0194011345427,19.326050506376273,8602232.0,184636640.0
2018-03-01,19.15830497891115,19.55559701764433,19.04353172327712,19.423166338066604,5950125.0,129921944.0
2018-03-02,19.246592098629634,20.888732525393447,19.140647554967455,20.30603753525145,11839073.0,272094464.0
2018-03-05,19.758657392996845,20.64152859018169,19.758657392996845,20.173606855673725,7372782.0,168036000.0
2018-03-06,20.09414844792709,20.270722687364056,19.59974057750357,19.820458376799785,6490433.0,145942640.0
2018-03-07,19.811629664827937,20.2972088232796,19.44965247398215,19.988203904264907,6416197.0,144857600.0
2018-03-08,20.01469004018045,20.09414844792709,19.431995050038452,19.643884137362814,5058084.0,112918408.0
2018-03-09,19.79397224088424,20.288380111307752,19.44965247398215,20.18243556764557,7690926.0,174389056.0
2018-03-12,20.067662312011542,21.012334492999326,20.067662312011542,20.765130557787568,9834820.0,229783584.0
2018-03-13,20.615042454266145,21.029991916943022,20.217750415532965,20.217750415532965,6643888.0,154988688.0
2018-03-14,20.12946329581448,20.70332957398463,19.864601936659028,19.864601936659028,5823602.0,133926440.0
2018-03-15,19.7145138331376,20.18243556764557,19.51145345778509,20.0235187521523,4787642.0,107392864.0
2018-03-16,19.84694451271533,20.12946329581448,19.59974057750357,19.59974057750357,3519771.0,79184416.0
2018-03-19,19.44965247398215,19.77631481694054,19.008216875389728,19.052360435248968,4324891.0,95180760.0
2018-03-20,18.902272331727545,18.902272331727545,18.222461509895215,18.82281392398091,5488656.0,115434144.0
2018-03-21,18.787499076093518,20.70332957398463,18.628582260600243,20.70332957398463,14087799.0,323231648.0
2018-03-22,20.826931541590508,21.409626531732506,20.279551399335904,20.83576025356236,16564060.0,391286112.0
2018-03-23,20.08531973595524,22.8663640070875,19.77631481694054,22.0099789458182,21736632.0,519701536.0
2018-03-26,21.10062161271781,21.868719554268626,20.70332957398463,21.815747282437535,14326288.0,348247488.0
2018-03-27,21.79808985849384,22.389613560607685,21.365482971873263,21.965835385958957,14763970.0,364328224.0
2018-03-28,21.45377009159175,21.683316602859808,20.756301845815724,20.83576025356236,9942143.0,238140048.0
2018-03-29,20.676843438069085,21.45377009159175,20.676843438069085,20.93287608525269,6231360.0,148435664.0
2018-03-30,21.082964188774113,21.444941379619898,20.959362221168234,21.144765172577053,7085465.0,170033008.0
2018-04-02,20.738644421872024,21.639173043000568,20.5885563183506,21.32133941201402,8338079.0,200244480.0
2018-04-03,20.924047373280843,21.26836714018293,20.217750415532965,20.51792662257581,6956792.0,162758480.0
2018-04-04,20.659186014125385,22.045293793705593,20.659186014125385,21.32133941201402,11389677.0,276860224.0
2018-04-09,21.497913651450993,21.692145314831656,20.888732525393447,21.10062161271781,7998772.0,192691952.0
2018-04-10,20.924047373280843,21.586200771169477,20.57972760637875,21.144765172577053,6037021.0,144198368.0
2018-04-11,20.99467706905563,21.33899683595772,20.747473133843872,21.32133941201402,6314475.0,150318560.0
2018-04-12,21.347825547929567,22.954651126805988,21.206566156379992,21.709802738775355,13649691.0,340135744.0
2018-04-13,22.001150233846356,22.292497728917354,21.418455243704358,22.07177992962114,9709824.0,241341408.0
2018-04-16,21.771603722578295,22.557359088072808,21.762775010606443,22.398442272579533,10475581.0,264905264.0
2018-04-17,22.477900680326172,22.575016512016504,20.623871166237993,20.862246389477903,10383452.0,253313072.0
2018-04-18,20.570898894406906,21.26836714018293,19.7321712570813,20.959362221168234,8080315.0,188118496.0
2018-04-19,21.082964188774113,21.542057211310233,20.906389949337143,20.924047373280843,5779653.0,138649552.0
2018-04-20,21.082964188774113,21.436112667648054,20.041176176095995,20.12946329581448,5419233.0,126674600.0
2018-04-23,19.944060344405663,20.464954350744723,19.246592098629634,19.688027697222058,4916549.0,110182200.0
2018-04-24,19.935231632433812,20.403153366941783,19.34370793031997,20.2972088232796,3765201.0,85907864.0
2018-04-25,20.08531973595524,20.47378306271657,20.067662312011542,20.385495942998087,3535025.0,81249408.0
2018-04-26,20.438468214829175,20.659186014125385,19.423166338066604,19.476138609897692,4464210.0,101145096.0
2018-04-27,19.59974057750357,19.77631481694054,18.63741097257209,18.928758467643092,5471324.0,118355408.0
2018-05-02,18.655068396515787,19.28190694651703,18.655068396515787,18.999388163417876,2464960.0,53067184.0
2018-05-03,19.052360435248968,19.193619826798543,18.434350597219577,19.114161419051907,3101681.0,66244272.0
2018-05-04,18.94641589158679,19.31722179440442,18.94641589158679,18.990559451446032,2449696.0,53039324.0
2018-05-07,18.972902027502332,19.484967321869544,18.972902027502332,19.299564370460725,2968238.0,64864300.0
2018-05-08,19.51145345778509,19.864601936659028,19.184791114826695,19.520282169756936,4137938.0,91637288.0
2018-05-09,19.582083153559875,19.61739800144727,19.299564370460725,19.334879218348117,2143172.0,47060412.0
2018-05-10,19.467309897925848,19.520282169756936,18.990559451446032,19.211277250742242,2539395.0,55470532.0
2018-05-11,19.299564370460725,21.135936460605205,18.98173073947418,21.135936460605205,9147068.0,209067776.0
2018-05-14,21.639173043000568,21.921691826099714,20.70332957398463,20.729815709900176,13542023.0,326522048.0
2018-05-15,20.738644421872024,21.188908732436296,20.217750415532965,20.80927411764681,6190503.0,145335728.0
2018-05-16,20.80927411764681,20.977019645111934,20.41198207891363,20.48261177468842,4525374.0,105808016.0
2018-05-17,20.394324654969935,20.65035730215354,19.758657392996845,19.89991678454642,5626540.0,128058000.0
2018-05-18,19.95288905637751,20.606213742294297,19.78514352891239,20.447296926801027,4953460.0,113580664.0
2018-05-21,20.738644421872024,20.738644421872024,20.30603753525145,20.41198207891363,3935064.0,91115344.0
2018-05-22,20.30603753525145,20.48261177468842,19.891088072574572,20.155949431730026,4049987.0,92217264.0
2018-05-23,20.09414844792709,20.720986997928325,19.99703261623675,20.25306526342036,6004932.0,139156352.0
2018-05-24,20.138292007786326,20.403153366941783,19.95288905637751,19.95288905637751,3536208.0,80579704.0
2018-05-25,20.041176176095995,20.64152859018169,19.873430648630876,20.24423655144851,5307040.0,122135104.0
2018-05-28,20.48261177468842,20.48261177468842,18.964073315530484,19.070017859192667,6474011.0,143296736.0
2018-05-29,19.070017859192667,19.423166338066604,18.734526804262423,18.875786195811997,3909456.0,84314200.0
2018-05-30,19.15830497891115,19.15830497891115,17.922285302852366,18.107688254261184,4543382.0,96005104.0
2018-05-31,18.23129022186706,18.42552188524773,18.098859542289336,18.134174390176728,3829477.0,79103448.0
2018-06-01,18.14300310214858,18.734526804262423,17.692738791584304,18.36372090144479,4432167.0,91407088.0
2018-06-04,18.452008021163273,18.452008021163273,18.125345678204884,18.20480408595152,2501831.0,51799104.0
2018-06-05,18.452008021163273,18.690383244403183,18.248947645810762,18.593267412712848,2943264.0,61557340.0
2018-06-06,18.610924836656544,18.787499076093518,18.407864461304033,18.47849415707882,2225968.0,46788640.0
2018-06-07,18.70804066834688,18.98173073947418,18.381378325388486,18.557952564825456,3668795.0,77764904.0
2018-06-08,18.42552188524773,18.42552188524773,17.56030811200658,17.833998183133883,5286829.0,106611160.0
2018-06-11,18.054715982430093,18.054715982430093,17.56030811200658,17.816340759190183,2514916.0,50534616.0
2018-06-12,17.869313031021274,17.869313031021274,17.21598834510449,17.639766519753216,3063941.0,61095356.0
2018-06-13,17.7457110634154,17.754539775387244,17.127701225386005,17.136529937357853,2543203.0,50362736.0
2018-06-14,17.127701225386005,17.339590312710367,16.836353730315007,16.959955697920886,2449736.0,47398400.0
2018-06-15,16.977613121864582,17.074728953554914,16.112399348623434,16.25365874017301,3921159.0,73019096.0
2018-06-19,16.059427076792343,16.059427076792343,14.629175737352892,14.629175737352892,4908046.0,84339592.0
2018-06-20,14.620347025381042,15.20304201552304,14.12593915495753,14.93818065636759,3741772.0,62639140.0
2018-06-21,14.955838080311286,15.185384591579345,14.417286650028528,14.461430209887771,3074746.0,51558276.0
2018-06-22,14.64683316129659,14.991152928198678,13.684503556365108,14.911694520452043,2863778.0,47791936.0
2018-06-25,15.097097471860861,15.520875646509586,14.894037096508347,14.92052323242389,2302586.0,39518540.0
2018-06-26,14.479087633831467,15.247185575382284,14.328999530310044,15.017639064114226,2857591.0,48483512.0
2018-06-27,14.947009368339437,15.220699439466737,14.85872224862095,14.87637967256465,2128959.0,36208208.0
2018-06-28,14.87637967256465,15.061782623973466,14.549717329606256,14.576203465521802,2166519.0,36358544.0
2018-06-29,14.576203465521802,15.167727167635647,14.461430209887771,15.088268759889012,3082262.0,51993228.0
2018-07-02,15.097097471860861,15.238356863410438,14.65566187326844,14.796921264818014,2626201.0,44673284.0
2018-07-03,14.796921264818014,15.600334054256225,14.75277770495877,15.494389510594042,5729898.0,99749384.0
2018-07-04,15.467903374678496,15.467903374678496,15.079440047917162,15.238356863410438,3229753.0,55708244.0
2018-07-05,15.238356863410438,15.282500423269676,14.63800444932474,14.64683316129659,3243494.0,54741144.0
2018-07-06,14.143596578901226,14.955838080311286,14.143596578901226,14.682148009183981,2678549.0,44449448.0
2018-07-09,15.520875646509586,16.147714196510826,15.520875646509586,16.147714196510826,3866685.0,70285008.0
2018-07-10,16.774552746512068,16.836353730315007,15.706278597918404,15.882852837355372,9988305.0,184623808.0
2018-07-11,15.829880565524283,15.865195413411675,15.247185575382284,15.573847918340677,4970775.0,87363912.0
2018-07-12,15.520875646509586,16.112399348623434,15.450245950734798,15.891681549327222,4625072.0,82935672.0
2018-07-13,15.78573700566504,16.0152835169331,15.626820190171767,15.891681549327222,2893011.0,51798100.0
2018-07-16,15.794565717636889,15.979968669045707,15.547361782425131,15.829880565524283,2624151.0,46956112.0
2018-07-17,15.715107309890254,16.615635931018794,15.715107309890254,16.22717260425746,5182437.0,95455816.0
2018-07-18,16.394918131722584,17.825169471162035,16.333117147919644,17.145358649329705,8977313.0,173918960.0
2018-07-19,17.083557665526765,17.083557665526765,16.439061691581827,16.677436914821733,4808273.0,91507064.0
2018-07-20,16.68626562679358,17.012927969751974,16.333117147919644,16.80986759439946,3860978.0,73063592.0
2018-07-23,16.774552746512068,17.38373387256961,16.571492371159554,17.145358649329705,3845787.0,74832864.0
2018-07-24,17.083557665526765,17.277789328907428,16.90698342608979,17.136529937357853,3495179.0,67687088.0
2018-07-25,17.127701225386005,17.180673497217096,16.64212206693434,16.81869630637131,3297994.0,62961796.0
2018-07-26,16.80986759439946,16.93346956200534,16.597978507075098,16.765724034540217,2206048.0,41920416.0
2018-07-27,16.606807219046946,16.98644183383643,16.571492371159554,16.80986759439946,2175503.0,41395752.0
2018-07-30,16.80986759439946,16.845182442286852,16.40374684369443,16.46554782749737,1871134.0,35115876.0
2018-07-31,16.765724034540217,17.38373387256961,16.62446464299064,17.074728953554914,3628207.0,69960360.0
2018-08-01,17.03941410566752,17.127701225386005,16.492033963412915,16.58914979510325,2703300.0,51258276.0
2018-08-02,16.53617752327216,16.53617752327216,15.008810352142376,15.582676630312525,4190546.0,73998696.0
2018-08-03,15.317815271157073,15.78573700566504,15.317815271157073,15.361958831016313,1839151.0,32343386.0
2018-08-06,15.361958831016313,15.529704358481435,14.788092552846164,15.1588984556638,1868095.0,32018012.0
2018-08-07,15.150069743691951,15.538533070453285,15.017639064114226,15.450245950734798,1613688.0,27997604.0
2018-08-08,15.476732086650346,15.494389510594042,15.229528151438588,15.238356863410438,1416657.0,24615144.0
2018-08-09,15.185384591579345,15.67096375003101,15.185384591579345,15.512046934537738,1864618.0,32796658.0
2018-08-10,15.61799147819992,15.626820190171767,15.432588526791102,15.573847918340677,1138243.0,20038342.0
2018-08-13,15.494389510594042,15.547361782425131,15.035296488057922,15.529704358481435,1708143.0,29636252.0
2018-08-14,15.520875646509586,15.794565717636889,15.459074662706648,15.60916276622807,1460380.0,25850330.0
2018-08-15,15.503218222565888,15.759250869749495,15.361958831016313,15.361958831016313,1263601.0,22269392.0
2018-08-16,15.185384591579345,15.441417238762948,15.008810352142376,15.317815271157073,1260775.0,21735702.0
2018-08-17,15.344301407072617,15.529704358481435,14.973495504254982,15.105926183832707,1180988.0,20395162.0
2018-08-20,14.973495504254982,15.185384591579345,14.576203465521802,14.999981640170526,1733955.0,29295578.0
2018-08-21,15.008810352142376,15.344301407072617,14.929351944395739,15.27367171129783,1536600.0,26426178.0
2018-08-22,15.361958831016313,15.891681549327222,15.079440047917162,15.379616254960013,1839484.0,32188932.0
2018-08-23,15.300157847213374,15.591505342284375,15.229528151438588,15.494389510594042,1647299.0,28786340.0
2018-08-24,15.494389510594042,15.503218222565888,15.079440047917162,15.308986559185223,911141.0,15888556.0
2018-08-27,15.450245950734798,15.847537989467979,15.397273678903709,15.688621173974706,1542961.0,27402768.0
2018-08-28,15.688621173974706,15.847537989467979,15.591505342284375,15.706278597918404,1248801.0,22209676.0
2018-08-29,15.73276473383395,15.794565717636889,15.582676630312525,15.635648902143616,994090.0,17643784.0
2018-08-30,15.67979246200286,15.750422157777646,15.361958831016313,15.459074662706648,931513.0,16371079.0
2018-08-31,15.476732086650346,15.60916276622807,15.317815271157073,15.476732086650346,809100.0,14168575.0
2018-09-03,15.476732086650346,15.476732086650346,15.05295391200162,15.27367171129783,1311648.0,22602634.0
2018-09-04,15.27367171129783,16.597978507075098,15.27367171129783,15.979968669045707,4287039.0,77583712.0
2018-09-05,15.874024125383524,16.147714196510826,15.7239360218621,15.776908293693193,2304669.0,41494908.0
2018-09-06,15.812223141580585,16.0152835169331,15.538533070453285,15.582676630312525,2175401.0,38814396.0
2018-09-07,15.626820190171767,15.874024125383524,15.353130119044467,15.556190494396981,1708891.0,30234982.0
2018-09-10,15.556190494396981,15.61799147819992,14.93818065636759,14.973495504254982,1616601.0,27879444.0
2018-09-11,14.92052323242389,15.361958831016313,14.902865808480193,15.21187072749489,1182915.0,20395342.0
2018-09-12,15.21187072749489,15.856366701439828,15.141241031720101,15.635648902143616,2836943.0,50345488.0
2018-09-13,15.591505342284375,15.988797381017553,15.538533070453285,15.856366701439828,2645115.0,47280488.0
2018-09-14,15.865195413411675,16.121228060595282,15.653306326087314,15.67979246200286,1883564.0,33897960.0
2018-09-17,15.67979246200286,15.856366701439828,15.476732086650346,15.494389510594042,1449700.0,25641920.0
2018-09-18,15.494389510594042,15.61799147819992,15.27367171129783,15.582676630312525,1218494.0,21338778.0
2018-09-19,15.591505342284375,15.78573700566504,15.344301407072617,15.706278597918404,1901968.0,33605856.0
2018-09-20,15.626820190171767,16.22717260425746,15.582676630312525,15.812223141580585,3082052.0,55687700.0
2018-09-21,15.688621173974706,16.041769652848647,15.635648902143616,15.882852837355372,2140240.0,38439276.0
2018-09-25,15.78573700566504,16.244830028201157,15.653306326087314,16.156542908482677,3173202.0,57734548.0
2018-09-26,16.156542908482677,16.341945859891496,15.953482533130162,16.183029044398218,3036523.0,55604584.0
2018-09-27,16.183029044398218,16.31545972397595,15.909338973270918,15.918167685242768,2215708.0,40384776.0
2018-09-28,15.847537989467979,16.156542908482677,15.847537989467979,16.00645480496125,1136769.0,20644478.0
2018-10-08,15.803394429608735,16.297802300032252,15.626820190171767,16.22717260425746,2775620.0,50433128.0
2018-10-09,16.262487452144857,16.297802300032252,15.856366701439828,15.944653821158312,2028749.0,36869604.0
2018-10-10,15.953482533130162,16.562663659187706,15.812223141580585,16.509691387356614,4205763.0,77600168.0
2018-10-11,16.22717260425746,16.22717260425746,14.92052323242389,15.344301407072617,4182278.0,74266440.0
2018-10-12,15.185384591579345,15.591505342284375,13.808105523970987,15.008810352142376,4155369.0,69334480.0
2018-10-15,14.8675509605928,15.114754895804559,14.567374753549952,14.629175737352892,1759645.0,29560260.0
2018-10-16,14.65566187326844,14.92052323242389,13.772790676083591,13.83459165988653,2416640.0,38930040.0
2018-10-17,13.984679763407955,14.249541122563409,13.50792931692814,13.878735219745774,1771622.0,27811960.0
2018-10-18,13.816934235942835,13.816934235942835,13.19892439791344,13.243067957772684,1596742.0,24344840.0
2018-10-19,13.19892439791344,13.631531284534017,12.934063038757989,13.631531284534017,1377351.0,20870100.0
2018-10-22,13.596216436646623,14.461430209887771,13.596216436646623,14.320170818338195,2457802.0,39550684.0
2018-10-23,14.381971802141134,14.514402481718863,13.975851051436106,14.081795595098287,1466183.0,23651408.0
2018-10-24,14.090624307070136,14.302513394394499,13.984679763407955,14.072966883126439,948202.0,15190486.0
2018-10-25,13.596216436646623,13.861077795802077,13.33135507749117,13.772790676083591,1722050.0,26430252.0
2018-10-26,13.89639264368947,14.037652035239045,13.72864711622435,13.825762947914683,1234228.0,19337288.0
2018-10-29,13.675674844393258,13.852249083830227,13.534415452843684,13.658017420449562,935089.0,14495526.0
2018-10-30,13.50792931692814,13.843420371858379,13.393156061294109,13.772790676083591,953080.0,14739811.0
2018-10-31,13.7198184042525,14.055309459182743,13.7198184042525,14.037652035239045,1558400.0,24553312.0
2018-11-01,14.037652035239045,14.373143090169288,14.019994611295349,14.170082714816774,1965150.0,31658170.0
2018-11-02,14.284855970450803,14.461430209887771,14.099453019041986,14.399629226084832,2509387.0,40663872.0
2018-11-05,14.381971802141134,14.602689601437346,14.12593915495753,14.496745057775167,2208959.0,35975628.0
2018-11-06,14.487916345803317,14.487916345803317,14.17891142678862,14.355485666225592,1196351.0,19369632.0
2018-11-07,14.337828242281892,14.576203465521802,14.311342106366348,14.399629226084832,1438879.0,23537790.0
2018-11-08,14.390800514112984,14.52323119369071,14.214226274676015,14.328999530310044,1099840.0,17899600.0
2018-11-09,14.302513394394499,14.452601497915923,14.170082714816774,14.346656954253742,1186041.0,19259726.0
2018-11-12,14.205397562704166,14.65566187326844,14.205397562704166,14.65566187326844,2052864.0,33834680.0
2018-11-13,14.479087633831467,14.999981640170526,14.381971802141134,14.902865808480193,2451954.0,41007288.0
2018-11-14,14.796921264818014,15.185384591579345,14.75277770495877,14.902865808480193,1731355.0,29337474.0
2018-11-15,14.929351944395739,15.953482533130162,14.929351944395739,15.759250869749495,5190876.0,91723928.0
2018-11-16,15.591505342284375,16.386089419750736,15.450245950734798,16.00645480496125,4076342.0,74387672.0
2018-11-19,15.979968669045707,16.333117147919644,15.73276473383395,15.918167685242768,3038679.0,54879556.0
2018-11-20,15.874024125383524,16.333117147919644,15.66213503805916,15.7239360218621,3199899.0,57960572.0
2018-11-21,15.582676630312525,16.0152835169331,15.353130119044467,15.935825109186464,2585048.0,46216528.0
2018-11-22,15.926996397214614,16.059427076792343,15.78573700566504,15.935825109186464,1412046.0,25479330.0
2018-11-23,15.900510261299072,16.156542908482677,15.361958831016313,15.406102390875557,1987073.0,35013108.0
2018-11-26,15.476732086650346,15.67979246200286,15.070611335945316,15.344301407072617,1742600.0,30315176.0
2018-11-27,15.361958831016313,15.626820190171767,15.308986559185223,15.503218222565888,1131895.0,19814028.0
2018-11-28,15.459074662706648,15.697449885946556,15.21187072749489,15.635648902143616,1358194.0,23875576.0
2018-11-29,15.644477614115464,15.900510261299072,15.353130119044467,15.450245950734798,1489775.0,26489668.0
2018-11-30,15.317815271157073,15.529704358481435,14.964666792283133,15.450245950734798,2137284.0,36975132.0
2018-12-03,15.78573700566504,15.891681549327222,15.600334054256225,15.626820190171767,1831199.0,32663556.0
2018-12-04,15.635648902143616,15.715107309890254,15.494389510594042,15.635648902143616,1624328.0,28710582.0
2018-12-05,15.361958831016313,15.397273678903709,14.982324216226829,15.220699439466737,2214860.0,38063268.0
2018-12-06,15.1588984556638,15.176555879607498,14.682148009183981,14.717462857071379,2122640.0,35794116.0
2018-12-07,14.620347025381042,14.982324216226829,14.602689601437346,14.92052323242389,1661138.0,27772566.0
2018-12-10,14.690976721155831,14.761606416930618,14.390800514112984,14.390800514112984,1982362.0,32684624.0
2018-12-11,14.443772785944073,14.602689601437346,14.346656954253742,14.52323119369071,1247217.0,20485950.0
2018-12-12,14.5938608894655,14.788092552846164,14.479087633831467,14.567374753549952,1148389.0,19013864.0
2018-12-13,14.690976721155831,14.699805433127679,14.328999530310044,14.611518313409196,1621421.0,26683616.0
2018-12-14,14.611518313409196,14.611518313409196,14.152425290873076,14.399629226084832,2270098.0,36778552.0
2018-12-17,14.373143090169288,14.373143090169288,14.037652035239045,14.18774013876047,1302230.0,20897754.0
2018-12-18,14.196568850732316,14.196568850732316,13.905221355661318,14.002337187351651,1440749.0,22922808.0
2018-12-19,14.152425290873076,14.479087633831467,14.108281731013834,14.293684682422652,2361543.0,38131060.0
2018-12-20,14.231883698619713,14.788092552846164,13.949364915520562,14.699805433127679,1987843.0,32422362.0
2018-12-21,14.479087633831467,14.708634145099529,14.390800514112984,14.549717329606256,1418601.0,23345232.0
2018-12-24,14.52323119369071,14.567374753549952,14.302513394394499,14.52323119369071,818210.0,13386169.0
2018-12-25,14.426115362000377,14.629175737352892,14.046480747210895,14.549717329606256,1529951.0,24850866.0
2018-12-26,14.452601497915923,14.63800444932474,14.355485666225592,14.53205990566256,1013077.0,16622318.0
2018-12-27,14.629175737352892,14.74394899298692,14.223054986647863,14.223054986647863,972000.0,15960106.0
2018-12-28,14.302513394394499,14.355485666225592,14.12593915495753,14.249541122563409,724679.0,11686897.0
2019-01-02,14.231883698619713,14.302513394394499,14.019994611295349,14.037652035239045,1167520.0,18725506.0
2019-01-03,14.099453019041986,14.894037096508347,14.090624307070136,14.505573769747013,2192220.0,36025144.0
2019-01-04,14.223054986647863,14.664490585240285,14.214226274676015,14.629175737352892,2681033.0,44085564.0
2019-01-07,14.74394899298692,15.238356863410438,14.620347025381042,15.097097471860861,3567345.0,60363320.0
2019-01-08,14.982324216226829,14.982324216226829,14.567374753549952,14.63800444932474,2569164.0,42899136.0
2019-01-09,14.620347025381042,14.964666792283133,14.620347025381042,14.64683316129659,1603271.0,26814974.0
2019-01-10,14.63800444932474,14.708634145099529,14.53205990566256,14.629175737352892,1172790.0,19405704.0
2019-01-11,14.673319297212135,14.708634145099529,14.540888617634407,14.63800444932474,1161952.0,19240158.0
2019-01-14,14.540888617634407,14.770435128902468,14.487916345803317,14.567374753549952,1113800.0,18433524.0
2019-01-15,14.567374753549952,14.8675509605928,14.479087633831467,14.796921264818014,1610877.0,26884088.0
2019-01-16,14.81457868876171,14.982324216226829,14.699805433127679,14.902865808480193,1732623.0,29069538.0
2019-01-17,14.911694520452043,14.911694520452043,14.514402481718863,14.53205990566256,1414442.0,23543460.0
2019-01-18,14.53205990566256,14.699805433127679,14.434944073972227,14.65566187326844,1141400.0,18849476.0
2019-01-21,14.64683316129659,14.93818065636759,14.567374753549952,14.832236112705408,1248651.0,20943502.0
2019-01-22,14.823407400733558,14.832236112705408,14.567374753549952,14.5938608894655,921371.0,15316574.0
2019-01-23,14.5938608894655,14.708634145099529,14.479087633831467,14.496745057775167,724511.0,11956022.0
2019-01-24,14.496745057775167,14.514402481718863,14.037652035239045,14.24071241059156,1683924.0,27119018.0
2019-01-25,14.302513394394499,14.302513394394499,14.099453019041986,14.117110442985682,1017814.0,16312604.0
2019-01-28,14.17891142678862,14.258369834535255,13.967022339464258,13.984679763407955,1391200.0,22193094.0
2019-01-29,13.984679763407955,14.028823323267197,13.693332268336956,13.78161938805544,1171830.0,18350006.0
2019-01-30,13.78161938805544,13.861077795802077,13.693332268336956,13.72864711622435,716882.0,11188920.0
2019-01-31,13.649188708477714,13.737475828196198,12.74866008734917,12.907576902842443,3094984.0,45694504.0
2019-02-01,12.801632359180262,13.172438261997897,12.801632359180262,13.163609550026049,1035491.0,15312465.0
2019-02-11,13.172438261997897,13.578559012702927,13.172438261997897,13.49910060495629,920275.0,13993636.0
2019-02-12,13.534415452843684,13.7198184042525,13.534415452843684,13.649188708477714,1215573.0,18788164.0
2019-02-13,13.675674844393258,13.772790676083591,13.596216436646623,13.772790676083591,2073858.0,32188460.0
2019-02-14,13.772790676083591,13.984679763407955,13.649188708477714,13.887563931717622,1918800.0,30086140.0
2019-02-15,13.861077795802077,13.931707491576864,13.684503556365108,13.737475828196198,1378305.0,21531598.0
2019-02-18,13.825762947914683,14.046480747210895,13.72864711622435,14.019994611295349,2321445.0,36634624.0
2019-02-19,14.117110442985682,14.258369834535255,13.869906507773926,14.081795595098287,2774679.0,44174020.0
2019-02-20,14.152425290873076,14.214226274676015,13.931707491576864,14.06413817115459,2487321.0,39661900.0
2019-02-21,14.037652035239045,14.161254002844924,13.869906507773926,13.922878779605016,3534463.0,56098332.0
2019-02-22,13.78161938805544,14.055309459182743,13.755133252139895,14.037652035239045,2646645.0,41737808.0
2019-02-25,14.028823323267197,14.849893536649104,13.949364915520562,14.832236112705408,7090626.0,115736192.0
2019-02-26,14.74394899298692,15.079440047917162,14.53205990566256,14.673319297212135,6236258.0,104415000.0
2019-02-27,14.74394899298692,16.138885484538978,14.682148009183981,16.138885484538978,9442717.0,169575152.0
2019-02-28,17.754539775387244,17.754539775387244,17.26896061693558,17.754539775387244,11104849.0,223103040.0
2019-03-01,17.754539775387244,17.754539775387244,16.580321083131402,17.057071529611218,22014216.0,426100928.0
2019-03-04,16.845182442286852,18.76101294017797,16.64212206693434,18.76101294017797,24077500.0,481463296.0
2019-03-05,17.94877143876791,19.95288905637751,17.94877143876791,19.370194066235513,24623704.0,528305824.0
2019-03-06,19.246592098629634,19.7145138331376,18.584438700741,19.087675283136363,17680312.0,382592032.0
2019-03-07,18.937587179614937,19.202448538770394,18.23129022186706,18.584438700741,15790375.0,332368704.0
2019-03-08,18.3107486296137,18.504980292994365,17.507335840175486,17.595622959893973,11247383.0,228809888.0
2019-03-11,17.55147940003473,18.16948923806412,17.313104176794823,18.001743710599,8331152.0,168138224.0
2019-03-12,18.01057242257085,18.8581287718683,17.772197199330943,18.549123852853608,13705043.0,284634592.0
2019-03-13,18.54029514088176,18.88461490778385,17.410220008485155,17.595622959893973,11041459.0,229135024.0
2019-03-14,17.39256258454146,17.39256258454146,16.580321083131402,16.977613121864582,9059730.0,173749680.0
2019-03-15,17.03941410566752,17.242474481020036,16.801038882427612,17.09238637749861,4737481.0,91584544.0
2019-03-18,17.04824281763937,17.21598834510449,16.801038882427612,17.15418736130155,6882987.0,132640616.0
2019-03-19,17.136529937357853,17.878141742993122,16.977613121864582,17.78102591130279,8887865.0,177503232.0
2019-03-20,17.639766519753216,17.860484319049426,17.180673497217096,17.480849704259946,5544029.0,109868416.0
2019-03-21,17.33076160073852,17.80751204721834,17.33076160073852,17.61328038383767,6978772.0,138898960.0
2019-03-25,16.730409186652825,16.730409186652825,16.730409186652825,16.730409186652825,436300.0,8267885.0
2019-03-26,15.891681549327222,15.891681549327222,15.891681549327222,15.891681549327222,562900.0,10132200.0
2019-03-27,15.097097471860861,15.097097471860861,15.097097471860861,15.097097471860861,960400.0,16422840.0
2019-03-28,14.346656954253742,15.097097471860861,14.346656954253742,14.620347025381042,25780278.0,422200416.0
2019-03-29,14.214226274676015,15.061782623973466,14.13476786692938,14.796921264818014,13614866.0,226870432.0
2019-04-01,14.832236112705408,15.538533070453285,14.620347025381042,15.538533070453285,5509037.0,94208056.0
2019-04-02,16.2889735880604,16.31545972397595,15.865195413411675,16.041769652848647,13929973.0,254939472.0
2019-04-03,16.138885484538978,16.845182442286852,15.821051853552435,16.845182442286852,10106788.0,191027360.0
2019-04-04,17.03941410566752,17.666252655668764,16.783381458483916,17.233645769048188,8108735.0,157664512.0
2019-04-08,17.313104176794823,17.472020992288094,16.368431995807036,16.46554782749737,7515294.0,143203264.0
2019-04-09,16.518520099328462,17.286618040879276,16.518520099328462,17.286618040879276,6376522.0,123343368.0
2019-04-10,17.524993264119185,18.116516966233032,16.951126985949035,17.95760015073976,8450311.0,168945216.0
2019-04-11,17.701567503556156,17.922285302852366,17.32193288876667,17.472020992288094,5841104.0,116199128.0
2019-04-12,17.569136823978425,17.7280536394717,17.39256258454146,17.61328038383767,5124250.0,101926312.0
2019-04-15,17.7457110634154,17.860484319049426,17.180673497217096,17.20715963313264,6019205.0,118862064.0
2019-04-16,17.20715963313264,17.20715963313264,16.518520099328462,17.074728953554914,5567855.0,106331696.0
2019-04-17,17.057071529611218,17.542650688062885,16.93346956200534,17.39256258454146,4555689.0,89584120.0
2019-04-18,17.339590312710367,18.26660506975446,17.260131904963732,17.992914998627153,6883966.0,140254752.0
2019-04-19,17.78985462327464,18.36372090144479,17.542650688062885,18.151831814120424,4434915.0,90052720.0
2019-04-22,17.922285302852366,19.03470301130527,17.922285302852366,18.452008021163273,5290075.0,111815544.0
2019-04-23,18.452008021163273,18.875786195811997,17.533821976091033,17.61328038383767,7517110.0,152396208.0
2019-04-24,17.38373387256961,17.736882351443548,17.065900241583066,17.604451671865824,4409954.0,86884368.0
2019-04-25,17.542650688062885,17.604451671865824,16.96878440989273,16.98644183383643,4389800.0,86009808.0
2019-04-26,16.951126985949035,17.21598834510449,16.19185775637007,16.456719115525523,5134077.0,97400776.0
2019-04-29,16.333117147919644,16.333117147919644,15.635648902143616,15.635648902143616,5138345.0,92846576.0
2019-04-30,15.768079581721343,16.42140426763813,15.538533070453285,16.42140426763813,4815166.0,89000352.0
2019-05-06,15.971139957073857,17.180673497217096,15.60916276622807,16.597978507075098,7168251.0,134624352.0
2019-05-07,16.545006235244006,17.21598834510449,16.509691387356614,16.774552746512068,5036075.0,96176464.0
2019-05-08,16.765724034540217,17.136529937357853,16.439061691581827,16.62446464299064,4162285.0,78872976.0
2019-05-09,16.447890403553675,16.68626562679358,15.891681549327222,16.439061691581827,3672071.0,67534504.0
2019-05-10,16.48320525144107,16.88049729017425,16.19185775637007,16.774552746512068,3848819.0,72640088.0
2019-05-13,16.64212206693434,16.756895322568372,16.377260707778888,16.42140426763813,2120270.0,39741000.0
2019-05-14,16.42140426763813,16.562663659187706,15.979968669045707,16.42140426763813,2330792.0,43141332.0
2019-05-15,16.377260707778888,16.765724034540217,16.333117147919644,16.64212206693434,2080762.0,38995520.0
2019-05-16,16.58914979510325,17.242474481020036,16.500862675384766,16.915812138061643,3567612.0,68052616.0
2019-05-17,16.8716685782024,17.057071529611218,16.06825578876419,16.854011154258703,2761210.0,52026476.0
2019-05-20,16.756895322568372,16.756895322568372,16.297802300032252,16.68626562679358,1832701.0,34205880.0
2019-05-21,16.633293354962493,16.889326002146095,16.47437653946922,16.783381458483916,1877760.0,35508916.0
2019-05-22,16.81869630637131,16.81869630637131,16.52734881130031,16.774552746512068,1383163.0,26110746.0
2019-05-23,16.597978507075098,16.633293354962493,16.156542908482677,16.553834947215854,2284659.0,42372308.0
2019-05-24,16.40374684369443,16.40374684369443,15.759250869749495,16.236001316229313,2737337.0,49695996.0
2019-05-27,15.971139957073857,16.236001316229313,15.750422157777646,16.085913212707887,2181632.0,39499676.0
2019-05-28,16.06825578876419,16.35077457186334,15.900510261299072,16.103570636651583,2029437.0,37266988.0
2019-05-29,16.121228060595282,16.200686468341917,15.953482533130162,16.050598364820495,1154736.0,21068958.0
2019-05-30,15.741593445805796,15.891681549327222,15.247185575382284,15.247185575382284,4801600.0,83694720.0
2019-05-31,14.53205990566256,15.026467776086072,14.52323119369071,14.964666792283133,3688738.0,61454100.0
2019-06-03,14.947009368339437,15.317815271157073,14.902865808480193,15.008810352142376,2397115.0,40909716.0
2019-06-04,15.079440047917162,15.238356863410438,14.81457868876171,14.894037096508347,1201001.0,20429710.0
2019-06-05,14.955838080311286,15.220699439466737,14.823407400733558,14.93818065636759,1421588.0,24174576.0
2019-06-06,14.902865808480193,14.991152928198678,14.74394899298692,14.74394899298692,1327605.0,22324074.0
2019-06-10,14.8675509605928,15.097097471860861,14.74394899298692,14.92052323242389,1251905.0,21122200.0
2019-06-11,14.991152928198678,15.21187072749489,14.841064824677254,15.176555879607498,1882405.0,32168968.0
2019-06-12,15.167727167635647,15.238356863410438,15.05295391200162,15.097097471860861,1001952.0,17171324.0
2019-06-13,15.088268759889012,15.238356863410438,14.964666792283133,15.070611335945316,1159646.0,19793286.0
2019-06-14,15.026467776086072,15.167727167635647,14.885208384536497,14.902865808480193,1149201.0,19577718.0
2019-06-17,14.894037096508347,14.894037096508347,14.611518313409196,14.832236112705408,996096.0,16647078.0
2019-06-18,14.832236112705408,14.955838080311286,14.567374753549952,14.726291569043225,739104.0,12310695.0
2019-06-19,14.911694520452043,14.964666792283133,14.81457868876171,14.8675509605928,1093001.0,18439552.0
2019-06-20,14.85872224862095,15.238356863410438,14.74394899298692,15.167727167635647,2093886.0,35612112.0
2019-06-21,15.891681549327222,15.909338973270918,15.459074662706648,15.67096375003101,2275797.0,40566000.0
2019-06-24,15.821051853552435,15.821051853552435,15.123583607776405,15.344301407072617,2080126.0,36088764.0
2019-06-25,15.291329135241527,15.406102390875557,15.105926183832707,15.308986559185223,915306.0,15839680.0
2019-06-26,16.07708450073604,16.07708450073604,16.07708450073604,16.07708450073604,591701.0,10774875.0
2019-06-27,16.53617752327216,16.53617752327216,16.00645480496125,16.0152835169331,7275244.0,134045120.0
2019-06-28,15.962311245102008,16.024112228904947,15.503218222565888,15.979968669045707,2878186.0,51270196.0
2019-07-01,16.138885484538978,16.46554782749737,15.900510261299072,16.386089419750736,3971760.0,72783272.0
2019-07-02,16.377260707778888,17.20715963313264,16.138885484538978,16.74806661059652,5489158.0,105209552.0
2019-07-03,16.68626562679358,16.68626562679358,16.200686468341917,16.22717260425746,2709519.0,50271104.0
2019-07-04,16.244830028201157,16.68626562679358,16.094741924679738,16.42140426763813,1892200.0,35242532.0
2019-07-05,16.333117147919644,16.677436914821733,16.333117147919644,16.562663659187706,1518869.0,28389088.0
2019-07-08,16.42140426763813,16.42140426763813,15.918167685242768,16.0152835169331,2004984.0,36574532.0
2019-07-09,15.944653821158312,16.147714196510826,15.944653821158312,16.094741924679738,1331324.0,24182584.0
2019-07-10,16.297802300032252,16.41257555566628,16.032940940876795,16.156542908482677,1872116.0,34480860.0
2019-07-11,16.085913212707887,16.324288435947793,15.944653821158312,16.0152835169331,1303182.0,23808914.0
2019-07-12,16.06825578876419,16.81869630637131,15.979968669045707,16.615635931018794,3007484.0,56298992.0
2019-07-15,16.509691387356614,17.00409925778013,16.280144876088556,16.81869630637131,2534096.0,47861008.0
2019-07-16,16.81869630637131,16.977613121864582,16.68626562679358,16.730409186652825,1516832.0,28871214.0
2019-07-17,16.756895322568372,16.827525018343156,16.580321083131402,16.774552746512068,1248415.0,23605178.0
2019-07-18,16.64212206693434,16.695094338765433,16.377260707778888,16.42140426763813,1322990.0,24737476.0
2019-07-19,16.42140426763813,16.64212206693434,16.42140426763813,16.492033963412915,808123.0,15118706.0
2019-07-22,16.341945859891496,16.668608202849885,15.829880565524283,15.891681549327222,1780302.0,32536998.0
2019-07-23,15.891681549327222,16.22717260425746,15.715107309890254,16.19185775637007,1197910.0,21659260.0
2019-07-24,16.06825578876419,16.81869630637131,16.06825578876419,16.509691387356614,1823196.0,34122504.0
2019-07-25,16.500862675384766,16.74806661059652,16.42140426763813,16.562663659187706,1440289.0,27100978.0
2019-07-26,16.492033963412915,16.65095077890619,16.35960328383519,16.64212206693434,1199783.0,22445936.0
2019-07-29,16.48320525144107,16.68626562679358,16.456719115525523,16.509691387356614,945530.0,17701048.0
2019-07-30,16.518520099328462,16.80986759439946,16.492033963412915,16.52734881130031,1148774.0,21651562.0
2019-07-31,16.571492371159554,16.580321083131402,16.333117147919644,16.41257555566628,987110.0,18367198.0
2019-08-01,16.244830028201157,16.386089419750736,16.174200332426373,16.280144876088556,869090.0,16025295.0
2019-08-02,15.979968669045707,15.979968669045707,15.565019206368827,15.768079581721343,3118009.0,55574036.0
2019-08-05,15.697449885946556,15.909338973270918,15.503218222565888,15.565019206368827,1552830.0,27621532.0
2019-08-06,15.123583607776405,15.406102390875557,14.849893536649104,15.220699439466737,2409233.0,41187440.0
2019-08-07,15.291329135241527,15.406102390875557,15.176555879607498,15.300157847213374,1103440.0,19111248.0
2019-08-08,15.344301407072617,15.503218222565888,15.300157847213374,15.406102390875557,902631.0,15758281.0
2019-08-09,15.494389510594042,15.529704358481435,15.229528151438588,15.33547269510077,704800.0,12258905.0
2019-08-12,15.317815271157073,15.520875646509586,15.167727167635647,15.520875646509586,598702.0,10407519.0
2019-08-13,15.485560798622192,15.485560798622192,15.141241031720101,15.194213303551194,1284801.0,22201782.0
2019-08-14,15.317815271157073,15.370787542988163,15.21187072749489,15.317815271157073,778500.0,13482349.0
2019-08-15,15.008810352142376,15.406102390875557,14.92052323242389,15.27367171129783,1103245.0,18914800.0
2019-08-16,15.32664398312892,15.953482533130162,15.185384591579345,15.847537989467979,2756556.0,49101972.0
2019-08-19,15.909338973270918,16.156542908482677,15.768079581721343,16.103570636651583,1709850.0,30985832.0
2019-08-20,16.06825578876419,16.06825578876419,15.882852837355372,15.909338973270918,1382380.0,25002598.0
2019-08-21,15.979968669045707,16.121228060595282,15.891681549327222,15.971139957073857,979427.0,17754566.0
2019-08-22,15.971139957073857,16.48320525144107,15.900510261299072,16.209515180313765,1995901.0,36681432.0
2019-08-23,16.13005677256713,16.297802300032252,15.962311245102008,16.0152835169331,1254393.0,22877984.0
2019-08-26,15.776908293693193,16.81869630637131,15.644477614115464,16.81869630637131,4126815.0,76567048.0
2019-08-27,16.827525018343156,17.44553485637255,16.668608202849885,17.260131904963732,5583966.0,107898248.0
2019-08-28,17.03941410566752,17.074728953554914,16.633293354962493,16.633293354962493,4705765.0,89701584.0
2019-08-29,16.64212206693434,16.898154714117947,16.492033963412915,16.783381458483916,2121699.0,40226928.0
2019-08-30,16.898154714117947,16.915812138061643,16.580321083131402,16.889326002146095,2356180.0,44788104.0
2019-09-02,16.86283986623055,17.357247736654067,16.774552746512068,17.304275464822975,4453348.0,86851312.0
2019-09-03,17.304275464822975,17.313104176794823,16.959955697920886,17.10121508947046,3214841.0,62350520.0
2019-09-04,17.03058539369567,17.09238637749861,16.8716685782024,17.03941410566752,2443141.0,47018824.0
2019-09-05,17.03941410566752,17.136529937357853,16.959955697920886,16.99527054580828,3191872.0,61656232.0
2019-09-06,16.801038882427612,17.233645769048188,16.801038882427612,17.11004380144231,2936359.0,56619260.0
2019-09-09,17.180673497217096,17.189502209188944,16.99527054580828,17.09238637749861,2648234.0,51276112.0
2019-09-10,17.11004380144231,17.295446752851127,16.977613121864582,17.118872513414157,2288759.0,44381608.0
2019-09-11,17.065900241583066,17.1630160732734,16.86283986623055,16.8716685782024,1936908.0,37253572.0
2019-09-12,16.92464085003349,17.463192280316246,16.915812138061643,17.295446752851127,3932742.0,76876136.0
2019-09-16,17.313104176794823,18.160660526092276,17.17184478524525,17.869313031021274,6183587.0,124976992.0
2019-09-17,17.860484319049426,17.975257574683457,17.44553485637255,17.666252655668764,3303763.0,66197240.0
2019-09-18,17.78985462327464,17.869313031021274,17.586794247922125,17.78985462327464,2036953.0,40870276.0
2019-09-19,17.78985462327464,18.584438700741,17.710396215528004,18.213632797923363,3350937.0,69184856.0
2019-09-20,18.160660526092276,18.64623968454394,17.922285302852366,17.939942726796062,3481855.0,72278016.0
2019-09-23,17.825169471162035,17.825169471162035,17.374905160597763,17.38373387256961,2805100.0,55705284.0
2019-09-24,17.472020992288094,17.7280536394717,17.32193288876667,17.604451671865824,2102051.0,41798820.0
2019-09-25,17.586794247922125,17.604451671865824,17.074728953554914,17.348419024682215,1952969.0,38324804.0
2019-09-26,17.277789328907428,17.38373387256961,16.88049729017425,16.977613121864582,1907300.0,36919240.0
2019-09-27,16.92464085003349,17.286618040879276,16.88049729017425,17.198330921160792,1242100.0,24134296.0
2019-09-30,17.251303192991884,17.277789328907428,16.959955697920886,16.977613121864582,1184502.0,22994450.0
2019-10-08,16.98644183383643,17.10121508947046,16.68626562679358,16.721580474680977,1206669.0,22998646.0
2019-10-09,16.615635931018794,16.99527054580828,16.456719115525523,16.98644183383643,1113704.0,21119370.0
2019-10-10,16.92464085003349,17.189502209188944,16.90698342608979,17.136529937357853,908748.0,17578844.0
2019-10-11,17.198330921160792,17.516164552147337,16.915812138061643,17.49850712820364,1648775.0,32194440.0
2019-10-14,17.55147940003473,18.26660506975446,17.533821976091033,17.825169471162035,2800553.0,56856148.0
2019-10-15,17.7280536394717,17.7280536394717,17.463192280316246,17.569136823978425,1510372.0,30067598.0
2019-10-16,17.569136823978425,17.639766519753216,17.39256258454146,17.436706144400702,1111183.0,22042374.0
2019-10-17,17.542650688062885,18.16948923806412,17.542650688062885,18.045887270458245,3272822.0,66563460.0
2019-10-18,18.17831795003597,18.593267412712848,18.125345678204884,18.496151581022517,4871627.0,101617120.0
2019-10-21,18.53146642890991,19.423166338066604,18.187146662007823,19.290735658488877,7763280.0,167691456.0
2019-10-22,19.008216875389728,19.352536642291817,18.575609988769152,19.052360435248968,4603172.0,98840704.0
2019-10-23,19.061189147220816,19.74099996905315,18.813985212009058,19.387851490179212,4951396.0,108327568.0
2019-10-24,19.264249522573333,19.758657392996845,18.41669317327588,18.41669317327588,5751970.0,123592136.0
2019-10-25,18.187146662007823,18.39903574933218,17.90462787890867,18.381378325388486,3358033.0,69105336.0
2019-10-28,18.054715982430093,18.496151581022517,17.80751204721834,18.390207037360334,3944319.0,81001272.0
2019-10-29,18.26660506975446,19.308393082432573,18.037058558486397,19.15830497891115,5348397.0,114006256.0
2019-10-30,19.025874299333424,19.273078234545178,18.681554532431335,18.743355516234274,3109154.0,66676276.0
2019-10-31,18.672725820459483,19.15830497891115,18.593267412712848,18.593267412712848,2385897.0,51015692.0
2019-11-01,18.52263771693806,19.061189147220816,18.26660506975446,18.98173073947418,2924709.0,61920464.0
2019-11-04,19.070017859192667,19.264249522573333,18.849300059896457,18.875786195811997,2450855.0,52811212.0
2019-11-05,18.849300059896457,19.228934674685938,18.610924836656544,18.743355516234274,2572566.0,54864128.0
2019-11-06,18.743355516234274,19.140647554967455,18.69921195637503,18.787499076093518,2446091.0,52463208.0
2019-11-07,18.893443619755697,18.893443619755697,18.52263771693806,18.672725820459483,1721504.0,36415924.0
2019-11-08,18.69921195637503,18.893443619755697,17.992914998627153,17.992914998627153,3183350.0,66499928.0
2019-11-11,17.84282689510573,17.939942726796062,17.277789328907428,17.295446752851127,3156045.0,62898736.0
2019-11-12,17.26896061693558,17.410220008485155,16.90698342608979,17.260131904963732,2106997.0,40877916.0
2019-11-13,17.295446752851127,17.472020992288094,17.118872513414157,17.260131904963732,1705171.0,33439370.0
2019-11-14,17.21598834510449,17.454363568344398,17.021756681723826,17.304275464822975,1820402.0,35651200.0
2019-11-15,17.401391296513307,17.7457110634154,17.22481705707634,17.55147940003473,2636611.0,52322300.0
2019-11-18,17.42787743242885,17.692738791584304,17.42787743242885,17.577965535950277,1417068.0,28197344.0
2019-11-19,17.55147940003473,17.701567503556156,17.454363568344398,17.657423943696912,1501782.0,29885016.0
2019-11-20,17.62210909580952,17.62210909580952,17.10121508947046,17.145358649329705,2004001.0,39369492.0
2019-11-21,17.127701225386005,17.286618040879276,17.021756681723826,17.20715963313264,1288501.0,25082210.0
2019-11-22,17.118872513414157,17.410220008485155,17.11004380144231,17.260131904963732,1520712.0,29697016.0
2019-11-25,17.180673497217096,17.304275464822975,17.03941410566752,17.118872513414157,999301.0,19421758.0
2019-11-26,17.118872513414157,17.736882351443548,17.057071529611218,17.48967841623179,1741801.0,34345268.0
2019-11-27,17.39256258454146,17.657423943696912,17.39256258454146,17.49850712820364,996002.0,19777928.0
2019-11-28,17.49850712820364,17.78102591130279,17.419048720457006,17.463192280316246,1421400.0,28337048.0
2019-11-29,17.39256258454146,17.657423943696912,17.374905160597763,17.630937807781365,1125512.0,22317250.0
2019-12-02,17.524993264119185,17.648595231725064,17.524993264119185,17.639766519753216,858702.0,17116078.0
2019-12-03,17.595622959893973,17.95760015073976,17.39256258454146,17.922285302852366,2089131.0,42020836.0
2019-12-04,17.772197199330943,17.992914998627153,17.736882351443548,17.825169471162035,1453302.0,29363274.0
2019-12-05,17.913456590880518,17.922285302852366,17.71922492749985,17.878141742993122,1180167.0,23810936.0
2019-12-06,17.886970454964974,17.992914998627153,17.798683335246487,17.90462787890867,1098540.0,22247962.0
2019-12-09,17.90462787890867,17.913456590880518,17.56030811200658,17.639766519753216,1800701.0,36044228.0
2019-12-10,17.595622959893973,17.763368487359095,17.56030811200658,17.657423943696912,1208903.0,24182808.0
2019-12-11,17.577965535950277,17.710396215528004,17.577965535950277,17.630937807781365,997543.0,19937674.0
2019-12-12,17.577965535950277,17.772197199330943,17.569136823978425,17.657423943696912,1122754.0,22426254.0
2019-12-13,17.816340759190183,17.95760015073976,17.657423943696912,17.94877143876791,1954833.0,39553136.0
2019-12-16,17.95760015073976,18.328406053557398,17.95760015073976,18.24011893383891,1809742.0,37296780.0
2019-12-17,18.30191991764185,18.35489218947294,18.160660526092276,18.248947645810762,1929785.0,39924156.0
2019-12-18,18.20480408595152,18.69921195637503,18.20480408595152,18.504980292994365,2628722.0,55045728.0
2019-12-19,18.42552188524773,18.787499076093518,18.407864461304033,18.628582260600243,2457299.0,51626292.0
2019-12-20,18.672725820459483,18.690383244403183,18.42552188524773,18.610924836656544,1877071.0,39459752.0
2019-12-23,18.557952564825456,18.619753548628395,18.16948923806412,18.257776357782607,1785568.0,37287172.0
2019-12-24,18.195975373979667,19.167133690883,18.195975373979667,19.149476266939303,3594246.0,77154920.0
2019-12-25,19.149476266939303,19.264249522573333,18.902272331727545,19.03470301130527,2128157.0,45920988.0
2019-12-26,18.902272331727545,19.414337626094753,18.902272331727545,19.31722179440442,2373301.0,51701416.0
2019-12-27,19.246592098629634,19.61739800144727,18.849300059896457,18.849300059896457,3330400.0,72582216.0
2019-12-30,18.6020961246847,19.326050506376273,18.36372090144479,19.140647554967455,2616714.0,56419300.0
2019-12-31,19.122990131023755,19.326050506376273,19.078846571164515,19.10533270708006,1916100.0,41698296.0
2020-01-02,19.114161419051907,19.59974057750357,19.114161419051907,19.520282169756936,2938495.0,64677300.0
2020-01-03,19.643884137362814,20.500269198632115,19.423166338066604,20.500269198632115,5438578.0,123656176.0
2020-01-06,20.83576025356236,21.48908493947914,20.597385030322446,21.082964188774113,5909851.0,141474752.0
2020-01-07,21.021163204971174,21.32133941201402,20.765130557787568,21.065306764830417,3578597.0,85391408.0
2020-01-08,20.985848357083782,22.045293793705593,20.968190933140082,21.745117586662747,5317232.0,129710504.0
2020-01-09,21.586200771169477,21.939349250043414,21.365482971873263,21.436112667648054,3692346.0,90301256.0
2020-01-10,21.38314039581696,21.497913651450993,20.782787981731264,21.065306764830417,3434863.0,82017376.0
2020-01-13,20.959362221168234,21.312510700042175,20.8799038134216,21.180080020464445,1983989.0,47284744.0
2020-01-14,21.188908732436296,21.983492809902653,21.10062161271781,21.815747282437535,3345626.0,81544104.0
2020-01-15,21.630344331028716,21.868719554268626,21.188908732436296,21.48908493947914,2368791.0,57697376.0
2020-01-16,21.374311683845114,21.771603722578295,20.94170479722454,21.180080020464445,2493727.0,60446520.0
2020-01-17,21.05647805285857,21.286024564126627,20.53558404651951,20.659186014125385,2999990.0,70884448.0
2020-01-20,20.438468214829175,20.862246389477903,20.438468214829175,20.782787981731264,2277967.0,53368144.0
2020-01-21,20.747473133843872,21.188908732436296,20.5885563183506,20.844588965534204,1963016.0,46548140.0
2020-01-22,21.012334492999326,21.886376978212322,20.720986997928325,21.886376978212322,4298337.0,105010456.0
2020-01-23,22.07177992962114,22.981137262721532,21.771603722578295,22.336641288776594,7240481.0,185121872.0
2020-02-03,21.224223580323688,21.224223580323688,21.224223580323688,21.224223580323688,139700.0,3358388.0
2020-02-04,20.164778143701874,21.630344331028716,20.164778143701874,20.164778143701874,8950247.0,207171872.0
2020-02-05,20.164778143701874,20.685672150040933,19.59974057750357,20.25306526342036,6575977.0,151010112.0
2020-02-06,20.041176176095995,20.464954350744723,19.688027697222058,20.403153366941783,4899128.0,111911904.0
2020-02-07,20.30603753525145,20.429639502857327,20.09414844792709,20.323694959195148,3453998.0,79336424.0
2020-02-10,20.2972088232796,21.33899683595772,20.050004888067846,21.33899683595772,5554959.0,131414752.0
2020-02-11,21.35665425990142,22.204210609198867,21.012334492999326,21.05647805285857,5901037.0,144424192.0
2020-02-12,20.924047373280843,21.524399787366537,20.765130557787568,21.27719585215478,3653008.0,87957064.0
2020-02-13,21.188908732436296,21.700974026803504,20.94170479722454,21.303681988070323,3226188.0,77826256.0
2020-02-14,21.29485327609848,21.700974026803504,21.082964188774113,21.506742363422838,3508219.0,84912344.0
2020-02-17,21.480256227507294,22.054122505677444,21.462598803563598,21.94817796201526,4369622.0,108185296.0
2020-02-18,22.07177992962114,22.336641288776594,21.904034402156018,22.062951217649292,4163527.0,104214960.0
2020-02-19,22.301326440889202,22.301326440889202,21.506742363422838,21.506742363422838,3919572.0,96991592.0
2020-02-20,21.630344331028716,22.318983864832898,21.471427515535446,22.107094777508532,4247697.0,105775520.0
2020-02-21,22.054122505677444,22.68978976765053,21.833404706381234,21.983492809902653,5664207.0,142066016.0
2020-02-24,21.745117586662747,22.027636369761897,21.639173043000568,21.79808985849384,3840041.0,94875464.0
2020-02-25,21.365482971873263,21.542057211310233,20.71215828595648,21.188908732436296,5684943.0,136270240.0
2020-02-26,20.968190933140082,21.745117586662747,20.83576025356236,20.99467706905563,4276331.0,103139672.0
2020-02-27,21.10062161271781,21.939349250043414,21.012334492999326,21.85106213032493,5343575.0,130550048.0
2020-02-28,21.303681988070323,21.639173043000568,21.082964188774113,21.188908732436296,4294263.0,103821416.0
2020-03-02,21.224223580323688,21.930520538071566,21.197737444408144,21.85106213032493,4492332.0,109790616.0
2020-03-03,22.115923489480384,22.945822414834137,21.85106213032493,22.945822414834137,6221427.0,156961248.0
2020-03-04,22.504386816241713,23.537346116947983,22.46907196835432,23.131225366242955,8864271.0,231105616.0
2020-03-05,23.122396654271107,23.122396654271107,22.698618479622382,22.786905599340866,4581577.0,118854648.0
2020-03-06,22.60150264793205,22.636817495819443,22.25718288102996,22.318983864832898,3222516.0,81866296.0
2020-03-09,22.080608641592992,22.160067049339627,21.312510700042175,21.45377009159175,5121019.0,125936648.0
2020-03-10,21.197737444408144,22.160067049339627,20.844588965534204,22.001150233846356,3899637.0,95069360.0
2020-03-11,21.904034402156018,22.40727098455138,21.806918570465687,21.815747282437535,2707703.0,67683720.0
2020-03-12,21.630344331028716,21.665659178916112,20.720986997928325,20.968190933140082,5227195.0,124518272.0
2020-03-13,19.917574208490116,20.782787981731264,19.917574208490116,20.71215828595648,5241708.0,119908224.0
2020-03-16,20.747473133843872,20.81810282961866,19.67919898525021,19.67919898525021,4454900.0,101880352.0
2020-03-17,19.57325444158803,19.935231632433812,18.69921195637503,19.061189147220816,4629054.0,99836680.0
2020-03-18,19.22010596271409,19.83811580074348,18.911101043699396,19.03470301130527,3595293.0,78961112.0
2020-03-19,19.008216875389728,19.758657392996845,18.902272331727545,19.635055425390966,3138363.0,68613440.0
2020-03-20,19.80280095285609,20.217750415532965,19.582083153559875,20.138292007786326,3237867.0,72785688.0
2020-03-23,19.688027697222058,19.95288905637751,19.370194066235513,19.4408237620103,2054607.0,45742132.0
2020-03-24,19.83811580074348,19.95288905637751,19.476138609897692,19.7145138331376,1945923.0,43382824.0
2020-03-25,20.226579127504813,20.270722687364056,19.979375192293055,20.08531973595524,2103624.0,47924944.0
2020-03-26,20.041176176095995,21.09179290074596,19.882259360602724,20.597385030322446,3060470.0,71526248.0
2020-03-27,20.659186014125385,21.35665425990142,20.659186014125385,21.09179290074596,3094002.0,73899048.0
2020-03-30,21.012334492999326,21.559714635253933,20.376667231026236,20.509097910603966,3431245.0,81681336.0
2020-03-31,20.756301845815724,20.87107510144975,20.18243556764557,20.235407839476665,2734389.0,63462876.0
2020-04-01,20.2972088232796,20.570898894406906,19.22010596271409,19.228934674685938,3892525.0,86795768.0
2020-04-02,18.672725820459483,19.15830497891115,18.328406053557398,19.10533270708006,3945632.0,83132608.0
2020-04-03,19.017045587361576,19.467309897925848,18.813985212009058,19.10533270708006,2052473.0,44459628.0
2020-04-07,19.299564370460725,19.370194066235513,19.025874299333424,19.290735658488877,2568786.0,55958380.0
2020-04-08,19.255420810601482,19.50262474581324,19.04353172327712,19.37902277820736,1634145.0,35834976.0
2020-04-09,19.49379603384139,19.74099996905315,19.387851490179212,19.51145345778509,1742567.0,38551316.0
2020-04-10,19.55559701764433,19.55559701764433,18.937587179614937,19.025874299333424,2224019.0,48242692.0
2020-04-13,18.893443619755697,18.893443619755697,18.07237340637379,18.098859542289336,2941621.0,60976108.0
2020-04-14,18.125345678204884,18.39903574933218,18.037058558486397,18.30191991764185,2129622.0,43830080.0
2020-04-15,18.17831795003597,18.47849415707882,17.931114014824214,18.187146662007823,1924555.0,39629836.0
2020-04-16,18.248947645810762,18.346063477501094,18.107688254261184,18.16948923806412,1440722.0,29718890.0
2020-04-17,18.213632797923363,18.496151581022517,18.20480408595152,18.29309120567,1619615.0,33683540.0
2020-04-20,18.275433781726303,18.443179309191425,18.0194011345427,18.319577341585546,1297184.0,26759866.0
2020-04-21,18.098859542289336,18.672725820459483,18.098859542289336,18.672725820459483,2201523.0,45800728.0
2020-04-22,18.557952564825456,19.087675283136363,18.41669317327588,18.955244603558636,2359991.0,50368832.0
2020-04-23,18.964073315530484,19.052360435248968,18.02822984651455,18.116516966233032,2503103.0,52557104.0
2020-04-24,18.054715982430093,18.716869380318727,18.054715982430093,18.584438700741,2119926.0,44019756.0
2020-04-27,18.36372090144479,18.610924836656544,18.213632797923363,18.434350597219577,1240518.0,25874180.0
2020-04-28,18.23129022186706,18.443179309191425,17.516164552147337,17.516164552147337,3412699.0,68186088.0
2020-04-29,17.304275464822975,17.480849704259946,16.64212206693434,16.64212206693434,3201066.0,61045788.0
2020-04-30,15.891681549327222,16.47437653946922,15.812223141580585,16.094741924679738,6883513.0,123963712.0
2020-05-06,15.891681549327222,16.368431995807036,15.741593445805796,16.25365874017301,2369504.0,43218724.0
2020-05-07,16.244830028201157,17.065900241583066,16.138885484538978,17.065900241583066,3331228.0,63337372.0
2020-05-08,17.127701225386005,17.366076448625915,16.730409186652825,17.118872513414157,2809711.0,54207084.0
2020-05-11,17.03941410566752,17.26896061693558,16.86283986623055,16.99527054580828,1369171.0,26357380.0
2020-05-12,16.915812138061643,17.057071529611218,16.783381458483916,17.00409925778013,1013170.0,19425988.0
2020-05-13,17.021756681723826,17.242474481020036,16.93346956200534,17.10121508947046,1113730.0,21582604.0
2020-05-14,16.845182442286852,17.136529937357853,16.845182442286852,16.92464085003349,1217129.0,23428696.0
2020-05-15,17.00409925778013,17.04824281763937,16.86283986623055,16.90698342608979,1094777.0,20986600.0
2020-05-18,16.90698342608979,16.90698342608979,16.059427076792343,16.059427076792343,2651903.0,48963480.0
2020-05-19,16.085913212707887,16.580321083131402,16.085913212707887,16.52734881130031,1573026.0,29145136.0
2020-05-20,16.46554782749737,16.46554782749737,16.200686468341917,16.271316164116705,1076429.0,19861802.0
2020-05-21,16.271316164116705,16.86283986623055,16.262487452144857,16.81869630637131,1479702.0,27622796.0
2020-05-22,16.827525018343156,16.915812138061643,16.447890403553675,16.68626562679358,1192646.0,22470616.0
2020-05-25,16.836353730315007,17.251303192991884,16.68626562679358,16.915812138061643,1270000.0,24421476.0
2020-05-26,16.96878440989273,17.339590312710367,16.854011154258703,17.233645769048188,1399945.0,27118842.0
2020-05-27,17.233645769048188,17.260131904963732,17.00409925778013,17.145358649329705,865436.0,16780604.0
2020-05-28,17.11004380144231,17.198330921160792,16.756895322568372,16.93346956200534,907491.0,17418972.0
2020-05-29,17.78102591130279,17.78102591130279,17.569136823978425,17.78102591130279,1634593.0,32914956.0
2020-06-01,18.090030830317485,18.407864461304033,17.939942726796062,18.213632797923363,3502435.0,72130976.0
2020-06-02,18.14300310214858,19.122990131023755,17.992914998627153,19.025874299333424,2906041.0,61829424.0
2020-06-03,18.98173073947418,19.908745496518268,18.911101043699396,19.476138609897692,3267748.0,72483712.0
2020-06-04,19.74099996905315,19.882259360602724,19.246592098629634,19.670370273278362,3585089.0,79466632.0
2020-06-08,19.670370273278362,20.553241470463206,18.407864461304033,18.937587179614937,8459027.0,185647824.0
2020-06-09,18.76101294017797,18.893443619755697,18.14300310214858,18.619753548628395,4171717.0,87208176.0
2020-06-10,18.337234765529242,19.864601936659028,18.337234765529242,19.273078234545178,4412749.0,96710248.0
2020-06-11,19.15830497891115,19.246592098629634,18.52263771693806,18.849300059896457,3073258.0,65634856.0
2020-06-12,18.275433781726303,18.831642635952758,18.187146662007823,18.513809004966213,1992667.0,41716544.0
2020-06-15,18.496151581022517,18.513809004966213,18.090030830317485,18.14300310214858,1774743.0,36740000.0
2020-06-16,18.36372090144479,18.805156500037214,18.24011893383891,18.69921195637503,2054201.0,43120592.0
2020-06-17,19.353411814004346,20.98891140392021,19.262550725675688,19.898578343976297,4935494.0,109425432.0
2020-06-18,19.807717255647642,19.862233908644836,19.344325705171478,19.462445119998737,2541200.0,54452792.0
2020-06-19,19.32615348750575,20.71632813893423,19.32615348750575,20.461917091613984,5087299.0,113409608.0
2020-06-22,20.489175418112584,20.68906981243563,20.18933382662801,20.40740043861679,3412196.0,76727224.0
2020-06-23,20.262022697290934,20.44374487394825,20.043956085302153,20.352883785619593,2066596.0,46104212.0
2020-06-24,20.44374487394825,20.534605962276913,19.880406126310568,19.934922779307765,2164968.0,48004340.0
2020-06-29,19.916750561642033,20.6708975947699,19.535133990661663,20.398314329783922,2694470.0,59745584.0
2020-06-30,20.280194914956667,20.625467050605568,20.180247717795144,20.425572656282522,1990685.0,44684960.0
2020-07-01,20.416486547449654,20.47100320044685,19.916750561642033,19.98943943230496,2525601.0,55920184.0
2020-07-02,19.98943943230496,20.13481717363081,19.78045892914904,19.98943943230496,2186943.0,48070296.0
2020-07-03,19.862233908644836,20.6436392682713,19.862233908644836,20.416486547449654,3882535.0,86680512.0
2020-07-06,20.425572656282522,21.297839104237646,20.198419935460873,21.297839104237646,6530952.0,150381584.0
2020-07-07,21.434130736730634,21.942952831371123,20.82536144492862,21.30692521307051,6615597.0,155747280.0
2020-07-08,21.034341948084535,22.115588899195576,20.99799751275307,21.988383375535452,8195678.0,196673440.0
2020-07-09,22.161019443359905,22.606238776170333,21.915694504872526,22.079244463864114,9818588.0,240348048.0
2020-07-10,21.99746948436832,22.388172164181555,21.815747307711003,22.142847225694176,6792335.0,165332448.0
2020-07-13,21.970211157869723,22.6153248850032,21.92478061370539,22.488119361343077,5950245.0,146056464.0
2020-07-14,22.333655511184357,23.67839961844851,22.070158355031246,23.105974761977958,8086978.0,204947824.0
2020-07-15,22.715272082164724,22.942424802986373,21.679455675218012,21.95203894020399,7621106.0,186798032.0
2020-07-16,21.806661198878135,22.606238776170333,20.80718922726289,21.11611692758033,4734084.0,112913368.0
2020-07-17,21.806661198878135,22.488119361343077,21.007083621585938,21.96112504903686,4818239.0,115785016.0
2020-07-20,21.96112504903686,23.687485727281377,21.824833416543868,23.269524720969542,9150573.0,232754816.0
2020-07-21,23.07871643547936,23.12414697964369,22.433602708345884,22.533549905507407,5509460.0,137559264.0
2020-07-22,22.315483293518625,22.987855347150703,22.006555593201185,22.333655511184357,5251127.0,130215280.0
2020-07-23,22.70618597333186,23.296783047468143,22.35182772885009,22.688013755666127,6985505.0,174816144.0
2020-07-24,23.06054421781363,24.16904949542327,22.515377687841678,23.042372000147896,15670104.0,404516384.0
2020-07-27,22.715272082164724,22.90608036765491,20.898050315591547,21.661283457552283,7872436.0,188576016.0
2020-07-28,21.670369566385148,22.215536096357102,21.388700192566304,21.75214454588094,4606447.0,110586368.0
2020-07-29,21.4432168455635,22.142847225694176,21.088858601081732,22.142847225694176,4889933.0,116467632.0
2020-07-30,21.970211157869723,22.251880531688563,21.497733498560695,21.53407793389216,4662977.0,111516528.0
2020-07-31,21.715800110549477,21.715800110549477,21.252408560073317,21.4704751720621,3502908.0,82754096.0
2020-08-03,21.4432168455635,22.987855347150703,21.397786301399172,22.75161651749619,8427838.0,208076224.0
2020-08-04,22.896994258822044,22.960597020652102,21.942952831371123,22.006555593201185,5774492.0,141761600.0
2020-08-05,21.970211157869723,23.06054421781363,21.970211157869723,22.915166476487773,7634935.0,190840768.0
2020-08-06,22.715272082164724,23.89646623043729,22.624410993836065,23.12414697964369,9515754.0,243277008.0
2020-08-07,22.896994258822044,25.441104732024492,22.442688817178748,25.441104732024492,7540698.0,199884592.0
2020-08-10,27.985215205226943,27.985215205226943,27.267412607430536,27.985215205226943,16265244.0,500219968.0
2020-08-11,28.16693738188426,30.69287563742098,27.985215205226943,30.065934127953234,34345848.0,1110586496.0
2020-08-12,29.048289938672248,29.057376047505116,27.058432104274623,27.067518213107487,21836746.0,661053056.0
2020-08-13,26.158907329820895,28.394090102705906,25.513793602687418,27.34918758692633,19489298.0,577256640.0
2020-08-14,26.585954444965594,29.25727044182817,26.31337117997962,28.966514959176457,19995778.0,623708736.0
2020-08-17,28.603070605861824,30.674703419755243,27.758062484405293,28.58489838819609,19973336.0,640837248.0
2020-08-18,28.16693738188426,29.011945503340787,27.803493028569626,28.38500399387304,13218674.0,411279744.0
2020-08-19,27.59451252541371,31.219869949727197,27.122034866104684,31.219869949727197,20418550.0,658546816.0
2020-08-20,31.74686426203342,33.1642972399605,30.52932567842939,30.792822834582502,25713200.0,905329536.0
2020-08-21,30.34760350177207,32.246600247841045,29.33904542132396,30.047761910287498,16468171.0,554872896.0
2020-08-24,29.07554826517085,29.87512584246305,28.25779847021292,28.730276129521947,12631747.0,401504512.0
2020-08-25,28.957428850343593,28.957428850343593,26.37697394180968,26.849451601118705,12929476.0,390465312.0
2020-08-26,26.64047109796279,27.93978466106261,26.486007247804068,27.058432104274623,8278220.0,247405200.0
2020-08-27,27.049345995441755,27.576340307747977,26.531437791968397,26.785848839288644,5744139.0,170836672.0
2020-08-28,26.585954444965594,27.2764987162634,25.7591185411748,26.68590164212712,6829272.0,199245888.0
2020-08-31,26.840365492285837,29.20275378883097,26.476921138971203,28.20328181721572,10914143.0,336436576.0
2020-09-01,28.239626252547186,29.057376047505116,27.685373613742367,28.38500399387304,8736589.0,273902464.0
2020-09-02,28.357745667374445,28.80296500018487,28.048817967057005,28.05790407588987,5390457.0,167830608.0
2020-09-03,27.994301314059808,28.16693738188426,26.804021056954376,27.21289595443334,6375968.0,191166608.0
2020-09-04,26.41331837714114,26.894882145283034,26.404232268308274,26.631384989129923,3876444.0,113607000.0
2020-09-07,26.713159968625714,27.21289595443334,25.168521467038516,25.441104732024492,6144492.0,176909056.0
2020-09-08,25.441104732024492,25.69551577934474,24.314427236749122,24.886852093219673,5321320.0,145440528.0
2020-09-09,24.40528832507778,26.06804624149224,24.078188407094608,25.34115753486297,6646325.0,184042896.0
2020-09-10,25.3320714260301,25.65008523518041,23.98732731876595,24.196307821921863,4082297.0,111090176.0
2020-09-11,24.196307821921863,24.82324933138961,23.86012179510583,24.777818787225282,2955397.0,79855736.0
2020-09-14,24.850507657888212,25.3320714260301,24.44163276040924,24.97771318154833,3001200.0,81975712.0
2020-09-15,24.832335440222476,25.432018623191624,24.72330213422809,25.041315943378393,2827947.0,78292752.0
2020-09-16,24.9867992903812,25.849979629503455,24.86867987555394,25.3320714260301,3100383.0,86712536.0
2020-09-17,25.350243643695833,26.295198962313886,24.9867992903812,25.37750197019443,3400415.0,95339768.0
2020-09-18,25.459276949690224,26.33154339764535,25.11400481404132,26.131649003322302,4589708.0,131408152.0
2020-09-21,26.167993438653763,27.512737545917915,25.877237956002055,26.913054362948767,5139779.0,152273056.0
2020-09-22,26.422404485974006,26.804021056954376,26.222510091650957,26.386060050642545,3151738.0,91768296.0
2020-09-23,26.649557206795656,26.649557206795656,25.45019084085736,25.595568582183216,3412916.0,96808312.0
2020-09-24,25.304813099531504,25.304813099531504,24.241738366086196,24.259910583751925,4489426.0,121668376.0
2020-09-25,24.287168910250525,24.80507711372388,24.105446733593208,24.259910583751925,2948404.0,79084528.0
2020-09-28,24.278082801417657,24.78690489605815,23.333127482799604,23.623882965451315,3113363.0,82719960.0
2020-09-29,23.7874329244429,24.659699372398027,23.660227400782777,24.332599454414854,3627766.0,96881920.0
2020-09-30,24.332599454414854,24.5597521752365,24.087274515927476,24.259910583751925,2814902.0,75403128.0
2020-10-09,24.78690489605815,24.932282637384002,24.287168910250525,24.423460542743513,3269184.0,88142536.0
2020-10-12,24.523407739905036,25.368415861361566,24.29625501908339,25.168521467038516,4714709.0,129254640.0
2020-10-13,25.02314372571266,26.794934948121508,24.795991004891015,26.295198962313886,6998155.0,199151680.0
2020-10-14,26.25885452698242,26.804021056954376,25.477449167355957,25.522879711520286,3945045.0,113050408.0
2020-10-15,25.531965820353154,25.668257452846138,24.577924392902233,24.596096610567965,3539140.0,97376760.0
2020-10-16,24.71421602539522,25.28664088186577,24.332599454414854,24.795991004891015,2723665.0,74020616.0
2020-10-19,24.932282637384002,25.02314372571266,24.468891086907842,24.523407739905036,1810200.0,49248028.0
2020-10-20,24.387116107412048,24.67787159006376,23.98732731876595,24.587010501735097,1531502.0,41029432.0
2020-10-21,24.587010501735097,24.623354937066562,24.12361895125894,24.16904949542327,1374966.0,36752428.0
2020-10-22,24.16904949542327,24.16904949542327,23.69657183611424,23.805605142108632,1613252.0,42380600.0
2020-10-23,23.85103568627296,24.895938202052537,23.75108848911144,24.087274515927476,2346203.0,62589372.0
2020-10-26,23.72383016261284,23.905552339270155,23.26043861213668,23.623882965451315,1910102.0,49703180.0
2020-10-27,23.614796856618447,24.078188407094608,23.47850522412546,23.905552339270155,1679699.0,43929172.0
2020-10-28,23.805605142108632,23.996413427598817,23.51484965945692,23.714744053779974,1658901.0,43307680.0
2020-10-29,23.287696938635275,23.7874329244429,23.26043861213668,23.43307467996113,1698200.0,43930584.0
2020-10-30,23.423988571128266,23.950982883434484,23.305869156301007,23.442160788794,1924201.0,49899716.0
2020-11-02,23.451246897626863,23.51484965945692,21.543164042725028,21.706714001716612,4552473.0,111166896.0
2020-11-03,21.706714001716612,22.669841538000394,21.62493902222082,22.406344381847283,3685229.0,89567176.0
2020-11-04,22.41543049068015,22.87882204115631,22.070158355031246,22.369999946515822,2402440.0,59116800.0
2020-11-05,22.360913837682954,22.78796095282765,22.360913837682954,22.588066558504604,2235657.0,55399244.0
2020-11-06,22.533549905507407,22.633497102668933,21.942952831371123,22.224622205189966,2655201.0,64779572.0
2020-11-09,22.006555593201185,22.760702626329056,21.815747307711003,22.55172212317314,3043310.0,75066264.0
2020-11-10,22.524463796674542,22.87882204115631,22.324569402351493,22.442688817178748,2545932.0,63229124.0
2020-11-11,22.35182772885009,22.442688817178748,21.743058437048074,21.833919525376736,2203600.0,53427280.0
2020-11-12,21.852091743042465,22.124675008028444,21.679455675218012,21.852091743042465,1489890.0,35791920.0
2020-11-13,21.806661198878135,22.515377687841678,21.634025131053683,22.39725827301442,2729673.0,66716796.0
2020-11-16,22.488119361343077,22.6153248850032,22.26096664052143,22.451774926011616,2162601.0,53375388.0
2020-11-17,22.46086103484448,22.497205470175945,21.62493902222082,21.797575090045267,2818800.0,68064960.0
2020-11-18,21.806661198878135,22.024727810866917,21.670369566385148,21.870263960708197,1550900.0,37266924.0
2020-11-19,21.870263960708197,22.651669320334666,21.606766804555086,22.488119361343077,3853493.0,94667568.0
2020-11-20,22.442688817178748,23.378558026963937,22.35182772885009,23.26043861213668,5526968.0,140304912.0
2020-11-23,23.224094176805213,23.533021877122653,22.733444299830456,22.942424802986373,3577992.0,90342424.0
2020-11-24,22.87882204115631,23.242266394470946,22.678927646833262,22.806133170493386,2586830.0,65284688.0
2020-11-25,22.715272082164724,22.797047061660518,21.99746948436832,22.070158355031246,2701180.0,66607372.0
2020-11-26,22.070158355031246,22.6153248850032,21.806661198878135,22.406344381847283,2665801.0,65278372.0
2020-11-27,22.39725827301442,23.67839961844851,22.124675008028444,23.105974761977958,5320156.0,134947472.0
2020-11-30,23.07871643547936,23.51484965945692,22.715272082164724,23.024199782482164,3966200.0,101193184.0
2020-12-01,22.90608036765491,23.242266394470946,22.715272082164724,23.087802544312225,3523979.0,89062384.0
2020-12-02,23.16957752380802,25.395674187860163,23.033285891315032,25.395674187860163,7582935.0,202795904.0
2020-12-03,25.459276949690224,27.449134784087853,25.40476029669303,25.668257452846138,15793203.0,458016448.0
2020-12-04,25.495621385021686,26.985743233611693,25.495621385021686,26.34971561531108,11312676.0,328783008.0
2020-12-07,25.99535737082931,26.758590512790047,24.895938202052537,26.758590512790047,10328761.0,292243840.0
2020-12-08,26.34971561531108,26.876709927617302,25.45019084085736,25.79546297650626,6485045.0,187686480.0
2020-12-09,25.968099044330714,26.077132350325105,24.877765984386805,24.905024310885405,5593586.0,156444752.0
2020-12-10,25.09583259637559,26.531437791968397,24.40528832507778,25.722774105843335,7087541.0,199393632.0
2020-12-11,25.69551577934474,25.69551577934474,24.596096610567965,24.768732678392418,4126322.0,113434336.0
2020-12-14,24.66878548123089,25.71368799701047,24.36894388974632,25.604654691016076,4674004.0,130085960.0
2020-12-15,25.522879711520286,26.031701806160775,25.213952011202846,25.432018623191624,3234680.0,91140464.0
2020-12-16,25.223038120035714,25.968099044330714,24.895938202052537,25.777290758840532,4087589.0,114716832.0
2020-12-17,25.7591185411748,26.340629506478216,25.059488161044122,26.19525176515236,6083063.0,173362848.0
2020-12-18,26.204337873985228,26.204337873985228,25.62282690868181,25.804549085339126,4078401.0,116233408.0
2020-12-21,25.71368799701047,26.513265574302668,25.513793602687418,26.34971561531108,6162416.0,177572608.0
2020-12-22,26.24068230931669,27.031173777776022,25.71368799701047,25.750032432341932,6773274.0,195515312.0
2020-12-23,25.54105192918602,26.849451601118705,25.477449167355957,26.82219327462011,9284608.0,269255104.0
2020-12-24,26.694987750959985,28.348659558541577,26.68590164212712,27.249240389764804,13367058.0,403578944.0
2020-12-25,26.985743233611693,27.667201396076635,26.531437791968397,27.449134784087853,7083656.0,211480816.0
2020-12-28,27.449134784087853,28.285056796711515,26.295198962313886,26.30428507114675,7223425.0,215274944.0
2020-12-29,26.167993438653763,26.62229888029706,24.596096610567965,24.596096610567965,8371764.0,233723808.0
2020-12-30,24.596096610567965,25.586482473350348,24.41437443391065,25.09583259637559,4942441.0,135787920.0
2020-12-31,25.02314372571266,27.16746541026901,24.9867992903812,26.867623818784438,9096702.0,262185952.0
2021-01-04,27.24015428093194,27.876181899232552,26.631384989129923,27.530909763583647,10792208.0,325452096.0
2021-01-05,27.394618131090656,28.375917885040174,27.076604321940355,27.485479219419318,9025921.0,274336704.0
2021-01-06,27.122034866104684,29.40264818315402,27.003915451277425,28.603070605861824,15206963.0,470965728.0
2021-01-07,28.157851273051392,28.902912197346396,27.81257913740249,28.38500399387304,10587352.0,329032960.0
2021-01-08,28.357745667374445,28.357745667374445,26.522351683135536,26.61321277146419,8102996.0,241079216.0
2021-01-11,26.61321277146419,27.16746541026901,26.04078791499364,26.34971561531108,5680167.0,166304112.0
2021-01-12,26.077132350325105,27.530909763583647,25.93175460899925,27.38553202225779,6611166.0,196891408.0
2021-01-13,27.485479219419318,27.494565328252186,26.131649003322302,26.186165656319496,6777854.0,198916864.0
2021-01-14,26.122562894489434,26.122562894489434,23.578452421286983,23.732916271445706,10720990.0,286609952.0
2021-01-15,23.63296907428418,24.16904949542327,23.487591332958328,24.00549953643168,3996068.0,104732208.0
2021-01-18,24.25082447491906,24.768732678392418,24.087274515927476,24.268996692584793,3585186.0,96273320.0
2021-01-19,24.259910583751925,24.387116107412048,23.623882965451315,23.760174597944303,3236305.0,85196272.0
2021-01-20,23.623882965451315,24.078188407094608,23.378558026963937,23.805605142108632,2780901.0,72937400.0
2021-01-21,23.805605142108632,24.768732678392418,23.642055183117044,24.187221713089,4274844.0,114067152.0
2021-01-22,24.16904949542327,24.51432163107217,23.69657183611424,24.241738366086196,4069250.0,107965144.0
2021-01-25,24.03275786293028,25.195779793537113,24.03275786293028,24.5597521752365,6089690.0,166126656.0
2021-01-26,24.332599454414854,24.523407739905036,23.423988571128266,24.00549953643168,4534562.0,118883216.0
2021-01-27,23.85103568627296,24.00549953643168,23.033285891315032,23.051458108980764,3727077.0,95800840.0
2021-01-28,23.033285891315032,23.242266394470946,22.41543049068015,22.515377687841678,2520101.0,63146632.0
2021-01-29,22.70618597333186,22.742530408663324,21.670369566385148,22.23370831402283,2834391.0,69132672.0
2021-02-01,22.179191661025637,22.87882204115631,21.86117785187533,22.85156371465771,2364501.0,58571712.0
2021-02-02,22.842477605824847,23.087802544312225,22.560808232006003,22.960597020652102,1418966.0,35703660.0
2021-02-03,22.996941455983567,23.051458108980764,21.988383375535452,22.124675008028444,2256558.0,55666496.0
2021-02-04,21.942952831371123,22.315483293518625,20.898050315591547,21.179719689410387,3099935.0,72941776.0
2021-02-05,21.188805798243255,21.788488981212407,21.088858601081732,21.27058077773905,2081492.0,49006120.0
2021-02-08,21.22515023357472,21.252408560073317,20.080300520633617,20.13481717363081,2699530.0,61143624.0
2021-02-09,20.171161608962276,20.97982529508734,19.998525541137827,20.789017009597156,3051000.0,69198248.0
2021-02-10,20.898050315591547,21.515905716226428,20.789017009597156,21.352355757234843,2202535.0,51221792.0
2021-02-18,21.488647389727827,22.297311075852893,21.325097430736243,21.42504462789777,3019400.0,72138928.0
2021-02-19,21.42504462789777,22.051986137365514,20.970739186254473,21.93386672253826,3189995.0,76362912.0
2021-02-22,21.93386672253826,22.442688817178748,21.806661198878135,21.833919525376736,3317623.0,80714120.0
2021-02-23,21.770316763546674,22.215536096357102,21.034341948084535,21.743058437048074,4011315.0,95613488.0
2021-02-24,21.743058437048074,22.26096664052143,21.143375254078926,21.343269648401975,3631009.0,85838520.0
2021-02-25,21.30692521307051,21.706714001716612,21.152461362911794,21.19789190707612,2490424.0,58608380.0
2021-02-26,20.907136424424415,21.343269648401975,20.80718922726289,21.11611692758033,2229732.0,51677856.0
2021-03-01,21.070686383416,21.57042236922362,20.816275336095753,21.53407793389216,2639251.0,61445268.0
2021-03-02,21.68854178405088,23.687485727281377,21.397786301399172,23.687485727281377,7486679.0,187762864.0
2021-03-03,23.82377735977436,25.804549085339126,23.033285891315032,24.66878548123089,12141665.0,326832640.0
2021-03-04,24.178135604256134,24.877765984386805,23.669313509615645,23.805605142108632,6260579.0,166196480.0
2021-03-05,23.533021877122653,23.778346815610035,23.13323308847656,23.496677441791192,3854941.0,99568096.0
2021-03-08,23.496677441791192,24.06910229826174,22.633497102668933,22.833391496991982,3928045.0,100588344.0
2021-03-09,22.833391496991982,23.069630326646497,21.815747307711003,22.379086055348687,3728488.0,91918880.0
2021-03-10,22.678927646833262,22.960597020652102,22.124675008028444,22.2427944228557,2632328.0,65164296.0
2021-03-11,22.251880531688563,22.70618597333186,21.92478061370539,22.624410993836065,3135606.0,77091192.0
2021-03-12,22.57898044967174,23.21500806797235,22.515377687841678,22.806133170493386,3225980.0,80938696.0
2021-03-15,22.669841538000394,22.715272082164724,22.297311075852893,22.35182772885009,2161400.0,53464508.0
2021-03-16,22.35182772885009,22.57898044967174,21.670369566385148,21.697627892883744,3019800.0,72914808.0
2021-03-17,21.55225015155789,22.061072246198382,21.4704751720621,21.942952831371123,1865530.0,44795584.0
2021-03-18,21.897522287206797,22.297311075852893,21.670369566385148,21.670369566385148,2182487.0,52660852.0
2021-03-19,21.57042236922362,22.56989434083887,21.361441866067707,22.451774926011616,3653379.0,88984168.0
2021-03-22,22.2700527493543,22.624410993836065,22.097416681529847,22.424516599513016,2320762.0,57024288.0
2021-03-23,22.39725827301442,23.115060870810826,22.26096664052143,22.469947143677345,2853513.0,71025088.0
2021-03-24,22.442688817178748,22.76978873516192,21.606766804555086,21.715800110549477,2439181.0,59352596.0
2021-03-25,21.797575090045267,22.006555593201185,21.26149466890618,21.415958519064905,1853273.0,44110268.0
2021-03-26,21.415958519064905,22.30639718468576,21.415958519064905,22.2700527493543,2191236.0,52923296.0
2021-03-29,22.533549905507407,22.806133170493386,22.19736387869137,22.297311075852893,2013325.0,49779308.0
2021-03-30,22.2700527493543,23.378558026963937,22.2700527493543,22.606238776170333,4236681.0,106727448.0
2021-03-31,22.76978873516192,23.423988571128266,22.297311075852893,22.88790814998918,4253647.0,107094696.0
2021-04-01,22.588066558504604,23.89646623043729,22.41543049068015,23.596624638952715,5952989.0,152206512.0
2021-04-02,23.69657183611424,23.69657183611424,22.95151091181924,23.07871643547936,3637424.0,93066608.0
2021-04-06,23.069630326646497,23.305869156301007,22.86064982349058,22.90608036765491,2131243.0,54061512.0
2021-04-07,22.806133170493386,22.88790814998918,22.533549905507407,22.797047061660518,2140825.0,53454448.0
2021-04-08,22.760702626329056,23.224094176805213,22.54263601434027,22.806133170493386,2757180.0,69496528.0
2021-04-09,22.797047061660518,23.12414697964369,22.59715266733747,22.624410993836065,1572401.0,39420608.0
2021-04-12,22.688013755666127,22.760702626329056,21.970211157869723,21.979297266702588,1901515.0,46738168.0
2021-04-13,21.988383375535452,22.17010555219277,21.87935006954106,21.99746948436832,1462499.0,35432828.0
2021-04-14,22.033813919699785,22.533549905507407,22.033813919699785,22.47903325251021,1553697.0,38271768.0
2021-04-15,22.41543049068015,22.688013755666127,22.206449987524238,22.333655511184357,1275050.0,31513406.0
2021-04-16,22.342741620017225,22.960597020652102,22.26096664052143,22.760702626329056,2032578.0,50762556.0
2021-04-19,22.760702626329056,23.12414697964369,22.70618597333186,23.024199782482164,2306776.0,58160036.0
2021-04-20,22.95151091181924,23.07871643547936,22.57898044967174,22.6425832115018,2418507.0,60785652.0
2021-04-21,22.6153248850032,22.987855347150703,22.488119361343077,22.715272082164724,1605638.0,40169312.0
2021-04-22,22.824305388159118,23.151405306142287,22.715272082164724,22.824305388159118,1603871.0,40414792.0
2021-04-23,22.778874843994785,22.915166476487773,22.369999946515822,22.515377687841678,1925378.0,47935608.0
2021-04-26,22.515377687841678,22.697099864498995,21.824833416543868,21.852091743042465,2422290.0,59211948.0
2021-04-27,21.979297266702588,22.015641702034053,21.216064124741855,21.53407793389216,2053964.0,48544740.0
2021-04-28,21.53407793389216,21.715800110549477,21.37961408373344,21.57950847805649,1277178.0,30315930.0
2021-04-29,21.57950847805649,21.761230654713806,21.26149466890618,21.397786301399172,1459150.0,34532396.0
2021-04-30,21.415958519064905,21.415958519064905,20.80718922726289,21.070686383416,2415432.0,55957100.0
2021-05-06,20.898050315591547,21.297839104237646,20.898050315591547,21.079772492248864,1501300.0,34919036.0
2021-05-07,21.079772492248864,21.24332245124045,20.898050315591547,20.98891140392021,1524470.0,35269396.0
2021-05-10,20.96165307742161,20.97982529508734,20.534605962276913,20.6436392682713,2128921.0,48490764.0
2021-05-11,20.534605962276913,21.770316763546674,20.534605962276913,21.488647389727827,2558715.0,59823196.0
2021-05-12,21.27058077773905,21.4432168455635,21.06160027458313,21.297839104237646,1531000.0,35763924.0
2021-05-13,21.13428914524606,21.57950847805649,20.96165307742161,21.152461362911794,1107620.0,25967860.0
2021-05-14,21.152461362911794,21.824833416543868,20.98891140392021,21.824833416543868,2992743.0,71003920.0
2021-05-17,21.88843617837393,22.097416681529847,21.415958519064905,21.497733498560695,1901173.0,45356976.0
2021-05-18,21.397786301399172,22.133761116861308,21.397786301399172,21.715800110549477,2188400.0,52678488.0
2021-05-19,21.715800110549477,21.942952831371123,21.606766804555086,21.62493902222082,1506101.0,36008056.0
2021-05-20,21.715800110549477,21.77940287237954,21.252408560073317,21.279666886571917,2223450.0,52580916.0
2021-05-21,21.452302954396366,21.452302954396366,20.88896420675868,20.925308642090148,1540579.0,35706472.0
2021-05-24,20.898050315591547,21.13428914524606,20.798103118430024,21.034341948084535,1308711.0,30234086.0
2021-05-25,21.034341948084535,21.30692521307051,20.6708975947699,21.279666886571917,2618573.0,60613732.0
2021-05-26,22.181347686850387,22.447106238511406,22.019994280484763,22.181347686850387,2179352.0,50917456.0
2021-05-27,22.133890802625203,22.22880457107557,21.972537396259582,22.143382179470237,1968353.0,45748620.0
2021-05-28,22.048468411019876,22.68439065963732,21.963046019414545,22.504054499581628,3198827.0,75124744.0
2021-05-31,22.39964935428623,22.466088992201485,21.88711500465425,22.247787324765643,3632804.0,84692368.0
2021-06-01,22.257278701610677,22.523037253271703,21.991520149949658,22.105416672090094,2767521.0,64868628.0
2021-06-02,22.067451164709947,22.352192470061045,21.68779609090849,21.754235728823744,2733141.0,63187492.0
2021-06-03,21.697287467753522,23.02608022605864,21.640339206683304,22.323718339525932,5092324.0,119977784.0
2021-06-04,22.257278701610677,24.554191898109522,22.067451164709947,24.554191898109522,10070562.0,254695936.0
2021-06-07,24.82944182661558,24.867407333995725,23.633528344140974,24.079623055857695,12361281.0,315594720.0
2021-06-08,24.582666028644628,25.247062407797188,24.20301095484317,24.94333834875602,11665827.0,304295424.0
2021-06-09,24.706053927630105,24.886390087685797,24.297924723293534,24.421312622279007,5134348.0,132424952.0
2021-06-10,24.421312622279007,24.440295375969082,23.775898996816526,24.06064030216762,5318419.0,134772256.0
2021-06-11,24.01318341794244,24.051148925322583,23.339295661944842,23.519631822000537,4472454.0,111503288.0
2021-06-15,23.358278415634917,23.994200664252364,23.310821531409733,23.652511097831052,4573700.0,113977088.0
2021-06-16,23.614545590450902,23.899286895802,23.13048537135404,23.329804285099804,3086358.0,76306608.0
2021-06-17,23.253873270339515,23.662002474676086,23.120993994509003,23.443700807240244,2539760.0,62526952.0
2021-06-18,23.348787038789883,23.870812765266887,23.083028487128857,23.680985228366158,3106642.0,77168472.0
2021-06-21,23.690476605211195,24.753510811855286,23.49115769146543,24.554191898109522,6707842.0,172184480.0
2021-06-22,24.440295375969082,24.46876950650419,24.03216617163251,24.12707994008288,4128072.0,105140440.0
2021-06-23,24.08911443270273,24.554191898109522,23.984709287407327,24.070131679012658,3931311.0,100528912.0
2021-06-24,24.041657548477545,24.3928384917439,23.5101404451555,23.5101404451555,2967391.0,74560392.0
2021-06-25,23.519631822000537,24.165045447463022,23.18743363242426,24.06064030216762,3332041.0,83336784.0
2021-06-28,23.956235156872218,24.402329868588936,23.880304142111925,24.174536824308056,4313483.0,109704416.0
2021-06-29,24.14606269377295,25.436889944697917,24.1080971863928,24.22199370853324,5710553.0,148457904.0
2021-06-30,24.297924723293534,24.867407333995725,23.84233863473178,24.66808842024996,5233552.0,134528608.0
2021-07-01,24.677579797094996,24.77249356554536,23.49115769146543,23.49115769146543,4233634.0,107446240.0
2021-07-02,23.348787038789883,23.48166631462039,22.532528630116737,22.646425152257176,4633201.0,111524280.0
2021-07-05,22.655916529102214,24.91486421822091,22.655916529102214,24.91486421822091,5602001.0,143475216.0
2021-07-06,25.62671748159865,26.04433806278026,24.696562550785067,25.066726247741492,12492031.0,333942080.0
2021-07-07,25.33248479940252,26.291113860751206,24.924355595065947,26.129760454385586,12585373.0,341622560.0
2021-07-08,25.84501914903449,26.5758551661023,25.550786466838357,25.588751974218503,8800050.0,241148592.0
2021-07-09,25.712139873203977,27.99956169285778,25.550786466838357,27.13584639995946,13863717.0,395694560.0
2021-07-12,27.13584639995946,27.762277271731868,26.77517407984807,27.259234298944932,8349292.0,239482000.0
2021-07-13,26.983984370438872,27.221268791564786,26.101286323850477,26.3670448755115,8822043.0,245827312.0
2021-07-14,26.509415528187045,29.005647638431654,25.892476033259673,29.005647638431654,13173988.0,383680480.0
2021-07-15,29.46123372699341,30.154104236681075,27.107372269424346,27.86668241702727,15911354.0,471117408.0
2021-07-16,27.714820387506688,29.97376807662538,26.983984370438872,28.407690897194353,14084799.0,421845440.0
2021-07-19,28.047018577082966,28.80632872468589,27.363639444240334,27.714820387506688,8191454.0,240300544.0
2021-07-20,27.38262219793041,28.03752720023793,27.07889813888924,27.477535966380774,5562986.0,161276944.0
2021-07-21,27.28770842948004,28.758871840460706,27.12635502311442,27.96159618547764,7626961.0,225621616.0
2021-07-22,28.635483941475233,29.70800952496436,28.28430299820888,28.96768213105151,11085037.0,339413824.0
2021-07-23,28.758871840460706,29.470725103838447,27.68634625697158,28.834802855220996,9912343.0,298001792.0
2021-07-26,28.331759882434064,29.56563887228881,27.638889372746394,27.99956169285778,8474723.0,255567280.0
2021-07-27,28.28430299820888,28.891751116291218,27.050424008354128,27.192794661029676,9782682.0,287157184.0
2021-07-28,27.012458500973985,27.183303284184642,24.677579797094996,25.408415814162808,7422856.0,200858288.0
2021-07-29,25.797562264809304,27.173811907339605,25.67417436582383,26.63280342717252,7943167.0,221365216.0
2021-07-30,26.623312050327485,27.230760168409823,26.243656976526022,26.927036109368654,6452092.0,181868496.0
2021-08-02,27.050424008354128,29.62258713335903,26.71822581877785,29.62258713335903,15355631.0,467513760.0
2021-08-03,29.89783706186509,30.676129963158086,29.328354451162898,29.80292329341472,15883439.0,500650560.0
2021-08-04,29.8219060471048,30.049699091385676,29.252423436402605,29.935802569245237,9257989.0,289877728.0
2021-08-05,29.992750830315458,30.56223344101765,29.309371697472823,29.78394053972465,12579186.0,398192640.0
2021-08-06,29.745975032344507,31.131716051719838,29.745975032344507,30.457828295722248,10752613.0,344915840.0
2021-08-09,30.47681104941232,31.27408670439539,29.527673364908665,30.324949019891733,8588453.0,274215680.0
2021-08-10,30.467319672567285,31.008328152734368,30.021224960850564,30.372405904116917,11178394.0,359140192.0
2021-08-11,30.239526628286406,30.733078224228308,29.613095756513992,29.87885430817502,7478404.0,236031936.0
2021-08-12,29.992750830315458,30.258509381976477,29.138526914262165,30.182578367216188,8440075.0,264557056.0
2021-08-13,30.182578367216188,30.856466123213778,29.70800952496436,29.964276699780346,8209241.0,261224960.0
2021-08-16,29.56563887228881,29.859871554484943,28.227354737138658,28.521587419334793,9029287.0,274879872.0
2021-08-17,28.663958072010338,28.844294232066034,27.145337776804496,27.316182560015154,7523582.0,222228320.0
2021-08-18,27.411096328465515,28.14193234553333,27.24025154525486,27.73380314119676,5211892.0,152045872.0
2021-08-19,27.714820387506688,28.265320244518808,27.145337776804496,27.828716909647124,5814101.0,170325248.0
2021-08-20,27.800242779112015,27.83820828649216,26.94601886305873,27.800242779112015,5122470.0,147908400.0
2021-08-23,27.714820387506688,28.711414956235522,27.57244973483114,28.47413053510961,5283774.0,157992240.0
2021-08-24,28.47413053510961,29.100561406882022,27.714820387506688,28.96768213105151,6896791.0,208092752.0
2021-08-25,28.815820101530925,28.99615626158662,27.99956169285778,28.160915099223406,4906723.0,146312784.0
2021-08-26,27.99956169285778,28.55955292671494,27.40160495162048,27.420587705310556,4864634.0,142932096.0
2021-08-27,27.221268791564786,27.885665170717342,26.93652748621369,27.714820387506688,4998676.0,144413008.0
2021-08-30,27.638889372746394,28.616501187785158,27.54397560429603,27.885665170717342,5068688.0,149759744.0
2021-08-31,27.857191040182236,27.885665170717342,27.24025154525486,27.34465669055026,4062138.0,117786488.0
2021-09-01,27.325673936860188,27.48702734322581,25.74061400373909,26.38602762920157,6102655.0,170570848.0
2021-09-02,26.509415528187045,26.63280342717252,26.101286323850477,26.471450020806902,3453970.0,96056352.0
2021-09-03,26.480941397651936,26.765682703003034,25.436889944697917,26.06332081647033,4620662.0,126759304.0
2021-09-06,25.911458786949744,26.405010382891646,25.54129508999332,26.243656976526022,3564173.0,97548040.0
2021-09-07,26.291113860751206,27.468044589535737,26.12026907754055,26.803648210383177,5368754.0,152473264.0
2021-09-08,26.813139587228214,26.974492993593838,26.452467267116827,26.480941397651936,3066543.0,86095344.0
2021-09-09,26.55687241241223,27.12635502311442,26.291113860751206,27.12635502311442,4148300.0,116762200.0
2021-09-10,26.889070601988507,27.325673936860188,26.623312050327485,26.765682703003034,4104451.0,116332112.0
2021-09-13,26.85110509460836,26.908053355678582,25.911458786949744,26.12026907754055,3874622.0,107163936.0
2021-09-14,26.082303570160402,26.3670448755115,25.81654501849938,25.83552777218945,3021942.0,83102840.0
2021-09-15,25.797562264809304,26.33857074497639,25.531803713148282,26.034846685935218,2771808.0,75982368.0
2021-09-16,25.901967410104707,26.357553498666462,25.29451929202237,25.37045030678266,4026500.0,109049944.0
2021-09-17,25.33248479940252,25.64570023528872,25.04774349405142,25.636208858443688,2646049.0,70668960.0
2021-09-22,25.436889944697917,26.651786180862594,25.313502045712443,26.177217338610767,5027064.0,137268240.0
2021-09-23,26.518906905032086,26.518906905032086,25.94942429432989,26.205691469145876,3058300.0,84396944.0
2021-09-24,26.148743208075658,26.38602762920157,25.911458786949744,26.291113860751206,2607817.0,71852544.0
2021-09-27,26.243656976526022,27.13584639995946,25.65519161213376,27.13584639995946,6895868.0,193015424.0
2021-09-28,27.173811907339605,27.904647924407417,26.889070601988507,27.050424008354128,6446074.0,186187280.0
2021-09-29,26.680260311397703,26.794156833538143,25.4843468289231,25.4843468289231,5084450.0,139748752.0
2021-09-30,25.607734727908575,26.623312050327485,25.607734727908575,26.471450020806902,2892915.0,79616928.0
2021-10-08,26.471450020806902,27.335165313705225,26.471450020806902,26.8605964714534,3773815.0,106606784.0
2021-10-11,27.012458500973985,27.534484227450996,26.67076893455267,27.24025154525486,4181046.0,119993304.0
2021-10-12,27.050424008354128,27.411096328465515,26.58534654294734,27.28770842948004,2984808.0,85100552.0
2021-10-13,25.436889944697917,25.579260597373466,24.563683274954556,24.563683274954556,6367894.0,165872368.0
2021-10-14,23.80437312735163,24.487752260194267,23.557597329380684,24.250467839068353,6375030.0,161486960.0
2021-10-15,24.250467839068353,24.981303856136165,24.184028201153094,24.184028201153094,3524545.0,91078528.0
2021-10-18,24.259959215913387,24.487752260194267,23.832847257886744,24.27894196960346,2677401.0,68238840.0
2021-10-19,24.373855738053827,24.77249356554536,24.174536824308056,24.4972436370393,2341601.0,60511680.0
2021-10-20,24.440295375969082,25.968407048019962,24.373855738053827,25.664682988978793,6001664.0,159553936.0
2021-10-21,25.522312336303248,25.797562264809304,25.038252117206383,25.12367450881171,3187848.0,84915352.0
2021-10-22,25.190114146726966,25.313502045712443,24.77249356554536,24.848424580305654,2145530.0,56377404.0
2021-10-25,24.85791595715069,25.62671748159865,24.36436436120879,25.493838205768135,3472575.0,91988216.0
2021-10-26,25.493838205768135,25.81654501849938,25.228079654107113,25.304010668867406,2437219.0,65214576.0
2021-10-27,25.4843468289231,26.177217338610767,25.285027915177334,25.996881178555075,5251005.0,143032080.0
2021-10-28,25.778579511119233,25.81654501849938,25.10469175512164,25.389433060472737,2755018.0,73847648.0
2021-10-29,25.360958929937624,26.405010382891646,25.20909690041704,26.262639730216097,3817125.0,104435912.0
2021-11-01,26.015863932245146,26.5758551661023,26.00637255540011,26.376536252356534,3099978.0,86012568.0
2021-11-02,26.357553498666462,27.002967124128947,26.091794947005436,26.54738103556719,4650801.0,130435448.0
2021-11-03,26.205691469145876,26.518906905032086,25.911458786949744,26.215182845990913,2589600.0,71315696.0
2021-11-04,26.215182845990913,26.67076893455267,26.148743208075658,26.509415528187045,2751374.0,76688224.0
2021-11-05,26.5758551661023,27.15482915364953,26.205691469145876,26.319587991286316,4382325.0,123395880.0
2021-11-08,26.22467422283595,26.784665456693105,26.12026907754055,26.52839828187712,3082900.0,86198944.0
2021-11-09,26.480941397651936,27.600923865366248,26.39551900604661,27.221268791564786,5911663.0,169338432.0
2021-11-10,27.24025154525486,27.506010096915883,26.83212234091829,26.927036109368654,4479171.0,127807856.0
2021-11-11,27.050424008354128,27.420587705310556,26.765682703003034,26.889070601988507,3668109.0,104655944.0
2021-11-12,26.93652748621369,27.857191040182236,26.879579225143473,27.600923865366248,5535421.0,159922992.0
2021-11-15,27.524992850605955,28.03752720023793,27.12635502311442,27.259234298944932,4649097.0,134292016.0
2021-11-16,27.230760168409823,27.468044589535737,26.00637255540011,26.148743208075658,5481905.0,153995072.0
2021-11-17,26.348062121821428,28.50260466564472,26.291113860751206,27.9521048086326,10183494.0,295469792.0
2021-11-18,27.857191040182236,29.233440682712533,27.629397995901357,28.815820101530925,10805746.0,325767712.0
2021-11-19,28.80632872468589,29.138526914262165,28.47413053510961,28.654466695165304,5877914.0,177975872.0
2021-11-22,28.635483941475233,28.787345970995815,28.14193234553333,28.46463915826457,5217542.0,156365392.0
2021-11-23,28.521587419334793,28.739889086770635,28.09447546130815,28.41718227403939,4635202.0,138896800.0
2021-11-24,28.46463915826457,28.47413053510961,27.619906619056323,27.828716909647124,4878347.0,143605488.0
2021-11-25,27.83820828649216,28.208371983448586,27.534484227450996,27.70532901066165,3211245.0,94248144.0
2021-11-26,27.67685488012654,28.46463915826457,27.449061835845665,27.64838074959143,4741236.0,139828704.0
2021-11-29,27.24025154525486,27.990070316012744,27.145337776804496,27.695837633816613,3715076.0,107931656.0
2021-11-30,27.8476996633372,28.341251259279097,27.38262219793041,27.73380314119676,4670988.0,137295248.0
2021-12-01,27.762277271731868,27.8476996633372,27.07889813888924,27.629397995901357,3147392.0,91110920.0
2021-12-02,27.638889372746394,28.075492707618075,27.12635502311442,27.24025154525486,3638397.0,105372160.0
2021-12-03,27.202286037874714,29.964276699780346,27.15482915364953,29.964276699780346,10834620.0,334163392.0
2021-12-06,30.353423150426845,30.98934539904429,29.29988032062779,29.755466409189545,16679928.0,529467904.0
2021-12-07,30.059190468230714,30.135121482991003,27.9521048086326,28.265320244518808,10515202.0,317876736.0
2021-12-08,28.265320244518808,31.09375054433969,28.09447546130815,31.09375054433969,11917951.0,382606528.0
2021-12-09,31.54933663290145,32.422543302644804,30.097155975610857,30.30596626620166,15882192.0,517428320.0
2021-12-10,30.296474889356627,30.56223344101765,29.556147495443774,29.78394053972465,7723715.0,243307840.0
2021-12-13,29.983259453470417,30.239526628286406,29.242932059557567,29.850380177639906,7081134.0,221837712.0
2021-12-14,29.508690611218594,30.846974746368744,29.48021648068348,30.154104236681075,8906930.0,284179360.0
2021-12-15,30.078173221920785,30.65714720946801,28.834802855220996,29.07208727634691,11930359.0,369823840.0
2021-12-16,29.053104522656838,29.07208727634691,28.30328575189895,28.635483941475233,8549807.0,257229248.0
2021-12-17,28.50260466564472,28.72090633308056,27.809734155957052,28.246337490828733,6636382.0,197699600.0
2021-12-20,27.99956169285778,28.50260466564472,27.68634625697158,27.762277271731868,4055360.0,119493320.0
2021-12-21,27.667363503281504,28.11345821499822,27.619906619056323,27.971087562322673,3500680.0,102741744.0
2021-12-22,27.96159618547764,28.36023401296917,27.809734155957052,28.293794375053913,4911945.0,145515584.0
2021-12-23,28.18938922975851,28.57853568040501,27.819225532802086,28.28430299820888,4729466.0,140829232.0
2021-12-24,28.179897852913477,30.002242207160492,27.809734155957052,29.100561406882022,9098602.0,277004480.0
2021-12-27,29.119544160572094,29.119544160572094,27.28770842948004,28.246337490828733,6861267.0,203833888.0
2021-12-28,28.36023401296917,28.38870814350428,27.86668241702727,28.075492707618075,2980312.0,88162408.0
2021-12-29,28.066001330773037,28.739889086770635,27.99956169285778,28.25582886767377,4308463.0,128734480.0
2021-12-30,27.96159618547764,29.89783706186509,27.64838074959143,29.138526914262165,9999933.0,305969280.0
2021-12-31,29.888345685020052,32.05237960568839,29.4327595964583,32.05237960568839,14308809.0,477401536.0
2022-01-04,33.02999142072714,34.82386164443905,32.74525011537605,33.64693091565452,29296220.0,1036655040.0
2022-01-05,33.267275841853056,34.2638704105819,31.35001771915568,31.54933663290145,18809736.0,642990720.0
2022-01-06,31.435440110761007,32.23271576574408,30.941888514819112,31.54933663290145,11474736.0,382898848.0
2022-01-07,31.530353879211372,31.796112430872398,30.343931773581808,30.467319672567285,9415063.0,307688800.0
2022-01-10,30.182578367216188,31.511371125521304,29.80292329341472,30.733078224228308,8214162.0,265411776.0
2022-01-11,30.69511271684816,31.21713844332517,29.91681981555516,30.002242207160492,5969458.0,191451872.0
2022-01-12,29.945293946090274,30.742569601073342,29.945293946090274,30.22054387459633,5256387.0,167862944.0
2022-01-13,30.182578367216188,30.467319672567285,29.138526914262165,29.176492421642312,6395634.0,199535744.0
2022-01-14,29.4327595964583,29.755466409189545,29.07208727634691,29.309371697472823,4209447.0,130148608.0
2022-01-17,29.499199234373553,30.059190468230714,29.242932059557567,29.97376807662538,5764488.0,180354608.0
2022-01-18,29.726992278654432,29.831397423949834,28.834802855220996,29.15750966795224,5833610.0,180074192.0
2022-01-19,29.148018291107206,29.56563887228881,28.739889086770635,28.86327698575611,4034801.0,123535520.0
2022-01-20,28.796837347840853,29.034121768966767,27.506010096915883,27.54397560429603,5796800.0,171604640.0
2022-01-21,27.695837633816613,28.17040647606844,27.02194987781902,27.57244973483114,4340997.0,126148272.0
2022-01-24,27.477535966380774,27.70532901066165,27.116863646269387,27.15482915364953,3784783.0,108948440.0
2022-01-25,27.506010096915883,27.904647924407417,26.091794947005436,26.58534654294734,6917949.0,196957760.0
2022-01-26,26.58534654294734,26.898561978833545,26.082303570160402,26.594837919792376,3651131.0,102024520.0
2022-01-27,26.177217338610767,26.54738103556719,25.180622769881932,25.180622769881932,4955918.0,134259712.0
2022-01-28,25.360958929937624,26.00637255540011,25.25655378464222,25.67417436582383,4881143.0,131855976.0
2022-02-07,26.101286323850477,26.52839828187712,25.92095016379478,26.215182845990913,3614253.0,99777872.0
2022-02-08,26.129760454385586,26.58534654294734,25.81654501849938,26.291113860751206,3592010.0,99355024.0
2022-02-09,26.148743208075658,26.83212234091829,26.025355309090184,26.63280342717252,3198369.0,89353624.0
2022-02-10,26.52839828187712,26.870087848298432,26.310096614441278,26.66127755770763,3154710.0,88385976.0
2022-02-11,26.461958643961864,26.5758551661023,25.911458786949744,26.129760454385586,3114854.0,85870008.0
2022-02-14,25.882984656414635,26.613820673482447,25.882984656414635,26.101286323850477,3341383.0,92403720.0
2022-02-15,26.281622483906173,26.974492993593838,26.196200092300842,26.461958643961864,3752900.0,104850976.0
2022-02-16,26.41450175973668,26.651786180862594,26.291113860751206,26.518906905032086,2552427.0,71205192.0
2022-02-17,26.38602762920157,26.784665456693105,26.148743208075658,26.423993136581718,3182977.0,88706168.0
2022-02-18,26.281622483906173,26.613820673482447,26.12026907754055,26.594837919792376,3351075.0,93002144.0
2022-02-21,26.55687241241223,28.028035823392894,26.480941397651936,27.420587705310556,6033755.0,173001376.0
2022-02-22,27.392113574775443,27.515501473760917,26.58534654294734,26.765682703003034,4378942.0,124066920.0
2022-02-23,26.813139587228214,27.619906619056323,26.66127755770763,27.392113574775443,4317315.0,123664840.0
2022-02-24,27.4585532126907,28.274811621363842,26.879579225143473,27.73380314119676,9292247.0,270628256.0
2022-02-25,27.335165313705225,27.762277271731868,27.09788089257931,27.145337776804496,5074100.0,146333792.0
2022-02-28,27.145337776804496,27.54397560429603,26.9650016167488,27.145337776804496,3633018.0,104209816.0
2022-03-01,27.069406762044203,28.160915099223406,27.069406762044203,27.638889372746394,4529657.0,131790160.0
2022-03-02,27.506010096915883,27.65787212643647,27.34465669055026,27.65787212643647,2993816.0,86877720.0
2022-03-03,27.714820387506688,27.714820387506688,27.24025154525486,27.506010096915883,3736811.0,108168936.0
2022-03-04,27.335165313705225,27.70532901066165,27.050424008354128,27.24025154525486,2933400.0,84912504.0
2022-03-07,27.24025154525486,27.363639444240334,25.911458786949744,25.987389801710037,5129942.0,142948256.0
2022-03-08,25.84501914903449,26.471450020806902,24.677579797094996,24.74401943501025,4947785.0,132595448.0
2022-03-09,24.94333834875602,25.152148639346823,23.73793348943638,24.94333834875602,5797575.0,149496976.0
2022-03-10,25.313502045712443,25.807053641654345,25.180622769881932,25.285027915177334,2967800.0,79464416.0
2022-03-11,25.10469175512164,25.854510525879522,24.734528058165214,25.769088134274195,2592897.0,69325240.0
2022-03-14,25.807053641654345,28.350742636124135,25.474855452078064,28.350742636124135,14409780.0,424295584.0
2022-03-15,28.635483941475233,29.584621625978887,26.99347574728391,27.249742922099898,29865640.0,899999232.0
2022-03-16,27.002967124128947,28.30328575189895,25.266045161487263,26.74669994931296,19022176.0,530577056.0
2022-03-17,26.3670448755115,29.138526914262165,26.177217338610767,28.455147781419537,21227032.0,618300288.0
2022-03-18,27.885665170717342,28.872768362601146,27.335165313705225,27.971087562322673,11514157.0,340581952.0
2022-03-21,27.96159618547764,28.929716623671364,27.5629583579861,27.714820387506688,10156890.0,300791456.0
2022-03-22,27.724311764351725,28.654466695165304,27.145337776804496,27.230760168409823,7987419.0,232928560.0
2022-03-23,26.908053355678582,28.179897852913477,26.8605964714534,27.54397560429603,8649251.0,251268736.0
2022-03-24,27.28770842948004,27.40160495162048,26.243656976526022,26.27213110706113,8509876.0,239981680.0
2022-03-25,26.196200092300842,26.737208572467924,25.987389801710037,26.461958643961864,5420901.0,150616768.0
2022-03-28,26.101286323850477,26.196200092300842,25.341976176247552,25.474855452078064,5876258.0,158589648.0
2022-03-29,25.62671748159865,26.015863932245146,25.285027915177334,25.446381321542955,4306524.0,116243472.0
2022-03-30,25.51282095945821,25.81654501849938,25.275536538332297,25.778579511119233,3449840.0,93184368.0
2022-03-31,25.67417436582383,25.996881178555075,25.07621762458653,25.3799416836277,4549300.0,122330048.0
2022-04-01,25.199605523572004,25.455872698387992,24.91486421822091,25.33248479940252,2362900.0,62937136.0
2022-04-06,25.152148639346823,25.398924437317774,24.791476319235436,25.019269363516308,2826147.0,74502328.0
2022-04-07,24.962321102446094,25.32299342255748,24.886390087685797,25.142657262501785,3197523.0,84547984.0
2022-04-08,25.142657262501785,25.20909690041704,24.41182124543397,24.77249356554536,3060532.0,79690424.0
2022-04-11,24.66808842024996,24.66808842024996,23.11150261766397,23.18743363242426,4261600.0,106840120.0
2022-04-12,23.20641638611433,23.908778272647037,23.064045733438785,23.851830011576816,3766015.0,93412832.0
2022-04-13,23.823355881041707,23.889795518956966,23.367769792479955,23.43420943039521,2458379.0,61174520.0
2022-04-14,23.43420943039521,23.78539037366156,23.39624392301506,23.614545590450902,2152600.0,53495476.0
2022-04-15,24.01318341794244,24.14606269377295,23.633528344140974,23.794881750506597,3056183.0,76904496.0
2022-04-18,23.614545590450902,24.06064030216762,23.329804285099804,24.051148925322583,2263255.0,56646844.0
2022-04-19,23.965726533717255,24.184028201153094,23.76640761997149,23.832847257886744,2146731.0,54207892.0
2022-04-20,23.84233863473178,24.20301095484317,23.5101404451555,23.62403696729594,1980619.0,49778844.0
2022-04-21,23.62403696729594,23.956235156872218,22.570494137496883,22.69388203648236,2781621.0,67985232.0
2022-04-22,22.72235616701747,22.826761312312872,22.19083906369542,22.352192470061045,2479484.0,58796404.0
2022-04-25,21.972537396259582,22.01050290363973,20.12171891147746,20.12171891147746,5565118.0,121905688.0
2022-04-26,20.216632679927823,20.311546448378188,18.897331298467744,18.982753690073075,4418663.0,91018128.0
2022-04-27,18.792926153172342,20.50137398527892,18.270900426695334,20.150193042012567,4960767.0,101355000.0
2022-04-28,19.97934825880191,20.605779130574323,19.770537968211105,20.150193042012567,3337228.0,70955728.0
2022-04-29,20.311546448378188,21.260684132881842,20.235615433617895,21.108822103361256,3303762.0,72594144.0
2022-05-05,21.07085659598111,22.28575283214579,20.900011812770455,21.792201236203887,4063853.0,93372928.0
2022-05-06,21.27017550972688,22.05795978786491,21.194244494966586,21.602373699303158,3022409.0,69084488.0
2022-05-09,21.602373699303158,22.456597615356447,21.40305478555739,21.963046019414545,2370597.0,55092704.0
2022-05-10,21.820675366738996,22.72235616701747,21.554916815077977,22.49456312273659,3386883.0,79696216.0
2022-05-11,22.49456312273659,22.9121837039182,22.143382179470237,22.20033044054046,3861700.0,91749896.0
2022-05-12,22.342701093216007,22.6274423985671,22.0294856573298,22.3142269626809,2522152.0,59384596.0
2022-05-13,22.55151138380681,22.69388203648236,22.209821817385492,22.49456312273659,1994551.0,47166792.0
2022-05-16,22.504054499581628,23.02608022605864,22.162364933160315,22.28575283214579,2647088.0,62829968.0
2022-05-17,22.22880457107557,22.428123484821334,22.00101152679469,22.209821817385492,2230268.0,52169536.0
2022-05-18,22.266770078455714,23.832847257886744,22.09592529524506,23.253873270339515,7082946.0,172958432.0
2022-05-19,23.47672288918027,23.57361402780668,23.156982131713097,23.341075295103288,3951190.0,95039264.0
2022-05-20,23.341075295103288,23.660816052570457,23.040712765361402,23.467033775317624,2909543.0,70023472.0
2022-05-23,23.447655547592344,23.505790230768195,23.215116814888948,23.49610111690555,2636741.0,63605992.0
2022-05-24,23.54454668621876,24.358432250680643,22.63376998313046,22.63376998313046,5760225.0,139571536.0
2022-05-25,22.575635299954612,22.924443399009704,22.39154213656442,22.78879580493272,2951122.0,69069784.0
2022-05-26,22.78879580493272,23.738328963471588,22.672526438581023,23.360453522828568,4330405.0,103943568.0
2022-05-27,24.707240349735734,25.695529963725164,23.757707191196868,24.75568591904894,13101120.0,335412384.0
2022-05-30,24.75568591904894,26.819467171791572,24.41656693385649,26.063716290505536,14671655.0,387395744.0
2022-05-31,25.453302117159126,25.559882369648182,24.89133351312592,25.07542667651611,8386741.0,217446864.0
2022-06-01,25.07542667651611,26.024959835054972,24.88164439926328,25.62770616668667,7515768.0,197724256.0
2022-06-02,25.385478320120637,25.92806869642856,25.20138515673045,25.66646262213724,4882830.0,128536688.0
2022-06-06,25.579260597373462,26.063716290505536,25.104494018104035,25.899001354840635,6049542.0,159779040.0
2022-06-07,25.87962312711535,26.60630666681346,25.62770616668667,25.976514265741763,6154997.0,164948304.0
2022-06-08,25.918379582565915,26.09278363209346,25.065737562653467,25.773042874626295,5859633.0,154636288.0
2022-06-09,25.773042874626295,25.811799330076862,25.191696042867807,25.75366464690101,4074243.0,107261240.0
2022-06-10,25.53081502806026,26.25749856775837,25.49205857260969,26.121850973681386,6355247.0,170969104.0
2022-06-13,26.063716290505536,26.54817198363761,25.86993401325271,26.373767934110063,5922138.0,160458160.0
2022-06-14,26.044338062780255,27.303922864923646,25.79242110235158,27.022938562907044,7515351.0,205417824.0
2022-06-15,26.92604742428063,27.032627676769682,26.179985656857237,26.247809453895727,5238800.0,144024208.0
2022-06-16,26.228431226170443,26.393146161835347,26.054027176642897,26.25749856775837,3094880.0,83718408.0
2022-06-17,25.995892493467046,26.790399830203647,25.995892493467046,26.577239325225534,3864702.0,105677728.0
2022-06-20,26.567550211362896,27.1295188153961,26.25749856775837,26.838845399516856,4163900.0,115099184.0
2022-06-21,26.674130463851952,27.294233751061007,26.160607429131954,26.645063122264027,5384143.0,148703440.0
2022-06-22,26.557861097500254,27.061695018357607,26.28656590934629,26.3350114786595,3408910.0,93612928.0
2022-06-23,26.209052998445163,27.226409954022515,26.083094518230823,27.148897043121384,5988165.0,165532288.0
2022-06-24,27.17796438470931,28.06936286007232,27.05200590449497,27.817445899643644,7229120.0,206721360.0
2022-06-27,27.565528939214964,27.67210919170402,26.896980082692707,27.08107324608289,6402308.0,179354432.0
2022-06-28,27.032627676769682,27.555839825352326,26.703197805439874,27.420192231275344,5263753.0,148373760.0
2022-06-29,27.40081400355006,27.565528939214964,26.150918315269312,26.179985656857237,5643149.0,155815552.0
2022-06-30,26.179985656857237,26.838845399516856,26.160607429131954,26.354389706384783,4074156.0,110927352.0
2022-07-01,26.34470059252214,26.58692843908818,25.966825151879124,26.54817198363761,3380502.0,91628552.0
2022-07-04,26.519104642049687,26.838845399516856,25.86993401325271,26.499726414324407,4145989.0,113313328.0
2022-07-05,26.53848286977497,26.58692843908818,25.773042874626295,26.2187421123078,3203102.0,86429080.0
2022-07-06,26.2187421123078,26.809778057928934,26.063716290505536,26.25749856775837,3430900.0,93497704.0
2022-07-07,26.160607429131954,27.119829701533458,26.063716290505536,26.906669196555345,6282308.0,173871824.0
2022-07-08,26.88729096883006,27.168275270846664,26.557861097500254,26.58692843908818,3438600.0,95031296.0
2022-07-11,26.451280845011198,26.993871221319118,25.685840849862522,25.995892493467046,3664600.0,98362168.0
2022-07-12,25.966825151879124,26.315633250934216,25.656773508274597,25.656773508274597,2759557.0,73856104.0
2022-07-13,25.637395280549313,25.908690468703274,25.356410978532715,25.714908191450444,2199756.0,58120644.0
2022-07-14,25.67615173599988,28.011228176896473,25.62770616668667,27.071384132220253,9672523.0,271911232.0
2022-07-15,27.0132494490444,27.34267932037421,26.499726414324407,26.60630666681346,4993611.0,138455552.0
2022-07-18,26.625684894538743,26.93573653814327,26.393146161835347,26.80008894406629,3406214.0,93714392.0
2022-07-19,26.751643374753083,27.710865647154588,26.674130463851952,27.352368434236855,5719199.0,161627296.0
2022-07-20,27.555839825352326,28.19532134028666,27.255477295610437,27.953093493720626,6943894.0,199753280.0
2022-07-21,28.282523365050434,28.282523365050434,27.497705142176475,27.497705142176475,5467261.0,156341072.0
2022-07-22,27.77868944419308,28.175943112561377,27.458948686725908,27.691487419429304,5284820.0,151490592.0
2022-07-25,27.691487419429304,28.175943112561377,26.92604742428063,27.05200590449497,4657000.0,131775888.0
2022-07-26,26.93573653814327,27.19734261243459,26.25749856775837,26.964803879731193,3615300.0,99947688.0
2022-07-27,27.08107324608289,27.885269696682133,26.78071071634101,27.710865647154588,5103847.0,145280144.0
2022-07-28,27.836824127368928,28.059673746209683,27.517083369901755,27.87558058281949,4254000.0,121895512.0
2022-07-29,27.78837855805572,27.93371526599534,27.294233751061007,27.633352736253457,3665400.0,104300856.0
2022-08-01,27.73024387487987,27.982160835308548,27.032627676769682,27.17796438470931,3782648.0,106525448.0
2022-08-02,27.216720840159873,27.710865647154588,25.685840849862522,26.431902617285914,7850112.0,214445568.0
2022-08-03,26.431902617285914,27.856202355094208,26.305944137071574,27.032627676769682,9982649.0,281797696.0
2022-08-04,27.1295188153961,27.2457881817478,26.40283527569799,26.80008894406629,4707853.0,129633016.0
2022-08-05,26.761332488615725,27.517083369901755,26.34470059252214,27.362057548099493,5599462.0,155664048.0
2022-08-08,27.904647924407417,28.282523365050434,27.47832691445119,28.00153906303383,6952121.0,200544720.0
2022-08-09,28.049984632347037,28.33096893436364,27.555839825352326,28.146875770973455,6147483.0,177489824.0
2022-08-10,28.19532134028666,28.641020577968167,27.914337038270055,28.049984632347037,5407300.0,157683184.0
2022-08-11,28.19532134028666,28.524751211616472,27.759311216467793,27.827135013506282,4342784.0,125077032.0
2022-08-12,27.769000330330435,27.885269696682133,27.042316790632327,27.139207929258742,4259305.0,120445992.0
2022-08-15,27.187653498571947,27.313611978786287,26.819467171791572,26.98418210745648,3414875.0,95324512.0
2022-08-16,26.993871221319118,27.410503117412702,26.838845399516856,27.27485552333572,2621775.0,73511344.0
2022-08-17,27.27485552333572,27.27485552333572,26.712886919302516,26.790399830203647,3610751.0,100228296.0
2022-08-18,26.7322651470278,27.1295188153961,26.645063122264027,26.964803879731193,3384213.0,93805392.0
2022-08-19,26.93573653814327,27.071384132220253,26.09278363209346,26.121850973681386,4499370.0,122489984.0
2022-08-22,26.102472745956106,26.52879375591233,25.86993401325271,26.431902617285914,3214854.0,87083048.0
2022-08-23,26.373767934110063,26.645063122264027,26.102472745956106,26.160607429131954,2683359.0,72841928.0
2022-08-24,26.247809453895727,26.499726414324407,25.15293958741724,25.182006929005162,4211074.0,111064192.0
2022-08-25,25.09480490424139,25.67615173599988,24.80413148836215,25.404856547845917,3344201.0,86674216.0
2022-08-26,25.288587181494222,26.015270721192334,25.211074270593087,25.773042874626295,3042062.0,80361224.0
2022-08-29,25.462991231021768,26.024959835054972,25.123872245829315,25.957136038016483,2623620.0,69654432.0
2022-08-30,26.015270721192334,26.121850973681386,25.569571483510824,25.773042874626295,1878000.0,49978108.0
2022-08-31,25.831177557802143,25.966825151879124,25.307965409219506,25.966825151879124,2312525.0,61176424.0
2022-09-01,26.024959835054972,26.567550211362896,25.579260597373462,25.637395280549313,3654581.0,98765240.0
2022-09-02,25.48236945874705,25.637395280549313,25.1432504735546,25.240141612181016,2608600.0,68184776.0
2022-09-05,25.13356135969196,25.317654523082144,24.901022626988564,25.172317815142524,1702116.0,44067736.0
2022-09-06,25.259519839906297,25.966825151879124,25.191696042867807,25.685840849862522,2750007.0,72833224.0
2022-09-07,25.647084394411955,26.557861097500254,25.588949711236108,26.47065907273648,4755114.0,127972360.0
2022-09-08,26.509415528187045,26.906669196555345,26.305944137071574,26.509415528187045,3289435.0,90244312.0
2022-09-09,27.100451473808175,27.439570459000628,26.68381957771459,27.1295188153961,4886822.0,136552896.0
2022-09-13,27.32330109264893,28.049984632347037,27.303922864923646,27.565528939214964,5745558.0,163772736.0
2022-09-14,27.148897043121384,27.78837855805572,27.0132494490444,27.352368434236855,4852402.0,137451360.0
2022-09-15,27.39112488968742,27.57521805307761,26.160607429131954,26.451280845011198,3793779.0,104428376.0
2022-09-16,26.451280845011198,27.022938562907044,26.14122920140667,26.160607429131954,3099201.0,85012592.0
2022-09-19,26.247809453895727,26.3350114786595,24.88164439926328,25.01729199334026,4378191.0,114666696.0
2022-09-20,25.220763384455733,25.4242347755712,24.89133351312592,24.94946819630177,2640780.0,68338912.0
2022-09-21,24.93008996857649,24.978535537889694,24.009624151625548,24.80413148836215,2954400.0,74730872.0
2022-09-22,24.75568591904894,25.74397553303837,24.668483894285167,25.375789206257995,3390531.0,88769016.0
2022-09-23,25.433923889433842,26.60630666681346,25.007602879477616,25.404856547845917,4294066.0,113686504.0
2022-09-26,25.01729199334026,25.07542667651611,24.184028201153094,24.232473770466303,3511409.0,89323832.0
2022-09-27,24.36812136454328,24.649105666559887,24.13558263183989,24.465012503169696,2169529.0,54524036.0
2022-09-28,24.465012503169696,24.80413148836215,23.457344661454986,23.602681369394606,3039439.0,75204440.0
2022-09-29,23.738328963471588,24.029002379350832,22.88568694355914,23.176360359438384,2462451.0,59413952.0
2022-09-30,23.137603903987817,23.360453522828568,22.459365933602914,22.507811502916123,2574870.0,60417776.0
2022-10-10,22.662837324718385,22.82755226038329,21.819884418668575,21.8489517602565,2338141.0,53522960.0
2022-10-11,21.89739732956971,22.23651631476216,21.597034799827824,22.09117960682254,1464553.0,33192614.0
2022-10-12,22.09117960682254,22.779106691070083,21.89739732956971,22.740350235619516,2092551.0,48080208.0
2022-10-13,22.672526438581023,23.060090993086686,22.575635299954612,22.808174032658005,1795178.0,42295252.0
2022-10-14,22.914754285147062,23.23449504261423,22.914754285147062,23.215116814888948,2000780.0,47776512.0
2022-10-17,23.215116814888948,23.63174871098253,23.040712765361402,23.47672288918027,2088100.0,50487804.0
2022-10-18,23.54454668621876,23.738328963471588,23.370142636691213,23.457344661454986,1881023.0,45702136.0
2022-10-19,23.418588206004422,23.864287443685924,23.312007953515362,23.389520864416497,2226288.0,54342084.0
2022-10-20,23.166671245575742,23.62205959711989,22.817863146520647,23.312007953515362,2489497.0,59745528.0
2022-10-21,23.312007953515362,23.63174871098253,23.09884744853725,23.28294061192744,1476600.0,35581560.0
2022-10-24,23.28294061192744,24.106515290251963,23.28294061192744,23.47672288918027,3441374.0,84283808.0
2022-10-25,23.28294061192744,23.77708541892215,23.156982131713097,23.583303141669322,2493600.0,60569472.0
2022-10-26,23.54454668621876,25.9377578102912,23.42827731986706,25.9377578102912,12289540.0,321488704.0
2022-10-27,25.49205857260969,26.557861097500254,25.443613003296488,26.112161859818745,11707071.0,316561568.0
2022-10-28,26.160607429131954,26.693508691577236,24.959157310164414,25.15293958741724,6064187.0,160971168.0
2022-10-31,24.997913765614978,25.48236945874705,24.571592755658752,25.220763384455733,4176264.0,108321384.0
2022-11-01,25.172317815142524,25.453302117159126,24.842887943812716,25.32734363694479,3463124.0,90005352.0
2022-11-02,25.337032750807428,25.860244899390068,25.191696042867807,25.5405041419229,3794151.0,99670816.0
2022-11-03,25.385478320120637,25.94744692415384,25.220763384455733,25.695529963725164,3795951.0,100488176.0
2022-11-04,25.608327938961388,26.112161859818745,25.53081502806026,25.87962312711535,4331849.0,115615432.0
2022-11-07,26.015270721192334,26.199363884582517,25.501747686472335,25.773042874626295,3012777.0,80197512.0
2022-11-08,25.734286419175728,25.86993401325271,25.288587181494222,25.647084394411955,2405861.0,63504944.0
2022-11-09,25.79242110235158,26.044338062780255,25.337032750807428,25.385478320120637,3006098.0,79445624.0
2022-11-10,25.317654523082144,25.443613003296488,24.823509716087433,25.09480490424139,2756256.0,71255608.0
2022-11-11,25.443613003296488,25.831177557802143,24.89133351312592,25.065737562653467,2995712.0,77971416.0
2022-11-14,25.065737562653467,25.26920895376894,24.62003832497196,24.668483894285167,2604011.0,66903264.0
2022-11-15,24.629727438834603,25.15293958741724,24.465012503169696,25.1432504735546,2309173.0,59460156.0
2022-11-16,25.09480490424139,25.714908191450444,25.007602879477616,25.13356135969196,3029275.0,79419960.0
2022-11-17,25.07542667651611,25.366100092395353,24.590970983384036,25.26920895376894,2629922.0,67594648.0
2022-11-18,25.191696042867807,25.53081502806026,24.775064146774223,24.794442374499507,2376500.0,61570304.0
2022-11-21,24.707240349735734,25.065737562653467,24.377810478405923,25.056048448790825,1667280.0,42745844.0
2022-11-22,24.920400854713844,25.55019325578554,24.80413148836215,24.87195528540064,3145214.0,81651944.0
2022-11-23,24.87195528540064,25.433923889433842,24.68786212201045,25.249830726043655,3069902.0,79541152.0
2022-11-24,25.114183131966676,25.521125914197615,24.93008996857649,25.036670221065542,2198805.0,57043044.0
2022-11-25,24.901022626988564,25.1432504735546,24.81382060222479,25.08511579037875,1275811.0,32969110.0
2022-11-28,24.81382060222479,24.823509716087433,23.612370483257248,24.009624151625548,6373629.0,158149856.0
2022-11-29,24.184028201153094,24.80413148836215,24.009624151625548,24.41656693385649,2995754.0,75472672.0
2022-11-30,24.465012503169696,24.707240349735734,24.251851998191587,24.629727438834603,3150055.0,79633744.0
2022-12-01,24.73630769132366,25.104494018104035,24.69755123587309,24.83319882995007,2848050.0,73187456.0
2022-12-02,24.83319882995007,25.046359334928187,24.629727438834603,24.707240349735734,1758512.0,44979744.0
2022-12-05,24.959157310164414,25.48236945874705,24.63941655269724,24.997913765614978,3502025.0,90486848.0
2022-12-06,24.87195528540064,25.1432504735546,24.707240349735734,25.007602879477616,2644430.0,68071064.0
2022-12-07,25.007602879477616,25.104494018104035,24.76537503291158,24.81382060222479,1595691.0,41065644.0
2022-12-08,24.75568591904894,27.294233751061007,24.68786212201045,27.294233751061007,12316017.0,335698976.0
2022-12-09,27.1295188153961,27.294233751061007,26.460969958873836,26.499726414324407,10843433.0,299779392.0
2022-12-12,26.49003730046176,26.92604742428063,26.32532236479686,26.761332488615725,4934374.0,135753328.0
2022-12-13,26.625684894538743,26.771021602478363,25.831177557802143,26.112161859818745,3918537.0,105886680.0
2022-12-14,26.063716290505536,26.354389706384783,25.86993401325271,25.995892493467046,3239796.0,87102152.0
2022-12-15,26.015270721192334,26.160607429131954,25.8214884439395,26.083094518230823,2004503.0,53800984.0
2022-12-16,25.87962312711535,25.966825151879124,25.521125914197615,25.62770616668667,2431789.0,64446908.0
2022-12-19,25.559882369648182,25.850555785527426,25.191696042867807,25.259519839906297,2685218.0,70645544.0
2022-12-20,25.1432504735546,25.647084394411955,25.1432504735546,25.579260597373462,2094700.0,55059888.0
2022-12-21,25.588949711236108,25.62770616668667,24.94946819630177,25.046359334928187,2163500.0,56365380.0
2022-12-22,25.08511579037875,25.414545661708562,24.784753260636865,24.794442374499507,1913602.0,49416604.0
2022-12-23,24.794442374499507,24.852577057675354,23.835220102098003,24.358432250680643,2806600.0,70320240.0
2022-12-26,24.610349211109316,25.298276295356864,24.40687781999385,25.191696042867807,2588121.0,66844820.0
2022-12-27,25.191696042867807,25.27889806763158,24.94946819630177,25.0269811072029,1252029.0,32386380.0
2022-12-28,24.94946819630177,25.26920895376894,24.707240349735734,24.959157310164414,1621956.0,41782060.0
2022-12-29,24.716929463598376,25.356410978532715,24.716929463598376,25.065737562653467,1721371.0,44578296.0
2022-12-30,25.298276295356864,25.48236945874705,25.07542667651611,25.240141612181016,2101604.0,54821612.0
2023-01-03,25.0269811072029,25.385478320120637,24.978535537889694,25.366100092395353,3462288.0,90235224.0
2023-01-04,25.356410978532715,25.48236945874705,25.123872245829315,25.404856547845917,2198780.0,57496220.0
2023-01-05,25.404856547845917,25.559882369648182,25.307965409219506,25.5405041419229,1887468.0,49585000.0
2023-01-06,25.5405041419229,26.102472745956106,25.34672186467007,25.49205857260969,3657880.0,97060880.0
2023-01-09,25.521125914197615,25.637395280549313,25.240141612181016,25.4242347755712,2809480.0,73728288.0
2023-01-10,25.53081502806026,25.608327938961388,24.75568591904894,25.114183131966676,3192806.0,82382360.0
2023-01-11,25.240141612181016,25.32734363694479,24.41656693385649,24.47470161703234,2684721.0,68666736.0
2023-01-12,22.02335580978405,22.02335580978405,22.02335580978405,22.02335580978405,4439200.0,100903016.0
2023-01-13,19.882061646140283,21.703615052316877,19.882061646140283,20.66687986901424,39849700.0,844746304.0
2023-01-16,20.153356834294247,20.599056071975753,19.99833101249198,20.259937086783303,30072972.0,626960704.0
2023-01-17,20.153356834294247,20.51185404721198,20.095222151118396,20.298693542233867,15226231.0,318816576.0
2023-01-18,20.279315314508583,20.70563632446481,20.12428949270632,20.68625809673953,13228772.0,278524416.0
2023-01-19,20.657190755151603,22.352785681113858,20.44403025017349,21.4516980918882,21317208.0,471743008.0
2023-01-20,21.316050497811222,21.703615052316877,21.209470245322166,21.703615052316877,12519576.0,277209472.0
2023-01-30,22.808174032658005,23.87397655754857,22.28496188407537,23.87397655754857,20526300.0,495521632.0
2023-01-31,24.997913765614978,26.25749856775837,24.358432250680643,26.25749856775837,47873540.0,1264803840.0
2023-02-01,26.645063122264027,28.8832484245342,26.635374008401385,28.8832484245342,40846432.0,1174580736.0
2023-02-02,30.03625297418854,30.947029677276838,25.995892493467046,27.73993298874251,63037032.0,1873051520.0
2023-02-03,28.59257500865496,30.51101955345797,28.049984632347037,30.51101955345797,69556384.0,2139645568.0
2023-02-06,30.423817528694197,31.198946637705518,27.904647924407417,28.059673746209683,56492992.0,1696478336.0
2023-02-07,27.613974508528173,27.77868944419308,26.26718768162101,26.53848286977497,42923120.0,1185475200.0
2023-02-08,26.53848286977497,27.32330109264893,26.160607429131954,26.722576033165158,37383960.0,1034833728.0
2023-02-09,26.160607429131954,27.090762359945536,25.966825151879124,26.451280845011198,32010856.0,872172672.0
2023-02-10,26.38345704797271,26.38345704797271,25.337032750807428,25.433923889433842,31644520.0,836384256.0
2023-02-13,25.47268034488441,25.802110216214217,25.337032750807428,25.62770616668667,21795894.0,574897280.0
2023-02-14,25.88931224097799,26.044338062780255,25.511436800334973,25.53081502806026,22297680.0,592760512.0
2023-02-15,25.298276295356864,25.860244899390068,25.07542667651611,25.511436800334973,19564896.0,512838464.0
2023-02-16,25.20138515673045,25.385478320120637,24.058069720938754,24.47470161703234,22616294.0,580436608.0
2023-02-17,24.465012503169696,24.542525414070827,23.903043899136495,24.116204404114605,14643303.0,365468576.0
2023-02-20,24.125893517977243,24.329364909092718,23.883665671411208,24.309986681367434,9859001.0,245925520.0
2023-02-21,24.319675795230076,24.68786212201045,24.251851998191587,24.523147186345543,12975828.0,327943232.0
2023-02-22,24.319675795230076,24.445634275444416,24.029002379350832,24.43594516158177,8809867.0,220542048.0
2023-02-23,24.41656693385649,24.523147186345543,24.213095542741016,24.261541112054225,8373009.0,210576176.0
2023-02-24,24.319675795230076,24.49407984475762,24.184028201153094,24.271230225916867,8246768.0,207015504.0
2023-02-27,24.106515290251963,24.22278465660366,23.612370483257248,23.709261621883662,9735450.0,239893424.0
2023-02-28,23.922422126861775,23.961178582312343,23.399209978279135,23.951489468449697,5993980.0,147286864.0
2023-03-01,23.912733012999134,24.28091933977951,23.82553098823536,24.271230225916867,8177665.0,203192128.0
2023-03-02,24.358432250680643,24.49407984475762,24.058069720938754,24.07744794866404,9465039.0,236972240.0
2023-03-03,24.397188706131207,24.94946819630177,24.309986681367434,24.75568591904894,18557666.0,472829088.0
2023-03-06,24.901022626988564,25.056048448790825,24.329364909092718,25.0269811072029,14659208.0,373806752.0
2023-03-07,24.842887943812716,24.842887943812716,23.980556810037623,23.980556810037623,13388880.0,336806656.0
2023-03-08,23.738328963471588,24.319675795230076,23.62205959711989,24.08713706252668,6613115.0,164100144.0
2023-03-09,24.029002379350832,24.14527174570253,23.35076440896593,23.583303141669322,8018063.0,195999968.0
2023-03-10,23.35076440896593,25.5405041419229,23.156982131713097,24.89133351312592,24210358.0,612298880.0
2023-03-13,24.09682617638932,24.43594516158177,23.883665671411208,24.271230225916867,14318098.0,356969856.0
2023-03-14,23.94180035458706,24.14527174570253,23.399209978279135,23.563924913944042,8780387.0,215057056.0
2023-03-15,23.583303141669322,23.728639849608943,23.457344661454986,23.534857572356117,5969407.0,145248880.0
2023-03-16,23.30231883965272,23.408899092141777,22.469055047465556,22.498122389053478,10023650.0,236496208.0
2023-03-17,22.6434590969931,22.750039349482158,22.498122389053478,22.498122389053478,5667805.0,132247664.0
2023-03-20,22.546567958366687,22.924443399009704,22.16869251772367,22.653148210855743,6183102.0,144080928.0
2023-03-21,22.90506517128442,23.23449504261423,22.895376057421778,23.089158334674607,7842364.0,186949472.0
2023-03-22,23.118225676262533,23.23449504261423,22.808174032658005,23.001956309910835,5627277.0,133334232.0
2023-03-23,22.866308715833856,23.186049473301022,22.759728463344796,23.108536562399895,6230287.0,147495568.0
2023-03-24,23.07946922081197,23.07946922081197,22.88568694355914,22.95351074059763,4386431.0,103910896.0
2023-03-27,22.95351074059763,23.07946922081197,22.662837324718385,22.68221555244367,5127170.0,120629360.0
2023-03-28,22.817863146520647,22.895376057421778,22.53687884450405,22.711282894031594,4037094.0,94709528.0
2023-03-29,22.711282894031594,22.856619601971214,22.498122389053478,22.55625707222933,3962053.0,92691960.0
2023-03-30,22.604702641542534,22.6434590969931,22.18807074544895,22.37216390883914,5142818.0,118536776.0
2023-03-31,22.449676819740272,22.6434590969931,22.362474794976496,22.62408086926782,3522819.0,81814736.0
2023-04-03,22.62408086926782,22.943821626734987,22.614391755405176,22.84693048810857,5316628.0,125113664.0
2023-04-04,22.84693048810857,22.856619601971214,22.43998770587763,22.478744161328198,5128153.0,119630384.0
2023-04-06,22.478744161328198,22.672526438581023,22.09117960682254,22.63376998313046,5086511.0,117318792.0
2023-04-07,22.63376998313046,22.808174032658005,22.575635299954612,22.662837324718385,3530409.0,82623536.0
2023-04-10,22.68221555244367,22.750039349482158,22.2462054286248,22.381853022701783,4353100.0,100790928.0
2023-04-11,22.449676819740272,22.449676819740272,22.09117960682254,22.197759859311596,3810583.0,87205696.0
2023-04-12,22.207448973174237,22.48843327519084,22.13962517613575,22.43998770587763,3542644.0,81726656.0
2023-04-13,22.420609478152347,22.653148210855743,22.2462054286248,22.507811502916123,3762390.0,87237904.0
2023-04-14,22.507811502916123,22.546567958366687,22.30434011180065,22.43029859201499,3356611.0,77668752.0
2023-04-17,22.43998770587763,22.459365933602914,22.28496188407537,22.343096567251216,2686100.0,61973156.0
2023-04-18,22.343096567251216,22.51750061677876,22.314029225663294,22.469055047465556,2897520.0,67016572.0
2023-04-19,22.43029859201499,22.459365933602914,21.89739732956971,21.916775557294994,5941110.0,135209648.0
2023-04-20,21.819884418668575,22.071801379097256,21.558278344377257,21.97491024047084,4050184.0,90858320.0
2023-04-21,21.936153785020274,22.37216390883914,21.606723913690466,21.655169483003675,5155897.0,117247120.0
2023-04-24,21.819884418668575,21.819884418668575,21.13195733442103,21.209470245322166,3973763.0,87303000.0
2023-04-25,21.209470245322166,21.354806953261786,20.502164933349338,20.78314923536594,4259275.0,91633624.0
2023-04-26,20.73470366605273,21.141646448283677,20.695947210602167,21.015687968069336,3200026.0,69436768.0
2023-04-27,21.03506619579462,21.29667227008594,20.85097303240443,21.170713789871602,3123731.0,68171640.0
2023-04-28,20.860662146267074,21.480765433476126,20.79283834922858,21.403252522574995,3491097.0,76286248.0
2023-05-04,21.354806953261786,21.684236824591597,21.277294042360655,21.422630750300275,2707468.0,59925832.0
2023-05-05,21.44200897802556,21.50014366120141,20.996309740344053,21.22884847304745,2879732.0,63010140.0
2023-05-08,21.219159359184804,22.16869251772367,21.190092017596882,21.955532012745557,6736840.0,151584384.0
2023-05-09,21.810195304805937,22.595013527679896,21.810195304805937,21.994288468196125,7934268.0,182442960.0
2023-05-10,21.90708644343235,22.129936062273103,21.703615052316877,22.062112265234614,3936465.0,89059224.0
2023-05-11,22.09117960682254,22.43029859201499,21.752060621630086,21.8489517602565,3888186.0,88393672.0
2023-05-12,21.89739732956971,21.89739732956971,21.306361383948577,21.335428725536502,3602417.0,79932184.0
2023-05-15,21.345117839399148,21.616413027553104,21.209470245322166,21.57765657210254,2670535.0,59049300.0
2023-05-16,21.616413027553104,21.616413027553104,21.277294042360655,21.29667227008594,2570869.0,56725628.0
2023-05-17,21.306361383948577,21.713304166179523,21.190092017596882,21.616413027553104,3343164.0,74251912.0
2023-05-18,21.519521888926693,21.732682393904803,21.39356340871235,21.548589230514615,3036597.0,67517576.0
2023-05-19,21.43231986416292,21.558278344377257,21.29667227008594,21.39356340871235,2495698.0,55167684.0
2023-05-22,21.354806953261786,21.50014366120141,21.170713789871602,21.461387205750842,2802497.0,61769740.0
2023-05-23,21.38387429484971,21.471076319613484,21.08351176510783,21.093200878970467,2661502.0,58345856.0
2023-05-24,21.073822651245184,21.190092017596882,20.909107715580276,20.928485943305564,2007483.0,43604028.0
2023-05-25,20.928485943305564,21.08351176510783,20.57967784425047,20.880040373992355,2460847.0,52859768.0
2023-05-26,21.025377081931975,21.199781131459524,20.70563632446481,21.18040290373424,2732735.0,59218924.0
2023-05-29,21.509832775064048,21.89739732956971,21.325739611673864,21.39356340871235,5067200.0,112918112.0
2023-05-30,21.24822670077273,21.286983156223297,20.97693151261877,21.170713789871602,3096003.0,67451792.0
2023-05-31,21.56735479764437,21.79542337711371,21.43844647011822,21.626850948810283,2912664.0,63678716.0
2023-06-01,21.67643107478188,21.874751578668263,21.43844647011822,21.716095175559158,2969484.0,64989132.0
2023-06-02,21.716095175559158,21.86483555347395,21.716095175559158,21.835087477890987,2406801.0,52928184.0
2023-06-05,21.934247729834183,22.073072082554653,21.696263125170518,21.735927225947798,2318695.0,51100776.0
2023-06-06,21.735927225947798,21.735927225947798,21.170713789871602,21.200461865454557,2726254.0,58861688.0
2023-06-07,21.349202243369348,21.349202243369348,21.121133663900004,21.15088173948296,1570727.0,33574000.0
2023-06-08,21.16079776467728,21.220293915843193,21.03188943715113,21.111217638705682,1668400.0,35533588.0
2023-06-09,21.121133663900004,21.497942621284135,21.101301613511364,21.40869839453526,2260300.0,48606968.0
2023-06-12,21.259958016620473,21.745843251142116,21.259958016620473,21.70617915036484,2818925.0,61196940.0
2023-06-13,21.6863470999762,21.84500350308531,21.57727082283869,21.636766974004605,2570726.0,56250876.0
2023-06-14,21.755759276336438,21.755759276336438,21.170713789871602,21.339286218175026,3451722.0,74562944.0
2023-06-15,21.339286218175026,21.874751578668263,21.25004199142615,21.696263125170518,4505451.0,97958888.0
2023-06-16,21.81525542750235,22.013575931388736,21.70617915036484,21.81525542750235,4401300.0,97141648.0
2023-06-19,21.765675301530752,22.003659906194418,21.646682999198923,21.726011200753476,3346200.0,73537248.0
2023-06-20,21.755759276336438,22.043324006971694,21.54752274725573,21.894583629056903,5179896.0,114280584.0
2023-06-21,21.79542337711371,21.894583629056903,21.497942621284135,21.537606722061412,3771727.0,82239096.0
2023-06-26,21.517774671672772,21.587186848033006,21.15088173948296,21.210377890648875,3665900.0,78779512.0
2023-06-27,21.220293915843193,21.43844647011822,21.15088173948296,21.40869839453526,2633446.0,56607684.0
2023-06-28,21.319454167786386,21.56735479764437,20.942645210402258,21.507858646478454,3652912.0,78322472.0
2023-06-29,21.497942621284135,21.914415679445543,21.40869839453526,21.765675301530752,4817156.0,105890680.0
2023-06-30,21.81525542750235,22.102820158137607,21.735927225947798,21.95407978022282,4195525.0,92900592.0
2023-07-03,22.013575931388736,22.340804762801273,22.003659906194418,22.073072082554653,4673427.0,104244352.0
2023-07-04,22.08298810774897,22.400300913967186,22.003659906194418,22.31105668721831,5864805.0,131801512.0
2023-07-05,22.320972712412633,22.350720787995588,21.934247729834183,21.963995805417138,4001803.0,89273136.0
2023-07-06,22.013575931388736,22.09290413294329,21.79542337711371,22.013575931388736,3055000.0,67605112.0
2023-07-07,21.92433170463986,22.172232334497842,21.92433170463986,22.023491956583054,2854564.0,63465504.0
2023-07-10,22.102820158137607,22.261476561246717,21.92433170463986,21.95407978022282,2843800.0,63250624.0
2023-07-11,21.944163755028498,22.370552838384228,21.894583629056903,22.320972712412633,5004513.0,112201632.0
2023-07-12,22.340804762801273,22.46971309032742,22.043324006971694,22.102820158137607,4203387.0,94529056.0
2023-07-13,22.11273618333193,22.22181246046944,21.894583629056903,22.11273618333193,3766998.0,83696088.0
2023-07-14,22.132568233720566,22.182148359692164,21.735927225947798,21.765675301530752,4160793.0,91701160.0
2023-07-17,21.716095175559158,21.716095175559158,21.39878236934094,21.716095175559158,3144924.0,68325080.0
2023-07-18,21.696263125170518,22.320972712412633,21.527690696867094,22.08298810774897,4712763.0,104585944.0
2023-07-19,22.023491956583054,22.152400284109206,21.86483555347395,21.95407978022282,2263655.0,50178268.0
2023-07-20,22.013575931388736,22.043324006971694,21.626850948810283,21.646682999198923,2531800.0,55752224.0
2023-07-21,21.616934923615965,21.835087477890987,21.507858646478454,21.56735479764437,2268987.0,49510576.0
2023-07-24,21.57727082283869,21.67643107478188,21.448362495312537,21.468194545701174,1662101.0,36115640.0
2023-07-25,21.497942621284135,21.993743881000096,21.497942621284135,21.944163755028498,3280740.0,72244000.0
2023-07-26,21.884667603862585,21.963995805417138,21.696263125170518,21.785507351919392,1918061.0,42126060.0
2023-07-27,21.646682999198923,22.85643807290587,21.626850948810283,22.400300913967186,15558084.0,351825472.0
2023-07-28,22.09290413294329,22.192064384886482,21.616934923615965,22.102820158137607,9307504.0,206027680.0
2023-07-31,22.142484258914884,22.430048989550144,22.06315605736033,22.36063681318991,6940782.0,155916288.0
2023-08-01,22.697781669796765,22.697781669796765,22.08298810774897,22.152400284109206,6294844.0,141458800.0
2023-08-02,22.162316309303524,22.2019804100808,21.95407978022282,22.122652208526247,3098018.0,68988960.0
2023-08-03,22.033407981777373,22.102820158137607,21.775591326725074,21.944163755028498,3748416.0,82847456.0
2023-08-04,21.95407978022282,22.073072082554653,21.854919528279627,21.983827855805778,2996044.0,66378420.0
2023-08-07,21.95407978022282,21.983827855805778,21.785507351919392,21.81525542750235,2603826.0,57330112.0
2023-08-08,21.81525542750235,21.825171452696672,21.607018898421646,21.65659902439324,3217940.0,70282032.0
2023-08-09,21.65659902439324,21.80533940230803,21.527690696867094,21.80533940230803,2105143.0,46068820.0
2023-08-10,21.835087477890987,21.84500350308531,21.646682999198923,21.745843251142116,1662003.0,36452116.0
2023-08-11,21.755759276336438,21.755759276336438,21.418614419729582,21.4285304449239,2633863.0,57173104.0
2023-08-14,21.369034293757984,21.40869839453526,21.180629815065917,21.40869839453526,2331964.0,50085044.0
2023-08-15,21.40869839453526,21.468194545701174,21.071553537928406,21.16079776467728,2239560.0,47899448.0
2023-08-16,21.121133663900004,21.25004199142615,20.883149059236338,20.902981109624978,2202300.0,46677496.0
2023-08-17,20.89306508443066,21.289706092203428,20.64516445457268,21.170713789871602,3354491.0,71107032.0
2023-08-18,21.240125966231837,21.240125966231837,20.853400983653383,20.873233034042023,2605628.0,55302656.0
2023-08-21,20.84348495845906,21.012057386762493,20.62533240418404,20.635248429378358,2130497.0,44605956.0
2023-08-22,20.655080479766998,20.793904832487467,20.030370892524886,20.555920227823805,3777730.0,77712656.0
2023-08-23,20.555920227823805,20.555920227823805,19.911378590193053,19.951042690970333,3494198.0,70650488.0
2023-08-24,19.96095871616465,20.109699094079442,19.643645909946432,19.891546539804416,2798943.0,56163152.0
2023-08-25,19.822134363444178,19.8320503886385,19.12801259984183,19.28666900295094,3703889.0,72896400.0
2023-08-28,19.921294615387374,20.159279220051033,19.247004902173664,19.28666900295094,3842301.0,76310144.0
2023-08-29,19.256920927367986,20.020454867330567,19.18750875100775,19.861798464221458,4079309.0,81129328.0
2023-08-30,19.871714489415776,20.09978306888512,19.8320503886385,19.951042690970333,2935802.0,59169364.0
2023-08-31,19.980790766553287,20.020454867330567,19.72297411150099,19.792386287861223,1981400.0,39619000.0
2023-09-01,19.8320503886385,19.931210640581693,19.74280616188963,19.861798464221458,1431251.0,28653976.0
2023-09-04,19.96095871616465,20.139447169662397,19.871714489415776,20.09978306888512,2155500.0,43540020.0
2023-09-05,20.139447169662397,20.149363194856715,19.94112666577601,19.980790766553287,1410658.0,28469268.0
2023-09-06,19.99070679174761,20.18902729563399,19.8320503886385,20.18902729563399,2364767.0,47925752.0
2023-09-07,20.18902729563399,20.20885934602263,19.762638212278265,19.7824702626669,2305936.0,46345056.0
2023-09-08,19.7824702626669,19.97087474135897,19.772554237472587,19.881630514610098,1763546.0,35356324.0
2023-09-11,19.881630514610098,20.020454867330567,19.732890136695307,20.00062281694193,2469511.0,49603000.0
2023-09-12,20.050202942913522,20.07995101849648,19.871714489415776,20.040286917719204,1697611.0,34250140.0
2023-09-13,20.050202942913522,20.050202942913522,19.55440168319756,19.69322603591803,2812600.0,55900944.0
2023-09-14,19.703142061112352,19.703142061112352,19.484989506837326,19.514737582420285,1521032.0,30001230.0
2023-09-15,19.574233733586198,19.703142061112352,19.435409380865732,19.58414975878052,1534300.0,30270840.0
2023-09-18,19.53456963280892,19.881630514610098,19.415577330477092,19.703142061112352,2053913.0,40863092.0
2023-09-19,19.732890136695307,19.792386287861223,19.44532540606005,19.494905532031645,1951700.0,38472788.0
2023-09-20,19.455241431254368,19.59406578397484,19.346165154116857,19.365997204505497,1504500.0,29515288.0
2023-09-21,19.33624912892254,19.524653607614606,19.108180549453195,19.14784465023047,2209700.0,42911948.0
2023-09-22,19.14784465023047,19.67339398552939,19.06851644867592,19.643645909946432,2683300.0,52578160.0
2023-09-25,19.643645909946432,19.72297411150099,19.3164170785339,19.365997204505497,1960896.0,38466136.0
2023-09-26,19.415577330477092,19.435409380865732,19.276752977756622,19.276752977756622,1187960.0,23165758.0
2023-09-27,19.296585028145262,19.484989506837326,19.247004902173664,19.356081179311175,1186421.0,23201512.0
2023-09-28,19.33624912892254,19.613897834363478,19.33624912892254,19.55440168319756,1605151.0,31617960.0
2023-10-09,19.55440168319756,19.80230231305554,19.53456963280892,19.663477960335072,2199901.0,43642836.0
2023-10-10,19.72297411150099,19.871714489415776,19.55440168319756,19.7824702626669,1993052.0,39656072.0
2023-10-11,19.792386287861223,19.792386287861223,19.53456963280892,19.58414975878052,1989100.0,39438232.0
2023-10-12,19.603981809169156,19.881630514610098,19.56431770839188,19.7824702626669,2997100.0,59747812.0
2023-10-13,19.7824702626669,19.822134363444178,19.504821557225966,19.53456963280892,2492858.0,49294936.0
2023-10-16,19.58414975878052,19.59406578397484,19.365997204505497,19.455241431254368,1953200.0,38365488.0
2023-10-17,19.53456963280892,19.53456963280892,19.118096574647517,19.3164170785339,2378211.0,46158444.0
2023-10-18,19.256920927367986,19.266836952562304,19.048684398287282,19.058600423481597,1677800.0,32357742.0
2023-10-19,19.028852347898642,19.058600423481597,18.572715188959958,18.61237928973723,3287113.0,62133408.0
2023-10-20,18.61237928973723,18.919776070761127,18.52313506298836,18.562799163765636,1862223.0,35057832.0
2023-10-23,18.404142760656526,18.562799163765636,17.908341500940566,18.047165853661035,2935850.0,53934000.0
2023-10-24,18.06699790404967,18.314898533907655,17.95792162691216,18.235570332353102,2493100.0,45654704.0
2023-10-25,18.245486357547417,18.74128761726338,18.215738281964462,18.622295314931552,2538280.0,47655100.0
2023-10-26,18.572715188959958,18.89994402037249,18.33473058429629,18.890027995178173,2578113.0,48546228.0
2023-10-27,18.830531844012253,19.197424776202066,18.77103569284634,19.118096574647517,2987709.0,57453536.0
2023-10-30,19.17759272581343,19.17759272581343,18.93960812114977,19.06851644867592,2523865.0,48470516.0
2023-10-31,19.108180549453195,19.157760675424793,18.890027995178173,19.03876837309296,2000326.0,38321596.0
2023-11-01,19.06851644867592,19.18750875100775,18.93960812114977,19.078432473870237,1817066.0,34961084.0
2023-11-02,19.078432473870237,19.227172851785028,18.999104272315684,19.009020297510006,1624101.0,31257432.0
2023-11-03,19.078432473870237,19.653561935140754,18.959440171538407,19.55440168319756,4355230.0,85351896.0
2023-11-06,19.58414975878052,19.752722187083947,19.494905532031645,19.713058086306667,3111312.0,61634408.0
2023-11-07,19.713058086306667,20.278271522382866,19.574233733586198,20.070034993302162,6591481.0,132927520.0
2023-11-08,19.97087474135897,20.179111270439677,19.732890136695307,19.861798464221458,4393822.0,88204264.0
2023-11-09,19.931210640581693,20.00062281694193,19.69322603591803,19.69322603591803,2955910.0,58957668.0
2023-11-10,19.653561935140754,19.8320503886385,19.55440168319756,19.683310010723712,2480200.0,49214152.0
2023-11-13,19.713058086306667,20.07995101849648,19.623813859557796,19.99070679174761,3185500.0,63794616.0
2023-11-14,19.911378590193053,20.20885934602263,19.911378590193053,20.060118968107844,2966000.0,59987016.0
2023-11-15,20.089867043690802,20.228691396411268,19.980790766553287,20.149363194856715,2996289.0,60741520.0
2023-11-16,20.159279220051033,20.278271522382866,20.010538842136246,20.030370892524886,2143320.0,43484712.0
2023-11-17,20.020454867330567,20.218775371216953,19.951042690970333,20.139447169662397,2399185.0,48654148.0
2023-11-20,20.18902729563399,20.3972638247147,20.070034993302162,20.367515749131737,3077801.0,62965180.0
2023-11-21,20.3972638247147,20.446843950686294,20.070034993302162,20.109699094079442,2912226.0,59422948.0
2023-11-22,20.09978306888512,20.218775371216953,19.8320503886385,19.8320503886385,2811779.0,56698864.0
2023-11-23,19.822134363444178,20.228691396411268,19.80230231305554,20.12953114446808,3161619.0,64052744.0
2023-11-24,20.139447169662397,20.179111270439677,19.762638212278265,19.8320503886385,2496518.0,50107004.0
2023-11-27,19.8320503886385,20.070034993302162,19.762638212278265,19.980790766553287,2098636.0,42134152.0
2023-11-28,20.060118968107844,20.555920227823805,19.99070679174761,20.37743177432606,5251980.0,107659360.0
2023-11-29,20.37743177432606,20.476592026269252,20.139447169662397,20.20885934602263,3399800.0,69587832.0
2023-11-30,20.159279220051033,20.228691396411268,19.762638212278265,19.931210640581693,2920415.0,58808256.0
2023-12-01,19.861798464221458,20.030370892524886,19.69322603591803,19.891546539804416,2553495.0,51127764.0
2023-12-04,19.881630514610098,20.12953114446808,19.822134363444178,19.96095871616465,2318687.0,46746156.0
2023-12-05,19.921294615387374,19.931210640581693,19.53456963280892,19.53456963280892,2744380.0,54428420.0
2023-12-06,19.524653607614606,19.901462564998734,19.415577330477092,19.67339398552939,2178679.0,43347308.0
2023-12-07,19.58414975878052,19.643645909946432,19.395745280088452,19.504821557225966,1970215.0,38747868.0
2023-12-08,19.484989506837326,19.623813859557796,19.157760675424793,19.18750875100775,2447025.0,47595128.0
2023-12-11,19.157760675424793,19.53456963280892,18.959440171538407,19.484989506837326,2340888.0,45603884.0
2023-12-12,19.544485658003243,19.574233733586198,19.346165154116857,19.524653607614606,1368802.0,26915092.0
2023-12-13,19.475073481643008,19.683310010723712,19.365997204505497,19.455241431254368,1604601.0,31582986.0
2023-12-14,19.544485658003243,19.603981809169156,19.346165154116857,19.346165154116857,1690162.0,33151770.0
2023-12-15,19.346165154116857,19.494905532031645,19.03876837309296,19.03876837309296,1964742.0,38005656.0
2023-12-18,19.048684398287282,19.247004902173664,18.76111966765202,18.820615818817938,2322300.0,44283116.0
2023-12-19,19.009020297510006,19.009020297510006,18.642127365320192,18.751203642457703,1711810.0,32375758.0
2023-12-20,18.800783768429298,18.88011196998385,18.423974811045166,18.423974811045166,1775184.0,33290680.0
2023-12-21,18.423974811045166,18.47355493701676,17.997585727689437,18.38431071026789,2729101.0,50225364.0
2023-12-22,18.47355493701676,18.652043390514507,18.324814559101974,18.443806861433806,2901000.0,53981456.0
2023-12-25,18.394226735462208,18.68179146609747,18.285150458324697,18.542967113376996,2642500.0,49342352.0
2023-12-26,18.542967113376996,18.542967113376996,18.136410080409906,18.215738281964462,1938700.0,35658024.0
2023-12-27,18.27523443313038,18.295066483519015,18.027333803272395,18.195906231575826,1816763.0,33224788.0
2023-12-28,18.195906231575826,18.542967113376996,18.01741777807808,18.4933869874054,2739900.0,50682496.0
2023-12-29,18.423974811045166,18.850363894400896,18.394226735462208,18.810699793623616,2866980.0,54023548.0
2024-01-02,18.751203642457703,19.12801259984183,18.72145556687474,18.890027995178173,2733900.0,52252688.0
2024-01-03,18.840447869206574,18.860279919595214,18.652043390514507,18.77103569284634,2325600.0,43966188.0
2024-01-04,18.77103569284634,18.820615818817938,18.53305108818268,18.61237928973723,1727698.0,32437298.0
2024-01-05,18.652043390514507,18.68179146609747,18.12649405521559,18.235570332353102,2402421.0,44528748.0
2024-01-08,18.235570332353102,18.235570332353102,17.521616518362116,17.521616518362116,3576779.0,64107244.0
2024-01-09,17.55136459394507,17.749685097831456,17.4621203671962,17.630692795499627,2205800.0,39140956.0
2024-01-10,17.640608820693945,17.640608820693945,17.243967812921177,17.343128064864366,2824521.0,49546728.0
2024-01-11,17.422456266418923,17.769517148220096,17.263799863309814,17.759601123025778,2165434.0,38395764.0
2024-01-12,17.779433173414414,17.84884534977465,17.591028694722347,17.650524845888267,1736901.0,31000842.0
2024-01-15,17.581112669528032,17.61086074511099,17.333212039670048,17.372876140447325,2139219.0,37611828.0
2024-01-16,17.382792165641646,17.422456266418923,16.996067183063197,17.2043037121439,2636301.0,45739440.0
2024-01-17,17.243967812921177,17.243967812921177,16.65892232645634,16.678754376844978,3280319.0,56032760.0
2024-01-18,16.678754376844978,16.678754376844978,16.044128764408548,16.520097973735872,4161301.0,68472552.0
2024-01-19,16.589510150096107,16.609342200484743,16.292029394266528,16.361441570626763,2072181.0,34333952.0
2024-01-22,16.361441570626763,16.39118964620972,15.310342900028921,15.419419177166434,3423398.0,54822448.0
2024-01-23,15.409503151972114,15.627655706247138,15.171518547308454,15.548327504692583,2903465.0,45139116.0
2024-01-24,15.568159555081222,15.87555633610512,15.141770471725495,15.8656403109108,3591438.0,56320464.0
2024-01-25,15.87555633610512,16.520097973735872,15.756564033773289,16.51018194854155,4418771.0,72445448.0
2024-01-26,16.520097973735872,16.767998603593853,16.39118964620972,16.450685797375638,2899001.0,48428840.0
2024-01-29,16.450685797375638,16.51018194854155,16.113540940768782,16.113540940768782,2537174.0,41644548.0
2024-01-30,16.10362491557446,16.163121066740377,15.488831353526669,15.518579429109627,2659232.0,42404540.0
2024-01-31,15.558243529886903,15.558243529886903,14.645969212009533,14.725297413564086,3722548.0,56304168.0
2024-02-01,14.645969212009533,14.755045489147046,14.14025192709925,14.308824355402677,3807750.0,55298888.0
2024-02-02,14.308824355402677,14.596389086037936,13.069321206112772,13.584954516217373,5039835.0,70061936.0
2024-02-05,13.505626314662818,13.515542339857138,12.226459064595636,12.236375089789954,6829754.0,86235168.0
2024-02-06,12.03805458590357,13.317221835970752,11.671161653713757,12.980076979363899,6655540.0,83691792.0
2024-02-07,12.95032890378094,13.912183347629908,12.910664803003662,13.674198742966245,6760852.0,92680208.0
2024-02-08,13.872519246852631,14.755045489147046,13.74361091932648,14.526976909677701,6561552.0,95182560.0
2024-02-19,14.526976909677701,14.755045489147046,14.249328204236761,14.437732682928829,5861045.0,85559984.0
2024-02-20,14.437732682928829,14.437732682928829,14.060923725544697,14.308824355402677,3127750.0,44733132.0
2024-02-21,14.259244229431083,15.022778169393664,14.060923725544697,14.54680896006634,5150110.0,75872112.0
2024-02-22,14.526976909677701,14.774877539535684,14.437732682928829,14.725297413564086,3201176.0,47301268.0
2024-02-23,14.774877539535684,15.171518547308454,14.626137161620894,15.151686496919814,4405037.0,66224828.0
2024-02-26,15.171518547308454,15.6078236558585,15.151686496919814,15.320258925223241,4299313.0,66650264.0
2024-02-27,15.320258925223241,15.915220436882397,15.161602522114132,15.915220436882397,4488158.0,70949224.0
2024-02-28,15.915220436882397,16.23253324310061,15.022778169393664,15.05252624497662,6737524.0,106881224.0
2024-02-29,14.80462561511864,15.528495454303945,14.80462561511864,15.498747378720989,4152544.0,64268096.0
2024-03-01,15.597907630664182,15.825976210133524,15.488831353526669,15.816060184939204,3963624.0,62704376.0
2024-03-04,15.845808260522162,15.905304411688077,15.3500070008062,15.558243529886903,3453249.0,54107996.0
2024-03-05,15.46899930313803,15.697067882607373,15.389671101583476,15.478915328332349,3297883.0,51630076.0
2024-03-06,15.488831353526669,15.647487756635776,15.300426874834603,15.449167252749392,3131450.0,48812736.0
2024-03-07,15.498747378720989,15.61773968105282,15.270678799251646,15.270678799251646,2596503.0,40396068.0
2024-03-08,15.280594824445965,15.409503151972114,15.102106370948219,15.35992302600052,2261001.0,34799348.0
2024-03-11,15.449167252749392,15.6078236558585,15.330174950417561,15.587991605469862,2993740.0,46809740.0
2024-03-12,15.637571731441456,16.13337299115742,15.558243529886903,16.063960814797184,4908117.0,78687704.0
2024-03-13,16.063960814797184,17.670356896276903,15.964800562853995,17.670356896276903,10419657.0,178683216.0
2024-03-14,17.32329601447573,17.62077677030531,16.688670402039296,17.015899233451833,17982420.0,308875328.0
2024-03-15,16.857242830342724,17.115059485395026,16.688670402039296,16.936571031897277,7655702.0,130097984.0
2024-03-18,17.00598320825751,17.491868442779158,16.89690693112,17.16463961136662,9946120.0,171721568.0
2024-03-19,17.025815258646155,17.115059485395026,16.777914628788174,16.817578729565447,7221258.0,123200304.0
2024-03-20,16.936571031897277,16.996067183063197,16.75808257839953,16.906822956314322,4203398.0,71531376.0
2024-03-21,16.9464870570916,17.343128064864366,16.66883835165066,17.224135762532537,9335717.0,160283936.0
2024-03-22,17.075395384617746,17.105143460200708,16.698586427233618,16.718418477622254,5750512.0,97614464.0
2024-03-25,16.609342200484743,16.79774667917681,16.26228131868357,16.26228131868357,4104574.0,68540800.0
2024-03-26,16.26228131868357,16.708502452427936,16.202785167517654,16.708502452427936,4288571.0,71164216.0
2024-03-27,16.6390902760677,16.6390902760677,15.766480058967607,15.766480058967607,4350300.0,70745568.0
2024-03-28,15.954884537659673,16.589510150096107,15.845808260522162,16.460601822569956,5656091.0,93389736.0
2024-03-29,16.460601822569956,16.738250528010894,16.361441570626763,16.500265923347232,3808010.0,63430968.0
2024-04-01,16.569678099707467,17.06547935942343,16.520097973735872,16.877074880731364,5127191.0,87003704.0
2024-04-02,16.867158855537046,16.867158855537046,16.55976207451315,16.64900630126202,3418126.0,57600544.0
2024-04-03,16.569678099707467,16.609342200484743,16.173037091934695,16.40110567140404,3270601.0,53885804.0
2024-04-08,16.39118964620972,16.41102169659836,16.014380688825586,16.03421273921423,2655456.0,43345836.0
2024-04-09,16.03421273921423,16.30194541946085,16.00446466363127,16.30194541946085,1928537.0,31506378.0
2024-04-10,16.192869142323335,16.311861444655165,15.706983907801693,15.915220436882397,2598163.0,41774132.0
2024-04-11,15.855724285716482,16.014380688825586,15.61773968105282,15.776396084161927,1843000.0,29489646.0
2024-04-12,15.776396084161927,15.915220436882397,15.369839051194838,15.369839051194838,2315681.0,36374500.0
2024-04-15,15.379755076389158,15.657403781830094,14.80462561511864,15.05252624497662,3283181.0,50131592.0
2024-04-16,15.022778169393664,15.022778169393664,14.041091675156059,14.041091675156059,4240129.0,61441524.0
2024-04-17,14.179916027876528,15.012862144199346,14.179916027876528,14.993030093810706,3071700.0,45630696.0
2024-04-18,15.022778169393664,15.449167252749392,14.834373690701598,15.102106370948219,3055400.0,46708944.0
2024-04-19,14.963282018227748,15.250846748863008,14.893869841867513,15.08227432055958,2383905.0,36281348.0
2024-04-22,15.08227432055958,15.45908327794371,14.755045489147046,15.340090975611881,3370200.0,51808604.0
2024-04-23,15.409503151972114,15.667319807024416,15.270678799251646,15.538411479498265,2789304.0,43589392.0
2024-04-24,15.568159555081222,16.073876839991506,15.45908327794371,16.063960814797184,3876720.0,61900284.0
2024-04-25,16.044128764408548,16.1234569659631,15.845808260522162,15.905304411688077,2714100.0,43658984.0
2024-04-26,15.746648008578969,15.915220436882397,15.518579429109627,15.766480058967607,4029978.0,63957168.0
2024-04-29,15.776396084161927,16.073876839991506,15.776396084161927,16.024296714019908,3259690.0,52596756.0
2024-04-30,16.113540940768782,16.212701192711975,15.825976210133524,16.15320504154606,4150769.0,67195688.0
2024-05-06,16.15320504154606,16.41102169659836,16.014380688825586,16.063960814797184,3287602.0,53646840.0
2024-05-07,16.15320504154606,16.3812736210154,15.954884537659673,16.321777469849486,4465800.0,73194472.0
2024-05-08,16.311861444655165,16.311861444655165,16.03421273921423,16.063960814797184,2572601.0,41910192.0
2024-05-09,15.99454863843695,16.430853746986998,15.974716588048311,16.40110567140404,3344701.0,54938764.0
2024-05-10,16.361441570626763,16.440769772181316,16.044128764408548,16.093708890380142,2861500.0,46745100.0
2024-05-13,16.054044789602866,16.054044789602866,15.597907630664182,15.697067882607373,2803213.0,44495988.0
2024-05-14,15.697067882607373,15.99454863843695,15.667319807024416,15.746648008578969,1545550.0,24639654.0
2024-05-15,15.766480058967607,15.835892235327844,15.578075580275543,15.627655706247138,1381200.0,21862620.0
2024-05-16,15.697067882607373,15.766480058967607,15.528495454303945,15.568159555081222,1937246.0,30527880.0
2024-05-17,15.558243529886903,15.8656403109108,15.488831353526669,15.8656403109108,2388343.0,37855988.0
2024-05-20,15.8656403109108,16.173037091934695,15.796228134550566,15.915220436882397,2119900.0,34128144.0
2024-05-21,15.915220436882397,15.915220436882397,15.578075580275543,15.667319807024416,2106100.0,33311368.0
2024-05-22,15.667319807024416,15.746648008578969,15.587991605469862,15.687151857413054,1236824.0,19525892.0
2024-05-23,15.746648008578969,15.786312109356246,15.260762774057326,15.330174950417561,2783561.0,43460312.0
2024-05-24,15.240930723668686,15.3500070008062,14.993030093810706,15.022778169393664,2131700.0,32575218.0
2024-05-27,15.131854446531175,15.171518547308454,14.685633312786809,14.973198043422068,1947100.0,29109610.0
2024-05-28,14.874037791478875,15.05252624497662,14.784793564730002,14.874037791478875,1402661.0,21103850.0
2024-05-29,14.874037791478875,15.191350597697092,14.874037791478875,15.032694194587984,1291961.0,19606344.0
2024-05-30,15.05252624497662,15.379755076389158,14.983114068616386,15.290510849640283,2268924.0,34882932.0
2024-05-31,15.340090975611881,15.61773968105282,15.250846748863008,15.587991605469862,2357327.0,36844408.0
2024-06-03,15.587991605469862,15.746648008578969,15.092190345753899,15.181434572502772,2573600.0,40009664.0
2024-06-04,15.171518547308454,15.171518547308454,14.784793564730002,14.963282018227748,2042700.0,30718092.0
2024-06-05,14.883953816673195,15.270678799251646,14.883953816673195,14.973198043422068,1804015.0,27513242.0
2024-06-06,15.032694194587984,15.141770471725495,14.249328204236761,14.328656405791316,3343900.0,48907280.0
2024-06-07,14.378236531762912,14.65588523720385,14.328656405791316,14.517060884483383,1853850.0,27086538.0
2024-06-11,14.517060884483383,14.705465363175447,14.279076279819721,14.695549337981129,1238765.0,18108620.0
2024-06-12,14.606305111232256,14.903785867061833,14.606305111232256,14.755045489147046,1182964.0,17620460.0
2024-06-13,14.755045489147046,14.844289715895918,14.576557035649296,14.755045489147046,1104056.0,16398386.0
2024-06-14,14.735213438758406,14.735213438758406,14.467480758511785,14.616221136426574,1127711.0,16565567.0
2024-06-17,14.576557035649296,14.80462561511864,14.536892934872021,14.645969212009533,958920.0,14201405.0
2024-06-18,14.636053186815213,14.923617917450471,14.566641010454978,14.893869841867513,1832505.0,27408788.0
2024-06-19,14.923617917450471,14.993030093810706,14.715381388369767,14.715381388369767,1373100.0,20517600.0
2024-06-20,14.606305111232256,14.735213438758406,14.160083977487888,14.170000002682208,2430600.0,35200376.0
2024-06-21,14.46,14.46,14.18,14.31,1175900.0,16806244.0
2024-06-24,14.16,14.31,13.69,13.72,2008400.0,27845268.0
2024-06-25,13.72,14.05,13.71,13.81,1694528.0,23523152.0
2024-06-26,13.74,14.3,13.65,14.3,1900365.0,26640080.0
2024-06-27,14.16,14.39,13.97,13.97,1675100.0,23682388.0
2024-06-28,13.9,14.35,13.85,14.12,1936200.0,27490940.0
2024-07-01,14.1,14.18,13.77,14.06,1604102.0,22379200.0
2024-07-02,14.14,14.24,14.0,14.05,1243400.0,17564192.0
2024-07-03,14.0,14.14,13.87,13.92,905100.0,12648101.0
2024-07-04,13.92,14.05,13.59,13.6,1417631.0,19512624.0
2024-07-05,13.6,13.75,13.4,13.69,1338151.0,18183204.0
2024-07-08,13.69,13.73,13.2,13.3,1554210.0,20803028.0
2024-07-09,13.35,13.5,13.03,13.46,2110000.0,28130692.0
2024-07-10,13.4,13.65,13.3,13.44,1628920.0,22021024.0
2024-07-11,13.68,14.04,13.68,13.94,2331800.0,32392788.0
2024-07-12,14.43,15.06,14.33,14.7,9977401.0,146508896.0
2024-07-15,14.77,15.57,14.71,15.09,9355321.0,141967568.0
2024-07-16,14.9,14.9,14.4,14.52,5948008.0,86646200.0
2024-07-17,14.54,14.54,14.16,14.23,3334500.0,47648304.0
2024-07-18,14.14,14.35,13.88,14.34,2937627.0,41507708.0
2024-07-19,14.34,14.37,14.11,14.19,2152744.0,30646958.0
2024-07-22,14.24,14.31,14.14,14.24,1845984.0,26234978.0
2024-07-23,14.3,14.33,13.95,13.96,1835501.0,25985144.0
2024-07-24,13.9,14.03,13.62,13.75,2506900.0,34565160.0
2024-07-25,13.76,14.11,13.72,14.06,2156276.0,30044648.0
2024-07-26,14.09,14.52,14.0,14.48,2820600.0,40460236.0
2024-07-29,14.5,14.67,14.32,14.59,2861207.0,41677024.0
2024-07-30,14.51,14.72,14.42,14.66,2374643.0,34679240.0
2024-07-31,14.66,14.91,14.59,14.88,3502675.0,51873464.0
2024-08-01,14.87,15.13,14.85,14.94,3513400.0,52708496.0
2024-08-02,14.9,15.14,14.78,14.8,3255600.0,48651660.0
2024-08-05,14.61,14.99,14.42,14.44,3179500.0,46717320.0
2024-08-06,14.59,14.99,14.49,14.87,3513898.0,51933512.0
2024-08-07,14.8,15.33,14.75,15.09,4700377.0,70983880.0
2024-08-08,15.0,15.1,14.65,14.74,3396476.0,50218776.0
2024-08-09,14.79,14.91,14.53,14.55,2078300.0,30520776.0
2024-08-12,14.55,14.55,14.31,14.39,1790601.0,25835282.0
2024-08-13,14.35,14.55,14.24,14.51,1421700.0,20482156.0
2024-08-14,14.48,14.57,14.34,14.34,1326050.0,19137820.0
2024-08-15,14.29,14.58,14.16,14.38,2079800.0,29874500.0
2024-08-16,14.38,14.47,14.08,14.08,1770100.0,25161492.0
2024-08-19,14.03,14.23,13.89,13.94,2211000.0,30977368.0
2024-08-20,13.91,13.94,13.61,13.67,1871800.0,25692988.0
2024-08-21,13.62,13.76,13.4,13.65,1381749.0,18893572.0
2024-08-22,13.74,13.78,13.42,13.46,1215600.0,16464254.0
2024-08-23,13.48,13.58,13.3,13.5,1457200.0,19583208.0
2024-08-26,13.45,13.66,13.4,13.6,1301600.0,17622896.0
2024-08-27,13.5,13.52,13.2,13.22,1627630.0,21633846.0
2024-08-28,13.22,13.47,13.2,13.34,1161049.0,15466760.0
2024-08-29,13.2,13.64,13.2,13.59,1587049.0,21437808.0
2024-08-30,13.59,13.89,13.55,13.71,1718700.0,23656838.0
2024-09-02,13.75,13.77,13.37,13.41,1578200.0,21413760.0
2024-09-03,13.41,13.7,13.36,13.58,1693953.0,22975776.0
2024-09-04,13.4,13.68,13.4,13.54,1285450.0,17458108.0
2024-09-05,13.55,13.76,13.54,13.68,1009700.0,13798558.0
2024-09-06,13.68,13.76,13.51,13.51,1148300.0,15612312.0
2024-09-09,13.48,13.67,13.34,13.59,1588800.0,21523356.0
2024-09-10,13.64,13.78,13.33,13.75,1850700.0,25150318.0
2024-09-11,13.79,13.82,13.63,13.66,1123900.0,15401962.0
2024-09-12,13.67,13.86,13.67,13.71,1108601.0,15278126.0
2024-09-13,13.75,13.78,13.58,13.59,1195998.0,16352581.0
2024-09-18,13.59,13.6,13.21,13.4,1374498.0,18342036.0
2024-09-19,13.56,13.78,13.36,13.74,1800400.0,24554552.0
2024-09-20,13.75,13.83,13.61,13.7,1626600.0,22324604.0
2024-09-23,13.69,14.07,13.61,13.98,2855800.0,39806508.0
2024-09-24,13.98,14.25,13.91,14.25,3367378.0,47558436.0
2024-09-25,14.3,14.53,14.28,14.31,3911028.0,56406440.0
2024-09-26,14.3,14.71,14.26,14.71,3560914.0,51649460.0
2024-09-27,14.98,15.48,14.85,15.26,6916305.0,104725208.0
2024-09-30,15.7,16.69,15.5,16.59,13232432.0,214181696.0
2024-10-08,18.25,18.25,16.67,17.73,17609674.0,308873280.0
2024-10-09,17.68,17.68,16.21,16.27,10772030.0,181063136.0
2024-10-10,16.31,17.03,15.92,16.5,7687174.0,127304192.0
2024-10-11,16.5,16.55,15.47,15.67,6226812.0,98962216.0
2024-10-14,15.81,16.65,15.75,16.61,9881829.0,161990272.0
2024-10-15,16.38,17.05,16.16,16.36,9128840.0,151035104.0
2024-10-16,16.24,17.81,16.16,17.43,20539510.0,354569376.0
2024-10-17,17.05,17.3,16.6,16.68,14834200.0,251525264.0
2024-10-18,16.5,17.15,16.18,16.94,11416218.0,191439904.0
2024-10-21,16.95,17.85,16.95,17.46,14318925.0,249438512.0
2024-10-22,17.46,17.47,16.98,17.14,8988502.0,154412272.0
2024-10-23,17.1,18.1,16.99,17.65,14490847.0,255810400.0
2024-10-24,17.65,17.8,17.27,17.38,7037675.0,122904680.0
2024-10-25,17.48,17.76,17.34,17.52,8295900.0,145144320.0
2024-10-28,17.5,17.97,17.45,17.72,8593700.0,152051216.0
2024-10-29,17.73,17.93,17.44,17.46,7505643.0,132371808.0
2024-10-30,17.25,17.65,17.17,17.35,7134728.0,124059232.0
2024-10-31,17.3,17.6,17.23,17.45,6537853.0,114038744.0
2024-11-01,17.46,17.65,16.73,16.74,7670941.0,130491664.0
2024-11-04,16.69,17.38,16.64,17.2,4789136.0,82046504.0
2024-11-05,17.21,18.57,17.21,18.22,16542640.0,299214400.0
2024-11-06,18.65,19.08,18.41,18.64,18313644.0,344018752.0
2024-11-07,18.3,18.43,17.93,18.2,12014493.0,218174496.0
2024-11-08,18.34,18.73,18.21,18.35,10521088.0,194343376.0
2024-11-11,18.5,20.19,18.41,19.97,25157260.0,493215264.0
2024-11-12,19.79,19.79,18.7,18.82,18035376.0,344889760.0
2024-11-13,18.9,18.98,18.06,18.52,9430297.0,173588000.0
2024-11-14,18.34,18.46,17.78,17.8,7685100.0,138842128.0
2024-11-15,17.8,18.02,17.49,17.52,5997301.0,106537208.0
2024-11-18,17.53,17.72,17.16,17.28,5241653.0,91079424.0
2024-11-19,17.4,17.73,17.25,17.62,4490101.0,78547480.0
2024-11-20,17.66,18.07,17.52,18.04,5175367.0,92461424.0
2024-11-21,18.04,18.08,17.71,17.93,4111983.0,73659144.0
2024-11-22,17.82,17.97,17.11,17.16,5206259.0,91427360.0
2024-11-25,17.16,17.29,16.81,17.26,4391060.0,75052904.0
2024-11-26,17.33,17.45,17.0,17.02,2866668.0,49261856.0
2024-11-27,17.0,17.19,16.56,17.18,3841624.0,64668648.0
2024-11-28,17.21,17.4,17.07,17.2,3893600.0,67280632.0
2024-11-29,17.35,17.48,17.0,17.26,4074112.0,70361552.0
2024-12-02,17.3,17.64,17.27,17.59,4387247.0,76916448.0
2024-12-03,17.66,17.75,17.36,17.66,4146747.0,72945552.0
2024-12-04,17.67,17.78,17.47,17.57,3050100.0,53771264.0
2024-12-05,17.58,18.09,17.5,18.09,6801697.0,121808600.0
2024-12-06,18.08,18.1,17.8,17.99,4986800.0,89527936.0
2024-12-09,17.98,18.09,17.67,17.84,4179200.0,74523912.0
2024-12-10,18.18,18.31,17.82,17.86,5611426.0,101330528.0
2024-12-11,17.81,17.95,17.75,17.85,3269800.0,58455772.0
2024-12-12,17.87,18.06,17.76,17.91,3681300.0,65933792.0
2024-12-13,17.8,17.87,17.44,17.47,4755762.0,83684760.0
2024-12-16,17.62,17.66,17.2,17.34,2829491.0,49274188.0
2024-12-17,17.35,17.47,16.89,16.91,3763100.0,64309892.0
2024-12-18,16.99,17.13,16.89,16.91,2465900.0,41949984.0
2024-12-19,16.87,17.0,16.64,16.94,2743100.0,46226056.0
2024-12-20,16.96,17.13,16.8,17.01,2314417.0,39363892.0
2024-12-23,17.04,17.14,16.36,16.38,4086245.0,67790336.0
2024-12-24,16.48,16.78,16.29,16.51,3024340.0,49977580.0
2024-12-25,16.6,16.6,16.08,16.18,3058940.0,49627980.0
2024-12-26,16.2,16.5,16.17,16.37,2403460.0,39449020.0
2024-12-27,18.01,18.01,18.01,18.01,4131684.0,74411632.0
2024-12-30,19.81,19.81,18.42,18.51,40535984.0,779014784.0
2024-12-31,17.9,19.8,17.9,19.34,32655928.0,621275456.0
2025-01-02,19.3,21.27,18.26,20.3,44872916.0,906825216.0
2025-01-03,19.54,19.68,18.41,18.62,31456274.0,597113088.0
2025-01-06,18.24,18.92,17.4,17.58,23786938.0,431290560.0
2025-01-07,17.58,19.34,17.41,19.34,25671532.0,481274528.0
2025-01-08,19.28,19.97,18.84,19.47,37567168.0,729504896.0
2025-01-09,19.4,20.46,18.98,20.2,36160692.0,712038016.0
2025-01-10,19.58,19.8,18.71,18.76,25075548.0,484250496.0
2025-01-13,18.19,19.65,18.08,18.97,21075108.0,398489472.0
2025-01-14,19.02,19.87,18.73,19.82,26985814.0,524781728.0
2025-01-15,19.82,20.03,19.27,19.39,17547456.0,343195264.0
2025-01-16,19.45,19.64,18.8,19.01,15774881.0,302258048.0
2025-01-17,18.98,19.38,18.7,19.0,14659636.0,278640384.0
2025-01-20,18.95,19.16,18.71,19.05,12339909.0,234342352.0
2025-01-21,18.48,18.49,17.29,17.71,25676900.0,454755680.0
2025-01-22,17.5,17.54,16.85,17.0,13068686.0,222761728.0
2025-01-23,17.14,17.46,16.88,16.88,11142102.0,191475200.0
2025-01-24,16.9,17.04,16.68,17.04,8027000.0,135629376.0
2025-01-27,17.13,17.25,16.65,16.65,7280882.0,122767472.0
2025-02-05,16.7,16.9,16.6,16.84,6942469.0,116511712.0
2025-02-06,16.88,17.27,16.71,17.27,8265600.0,141186832.0
2025-02-07,17.27,17.54,17.06,17.3,10186200.0,176457568.0
2025-02-10,17.39,17.56,17.33,17.52,8321213.0,145446496.0
2025-02-11,17.6,17.71,17.2,17.39,7254424.0,126159320.0
2025-02-12,17.35,17.48,17.24,17.46,6838712.0,118892144.0
2025-02-13,17.5,17.61,17.1,17.12,7520305.0,130042824.0
2025-02-14,17.1,17.2,16.9,17.02,6509456.0,110875864.0
2025-02-17,17.02,17.11,16.87,16.97,6405640.0,108751560.0
2025-02-18,17.06,17.06,16.46,16.53,7168536.0,119921928.0
2025-02-19,16.45,16.95,16.44,16.94,6162857.0,103434888.0
2025-02-20,16.88,17.3,16.76,17.28,8463392.0,144855472.0
2025-02-21,17.22,17.28,17.01,17.18,5822301.0,99775040.0
2025-02-24,17.19,17.4,16.99,17.26,6643805.0,114398936.0
2025-02-25,17.19,17.37,17.03,17.19,5774186.0,99513912.0
2025-02-26,17.25,17.49,17.2,17.38,6512917.0,113176304.0
2025-02-27,17.46,17.46,16.87,17.16,6653918.0,113910032.0
2025-02-28,17.1,17.15,16.51,16.57,6983801.0,117090288.0
2025-03-03,16.58,16.92,16.51,16.65,4305701.0,72110032.0
2025-03-04,16.76,17.36,16.66,17.25,9386710.0,160677072.0
2025-03-05,17.2,17.36,16.95,17.15,5697556.0,97326624.0
2025-03-06,17.2,17.31,17.02,17.19,6484773.0,111386408.0
2025-03-07,17.19,17.53,17.07,17.26,8852414.0,153314896.0
2025-03-10,17.33,17.44,17.15,17.22,5405144.0,93246696.0
2025-03-11,17.02,17.38,16.95,17.33,6489651.0,111724008.0
2025-03-12,17.38,17.55,17.29,17.33,6050070.0,105219280.0
2025-03-13,17.36,17.37,16.88,17.12,6150020.0,104871192.0
2025-03-14,17.15,17.31,16.88,17.26,6903045.0,118334928.0
2025-03-17,17.3,17.47,17.18,17.26,5740055.0,99399368.0
2025-03-18,17.37,17.54,17.25,17.42,6596155.0,114677480.0
2025-03-19,17.53,17.72,17.28,17.34,8420659.0,147212576.0
2025-03-20,17.39,17.65,17.26,17.45,7476151.0,130577648.0
2025-03-21,17.35,18.65,17.27,18.2,24855856.0,446538528.0
2025-03-24,18.0,18.09,17.1,17.7,15752842.0,276571232.0
2025-03-25,17.55,18.4,17.46,17.91,15157451.0,273924960.0
2025-03-26,17.79,18.42,17.7,18.19,13175540.0,238288944.0
2025-03-27,18.02,18.17,17.78,17.86,8453135.0,151625248.0
2025-03-28,17.86,17.86,17.25,17.25,8928354.0,156146656.0
2025-03-31,17.25,17.25,16.36,16.49,9547796.0,158998976.0
2025-04-01,16.63,17.08,16.63,16.89,6931563.0,116801624.0
2025-04-02,16.9,16.92,16.63,16.72,4050820.0,67832184.0
2025-04-03,16.6,16.85,16.51,16.55,3325300.0,55334020.0
2025-04-07,15.55,16.0,14.9,14.9,7535300.0,114106320.0
2025-04-08,14.89,15.18,14.56,14.94,7537150.0,112033104.0
2025-04-09,14.7,15.77,14.3,15.66,9929858.0,151382864.0
2025-04-10,15.89,16.04,15.61,15.75,7338930.0,116125560.0
2025-04-11,15.61,15.88,15.5,15.7,4245085.0,66881172.0
2025-04-14,15.76,16.02,15.76,15.89,3721902.0,59168804.0
2025-04-15,15.95,15.95,15.69,15.76,3177800.0,50092544.0
2025-04-16,16.55,16.79,15.87,16.0,8776567.0,142661680.0
2025-04-17,15.7,16.35,15.7,15.99,6126161.0,98514640.0
2025-04-18,15.95,15.95,15.62,15.69,3981500.0,62650540.0
2025-04-21,15.71,16.27,15.61,16.12,4651865.0,74634320.0
2025-04-22,16.01,16.35,16.01,16.11,4247413.0,68642224.0
2025-04-23,16.28,16.3,16.02,16.08,3627901.0,58421580.0
2025-04-24,16.12,16.15,15.78,15.88,3378700.0,53759328.0
2025-04-25,15.9,16.33,15.71,16.24,4954214.0,79729600.0
2025-04-28,16.26,16.43,16.06,16.16,3800400.0,61639072.0
2025-04-29,16.2,16.41,16.07,16.31,3987114.0,65020372.0
2025-04-30,16.36,16.63,16.32,16.62,5052765.0,83419072.0
2025-05-06,16.68,16.83,16.63,16.74,5687714.0,95198552.0
2025-05-07,17.6,18.41,17.32,18.41,22226182.0,396965184.0
2025-05-08,20.25,20.25,19.55,20.25,35419972.0,711001600.0
2025-05-09,22.28,22.28,22.28,22.28,9860485.0,219691600.0
2025-05-12,24.29,24.51,23.51,24.51,33060628.0,802996928.0
2025-05-13,26.96,26.96,26.96,26.96,3816709.0,102898472.0
2025-05-14,29.66,29.66,29.66,29.66,20025548.0,593957696.0
2025-05-15,32.62,32.63,31.8,32.63,43383336.0,1409530752.0
2025-05-16,35.52,35.89,34.6,35.89,43926528.0,1562649600.0
2025-05-19,38.33,39.48,36.81,39.48,65388512.0,2519030784.0
2025-05-20,42.2,42.98,38.9,42.5,104376864.0,4328865280.0
2025-05-21,41.25,41.65,38.25,38.25,89952016.0,3557224192.0
2025-05-22,35.44,39.9,34.51,36.35,94074680.0,3462560512.0
2025-05-23,35.99,36.88,33.33,33.8,73491248.0,2574432000.0
2025-05-26,33.79,34.58,32.66,34.31,58401256.0,1967275264.0
2025-05-27,34.17,37.7,33.78,36.3,83835984.0,2983979776.0
2025-05-28,35.0,35.38,32.67,32.78,70534840.0,2388686336.0
2025-05-29,32.17,33.3,31.43,33.1,48198648.0,1568552832.0
2025-05-30,32.6,34.87,32.41,33.16,57992260.0,1967928832.0
2025-06-03,34.0,36.31,33.0,35.23,69071592.0,2393749504.0
2025-06-04,34.01,37.62,33.88,35.97,74342136.0,2685369344.0
2025-06-05,35.51,39.25,34.8,38.69,85717728.0,3210083072.0
2025-06-06,39.5,40.65,36.94,37.0,80347968.0,3089495808.0
2025-06-09,36.11,37.61,36.11,36.22,58976664.0,2165657344.0
2025-06-10,35.5,35.52,33.77,34.13,56383332.0,1949629568.0
2025-06-11,34.05,34.31,33.75,33.99,28517708.0,969889664.0
2025-06-12,33.8,33.83,33.03,33.38,27759860.0,925416064.0
2025-06-13,34.15,36.72,32.81,36.72,90219832.0,3156077824.0
2025-06-16,36.36,39.5,35.8,37.42,89140208.0,3338966272.0
2025-06-17,36.9,38.03,36.6,37.0,60734744.0,2268048640.0
2025-06-18,37.02,39.87,36.71,38.5,77949104.0,2981552384.0
2025-06-19,37.4,37.7,34.67,36.08,55927404.0,2035183744.0
2025-06-20,35.15,35.68,34.28,34.66,37762972.0,1316909696.0
2025-06-23,35.15,37.12,34.51,36.98,50644544.0,1820308352.0
2025-06-24,35.4,36.0,34.85,35.01,54147936.0,1910146688.0
2025-06-25,34.53,36.52,34.51,35.31,48302956.0,1710641024.0
2025-06-26,35.01,37.89,34.94,36.65,63346232.0,2309586432.0
2025-06-27,35.7,36.35,35.31,35.51,45519820.0,1625453312.0
2025-06-30,35.97,39.06,35.8,39.06,59436572.0,2278912768.0
2025-07-01,41.87,41.95,37.98,38.58,99585224.0,3963360768.0
2025-07-02,38.6,38.66,36.81,36.87,45951940.0,1715956096.0
2025-07-03,36.87,37.54,36.65,36.89,26803110.0,990687872.0
2025-07-04,36.89,37.0,36.17,36.4,25845732.0,944522752.0
2025-07-07,36.42,36.64,35.98,36.44,18881492.0,686667456.0
2025-07-08,36.44,36.45,36.02,36.38,18369836.0,665799424.0
2025-07-09,36.97,37.3,36.2,36.28,34444676.0,1267249920.0
2025-07-10,35.56,35.79,35.0,35.6,27246160.0,962059072.0
2025-07-11,35.4,35.91,35.12,35.71,19092044.0,678808128.0
2025-07-14,35.55,35.97,35.39,35.58,14195620.0,505675008.0
2025-07-15,35.3,35.35,34.39,35.08,20179200.0,703676416.0
2025-07-16,35.12,35.2,34.65,34.87,12311700.0,430656832.0
2025-07-17,34.88,36.45,34.71,35.79,29111260.0,1037006336.0
2025-07-18,35.71,36.18,35.2,35.89,24336994.0,868444224.0
2025-07-21,35.7,36.07,35.37,35.68,19060596.0,680600640.0
2025-07-22,35.4,36.36,35.4,35.71,24722884.0,886431424.0
2025-07-23,35.4,35.4,34.8,34.84,19011594.0,664366848.0
2025-07-24,34.61,35.5,34.4,34.99,17311504.0,601909056.0
2025-07-25,34.88,34.95,34.4,34.5,12500068.0,431971872.0
2025-07-28,34.51,35.26,34.51,35.12,16756309.0,587185472.0
2025-07-29,34.93,35.5,34.68,35.49,20426424.0,718336320.0
2025-07-30,35.49,35.68,34.5,34.8,17742808.0,621839360.0
2025-07-31,34.5,34.98,34.45,34.6,10752464.0,372583232.0
2025-08-01,34.61,34.74,33.67,33.8,13718496.0,465754944.0
2025-08-04,33.66,35.42,33.4,35.14,26037232.0,910110912.0
2025-08-05,34.85,36.47,34.78,35.38,29990624.0,1069577536.0
2025-08-06,35.38,38.92,35.1,38.92,54999856.0,2093823616.0
2025-08-07,40.09,40.8,38.0,38.05,82507024.0,3223099904.0
2025-08-08,37.39,38.49,37.1,37.1,41299924.0,1553694976.0
2025-08-11,37.1,38.0,36.78,37.38,30520812.0,1142718848.0
2025-08-12,37.2,37.58,36.33,36.47,26666710.0,977233472.0
2025-08-13,36.3,37.97,36.22,37.18,30561402.0,1139351936.0
2025-08-14,37.03,37.18,35.89,35.91,29225148.0,1062719872.0
2025-08-15,35.93,36.17,35.59,36.0,15986033.0,573914176.0
2025-08-18,36.12,36.74,36.12,36.61,22571444.0,823516416.0
2025-08-19,36.69,37.0,36.0,36.65,27891488.0,1018206784.0
2025-08-20,36.65,40.32,36.13,40.32,66060404.0,2598447872.0
2025-08-21,42.14,44.35,41.31,44.35,46686980.0,2025160704.0
2025-08-22,47.0,48.79,43.35,48.79,97122920.0,4551821312.0
2025-08-25,51.13,53.67,51.13,53.67,66770408.0,3536809984.0
2025-08-26,54.33,58.77,49.82,55.99,103826128.0,5688797184.0
2025-08-27,55.0,56.56,50.4,51.1,102825552.0,5361067520.0
2025-08-28,48.99,48.99,46.36,48.26,67186096.0,3207790080.0
2025-08-29,47.6,52.0,47.4,51.88,73909216.0,3667645696.0
2025-09-01,51.0,52.0,48.51,50.01,51698384.0,2609550592.0
2025-09-02,48.95,49.54,47.35,48.34,41248604.0,1994313984.0
2025-09-03,48.4,48.8,43.51,43.51,39457568.0,1773814016.0
2025-09-04,41.18,42.9,39.16,39.4,52267004.0,2136836480.0
2025-09-05,39.43,40.43,38.38,40.1,31428044.0,1241896832.0
2025-09-08,40.01,40.91,39.8,40.13,23879388.0,961611968.0
2025-09-09,40.13,40.13,38.8,38.87,18279624.0,719554240.0
2025-09-10,39.0,39.97,39.0,39.55,17522676.0,693995584.0
2025-09-11,39.56,40.68,39.1,40.44,22359532.0,895020672.0
2025-09-12,40.44,41.39,40.19,40.82,25597828.0,1043784576.0
2025-09-15,40.85,41.26,40.38,40.59,17001324.0,692248832.0
2025-09-16,40.33,40.45,39.83,40.37,14803296.0,594644736.0
2025-09-17,40.38,40.62,40.03,40.15,11109595.0,447139712.0
2025-09-18,40.16,41.18,39.15,39.64,23132896.0,932170432.0
2025-09-19,39.65,42.45,39.65,40.79,35633952.0,1472874496.0
2025-09-22,40.48,40.6,39.73,40.58,18923964.0,759065664.0
2025-09-23,40.75,41.24,38.6,39.76,19284220.0,760378368.0
2025-09-24,39.34,39.86,38.81,39.64,11715140.0,461370848.0
2025-09-25,39.4,39.59,38.93,38.98,12060027.0,472030944.0
2025-09-26,38.86,42.88,38.65,42.88,47849052.0,2003186944.0
2025-09-29,44.35,44.5,41.76,42.15,44374916.0,1891376896.0
2025-09-30,42.16,45.54,42.16,44.34,51265168.0,2258764288.0
2025-10-09,42.9,43.91,42.21,43.62,35193112.0,1515624192.0
2025-10-10,43.41,47.62,42.84,45.7,53421164.0,2410924800.0
2025-10-13,43.0,47.83,42.6,46.22,50882216.0,2379276288.0
2025-10-14,46.25,46.73,44.0,44.29,39278604.0,1769354880.0
2025-10-15,43.5,43.88,41.0,42.82,30663130.0,1287998848.0
2025-10-16,45.98,47.1,45.97,47.1,28204112.0,1322717184.0
2025-10-17,47.25,47.33,43.89,44.49,43682320.0,1987516032.0
2025-10-20,44.27,45.97,43.4,44.1,27325984.0,1217238144.0
2025-10-21,43.81,44.25,43.46,43.91,18192658.0,796227136.0
2025-10-22,43.51,43.86,42.66,42.78,16021079.0,688683520.0
2025-10-23,42.5,43.98,42.01,42.76,18975080.0,816371008.0
2025-10-24,42.42,44.0,42.42,43.02,18530272.0,802106752.0
2025-10-27,42.51,43.49,42.3,43.12,17140772.0,737389632.0
2025-10-28,43.12,46.2,42.6,44.56,40459648.0,1806600192.0
2025-10-29,43.7,44.5,42.56,44.09,26723140.0,1157531776.0
2025-10-30,43.65,43.65,42.5,42.5,18853980.0,806688704.0
2025-10-31,42.5,42.79,42.1,42.34,10321731.0,437494496.0
2025-11-03,42.34,42.34,41.01,41.82,12389858.0,514867232.0
2025-11-04,41.65,41.85,40.7,41.06,10354935.0,426923264.0
2025-11-05,40.5,41.19,40.08,40.95,9515757.0,386451648.0
2025-11-06,41.03,41.28,40.5,41.18,8564138.0,350681856.0
2025-11-07,40.9,41.0,40.5,40.51,7197363.0,292284160.0
2025-11-10,40.3,40.49,39.78,40.22,8913331.0,357423328.0
2025-11-11,40.22,40.56,40.0,40.18,6520120.0,262270032.0
2025-11-12,40.3,40.33,38.81,39.15,9567091.0,375691936.0
2025-11-13,39.1,39.46,38.77,39.35,7436465.0,291555328.0
2025-11-14,39.09,40.8,39.09,39.99,14295369.0,574956288.0
2025-11-17,41.56,42.6,41.55,41.99,27600646.0,1160448896.0
2025-11-18,41.2,41.29,39.76,39.91,16120304.0,646434048.0
2025-11-19,39.52,42.09,39.2,41.38,20655656.0,845791552.0
2025-11-20,40.3,40.55,39.86,40.01,12778150.0,512434784.0
2025-11-21,39.61,40.66,38.22,38.89,15623840.0,616305344.0
2025-11-24,39.0,42.01,39.0,41.29,23218268.0,940700224.0
2025-11-25,40.29,40.62,39.85,40.25,16480071.0,662781888.0
2025-11-26,39.95,39.95,39.38,39.43,10963567.0,432888576.0
2025-11-27,39.23,39.56,39.21,39.27,6536199.0,257590272.0
2025-11-28,39.27,39.71,39.01,39.54,6259126.0,246548112.0
2025-12-01,39.46,39.73,39.3,39.68,7141996.0,282626080.0
2025-12-02,39.93,39.93,39.24,39.26,5703589.0,224664048.0
2025-12-03,39.05,39.09,38.29,38.3,8418878.0,324187040.0
2025-12-04,38.3,38.3,37.45,37.71,6862177.0,259174672.0
2025-12-05,37.95,38.17,37.3,38.08,5685804.0,214672224.0
2025-12-08,38.0,38.7,38.0,38.4,7031193.0,270607808.0
2025-12-09,38.12,38.36,38.0,38.06,5391768.0,205369824.0
2025-12-10,38.02,38.11,37.7,37.96,4711055.0,178356944.0
2025-12-11,38.04,38.05,37.0,37.02,7061814.0,264309504.0
2025-12-12,37.01,37.28,36.39,37.04,6642531.0,245108512.0
2025-12-15,36.81,36.98,36.2,36.26,6391241.0,233160464.0
2025-12-16,36.26,36.37,34.82,35.12,9461980.0,332887072.0
2025-12-17,36.0,36.9,35.43,35.82,10543967.0,380529536.0
2025-12-18,35.46,36.15,35.23,35.68,7158124.0,255682000.0
2025-12-19,35.62,36.17,35.53,35.99,5832350.0,209325344.0
2025-12-22,36.0,36.29,35.88,36.09,5012075.0,181070448.0
2025-12-23,36.09,36.09,35.57,35.65,5252309.0,187800544.0
2025-12-24,35.65,36.7,35.49,36.4,8440957.0,305679456.0
2025-12-25,36.19,37.5,36.19,37.22,12358777.0,458784832.0
2025-12-26,37.05,37.58,36.51,37.22,10167109.0,376203168.0
2025-12-29,37.25,38.68,37.03,37.77,15446505.0,583075008.0
2025-12-30,37.4,37.58,36.85,36.88,11310865.0,419965248.0
2025-12-31,36.7,37.38,36.5,37.08,7627403.0,281641504.0
2026-01-05,37.36,37.86,37.01,37.53,11462925.0,428735200.0
2026-01-06,37.3,38.28,37.18,38.2,14115521.0,534790688.0
2026-01-07,38.28,38.28,37.25,37.33,11146715.0,418738304.0
2026-01-08,37.19,38.89,37.07,38.68,21474836.0,823354688.0
2026-01-09,39.08,42.18,38.66,40.58,36858368.0,1487811968.0
2026-01-12,40.58,41.28,39.8,41.14,29769500.0,1197707392.0
2026-01-13,40.73,40.73,38.75,38.76,21189458.0,833225472.0
2026-01-14,38.38,39.22,38.2,38.48,12970983.0,503011520.0
2026-01-15,38.6,39.55,38.6,38.97,11248693.0,440009920.0
2026-01-16,38.59,38.68,37.93,38.22,10377548.0,396695520.0
2026-01-19,38.0,39.35,37.73,38.92,11479193.0,444196832.0
2026-01-20,38.6,38.83,37.9,38.01,7840794.0,299701248.0
2026-01-21,38.0,38.0,37.46,37.73,6190405.0,233630320.0
2026-01-22,37.61,38.25,37.61,37.86,4945400.0,187547744.0
2026-01-23,37.8,38.06,37.5,38.02,6783370.0,256784144.0
2026-01-26,38.03,38.1,37.0,37.01,8851878.0,330097920.0
2026-01-27,37.0,37.35,36.5,37.17,5682000.0,209971440.0
2026-01-28,37.1,37.49,36.67,36.68,5901518.0,217642992.0
2026-01-29,36.48,36.6,35.76,36.04,6301075.0,228297504.0
2026-01-30,36.02,36.25,35.78,36.12,4792495.0,172789136.0
2026-02-02,36.1,36.29,35.34,35.34,4866000.0,174012512.0
2026-02-03,35.47,35.8,35.3,35.79,4252268.0,151307312.0
2026-02-04,35.8,36.81,35.8,36.39,6624785.0,240953296.0
2026-02-05,36.31,36.55,36.02,36.07,3574413.0,129364680.0
2026-02-06,36.04,36.05,35.61,35.86,3145000.0,112785528.0
2026-02-09,36.33,36.33,35.9,36.18,3486381.0,125878416.0
2026-02-10,36.14,36.8,36.0,36.5,5712455.0,208680208.0
2026-02-11,36.31,36.58,36.11,36.17,3281400.0,119111624.0
2026-02-12,36.02,36.15,35.71,35.74,3668019.0,131479384.0
2026-02-13,35.72,36.27,35.66,36.09,4165888.0,150380624.0
2026-02-24,36.2,36.66,36.02,36.59,5211724.0,190172208.0
2026-02-25,36.58,36.6,36.25,36.5,5216555.0,190069280.0
2026-02-26,36.5,36.5,36.08,36.2,3897256.0,140998848.0
2026-02-27,36.2,36.91,36.07,36.52,6182828.0,225419600.0
2026-03-02,37.95,38.84,37.6,37.93,21586946.0,824016960.0
2026-03-03,37.18,37.5,35.68,35.71,12521171.0,454630016.0
2026-03-04,35.36,36.35,34.13,35.8,7311146.0,259629568.0
2026-03-05,35.8,35.9,35.11,35.22,5804498.0,205141296.0
2026-03-06,35.23,35.42,34.86,35.28,3921723.0,137830256.0
2026-03-09,35.14,35.14,34.35,34.5,5091852.0,175891600.0
2026-03-10,34.42,34.85,34.42,34.67,3030799.0,105022912.0
2026-03-11,34.68,36.15,34.52,35.28,7137371.0,252658960.0
2026-03-12,34.85,34.98,34.58,34.7,3985935.0,138402672.0
2026-03-13,34.68,35.51,34.21,34.65,5170247.0,180009712.0
2026-03-16,34.6,34.6,34.15,34.25,3326300.0,113992544.0
2026-03-17,34.38,34.49,34.18,34.25,2899801.0,99448520.0
2026-03-18,34.25,34.27,33.8,33.97,3057450.0,103638112.0
2026-03-19,33.81,33.81,32.24,32.28,5398136.0,177964976.0
2026-03-20,32.03,32.6,30.51,30.7,6602666.0,206324048.0
2026-03-23,30.16,30.65,28.89,28.94,7566091.0,223466416.0
2026-03-24,29.44,30.64,29.04,30.28,9633602.0,289460864.0
2026-03-25,29.98,33.3,29.81,32.4,12424196.0,390709920.0
2026-03-26,31.7,31.82,30.64,30.8,8132901.0,252836928.0
2026-03-27,30.5,31.37,30.28,31.15,4437933.0,137903088.0
2026-03-30,30.66,31.64,30.63,31.35,3614291.0,113003944.0
2026-03-31,31.25,31.59,31.11,31.12,3462099.0,108607544.0
2026-04-01,31.48,31.55,30.86,31.23,3116851.0,97007080.0
2026-04-02,31.2,31.38,30.7,30.83,2910692.0,90127656.0
2026-04-03,31.1,31.1,30.04,30.18,2517800.0,76262280.0
2026-04-07,30.13,30.3,30.06,30.18,1840958.0,55550596.0
2026-04-08,30.55,31.19,30.38,31.09,4366086.0,134893584.0
2026-04-09,30.85,31.13,30.74,30.88,2925315.0,90420136.0
2026-04-10,31.13,31.49,31.0,31.03,3606819.0,112598432.0
2026-04-13,31.04,33.99,30.99,32.66,13401076.0,432957760.0
2026-04-14,32.61,32.65,31.77,32.06,8676499.0,277444672.0
2026-04-15,31.9,32.22,31.6,31.63,5009300.0,159610224.0
2026-04-16,31.53,31.75,31.44,31.65,3738640.0,118169160.0
2026-04-17,31.68,31.78,31.31,31.72,3444514.0,108736048.0
2026-04-20,31.71,32.08,31.5,32.01,4168428.0,132987920.0
2026-04-21,32.01,32.33,31.63,31.8,4401932.0,140555760.0
2026-04-22,31.66,31.67,31.33,31.56,3131755.0,98563848.0
2026-04-23,31.4,31.65,30.91,31.1,3586699.0,112072056.0
2026-04-24,30.9,31.03,30.51,30.56,2930286.0,89825832.0
2026-04-27,30.5,30.72,30.11,30.66,2883000.0,87875112.0
2026-04-28,29.95,29.95,29.0,29.06,7896302.0,230957616.0
2026-04-29,29.08,29.35,28.8,29.23,3568934.0,103900856.0
2026-04-30,29.17,29.53,29.1,29.52,3082675.0,90628872.0
2026-05-06,29.6,30.06,29.6,29.91,3700400.0,110718696.0
2026-05-07,29.92,30.08,29.79,30.0,3924948.0,117466528.0
2026-05-08,30.04,30.65,29.8,30.51,5639484.0,171094896.0
2026-05-11,30.52,30.59,30.0,30.18,4680086.0,141155776.0
2026-05-12,30.18,33.2,29.54,33.2,17801644.0,574789056.0
2026-05-13,33.12,36.38,32.76,33.85,32097320.0,1103907968.0
2026-05-14,33.26,33.57,32.0,32.01,18333772.0,601179328.0
2026-05-15,32.3,33.39,31.4,31.76,15221830.0,491310144.0
2026-05-18,31.5,32.37,30.82,31.98,12580513.0,396516096.0
2026-05-19,31.47,32.2,31.3,31.97,7761642.0,245690848.0
2026-05-20,31.8,32.33,30.65,30.7,8833078.0,277114336.0
2026-05-21,30.61,31.31,29.65,29.7,7433154.0,227020816.0
2026-05-22,30.0,30.36,29.72,30.24,5198975.0,156207120.0
2026-05-25,30.18,30.18,29.2,29.41,6132669.0,181263520.0
2026-05-26,29.21,29.33,28.2,28.34,7715265.0,219959280.0
2026-05-27,28.34,28.59,27.6,27.67,5050981.0,141579504.0
2026-05-28,27.69,28.3,27.55,28.17,4295222.0,120385592.0
2026-05-29,28.18,28.7,27.6,27.71,4609401.0,128978440.0
2026-06-01,27.46,28.0,26.92,27.83,2554321.0,70913008.0
2026-06-02,27.8,27.83,26.83,27.1,3687630.0,99895560.0
2026-06-03,27.0,27.5,26.63,26.98,3890402.0,104781360.0
2026-06-04,26.72,26.72,26.0,26.11,4906600.0,128813152.0
2026-06-05,26.1,26.58,25.91,26.08,3542847.0,92739640.0
2026-06-08,24.99,25.88,24.74,25.07,4148387.0,104845640.0
2026-06-09,25.2,25.31,24.78,25.17,3066896.0,76798320.0
2026-06-10,25.11,26.1,25.0,25.28,4855954.0,123743232.0
2026-06-11,24.9,25.08,24.48,24.61,4172290.0,103136096.0
2026-06-12,24.88,27.07,24.81,27.07,10527050.0,278700160.0
2026-06-15,26.57,26.97,26.2,26.62,10560071.0,279750816.0
2026-06-16,26.5,26.54,26.16,26.24,5865600.0,154073856.0
2026-06-17,26.45,28.1,25.86,27.31,12446319.0,335044000.0
2026-06-18,26.8,26.82,26.45,26.46,6411571.0,170527680.0
2026-06-22,26.56,26.56,25.5,26.17,6200411.0,160329728.0
2026-06-23,25.9,26.4,25.51,25.54,4455298.0,115671520.0
2026-06-24,25.57,26.5,25.0,25.83,6028957.0,154677088.0
2026-06-25,25.34,25.57,24.8,24.8,4859023.0,121589360.0
2026-06-26,24.8,24.8,23.45,23.45,5214326.0,125219128.0
2026-06-29,23.31,23.79,22.88,23.04,4127129.0,95569928.0
2026-06-30,23.0,24.42,22.9,24.32,5801419.0,137358352.0
2026-07-01,24.27,24.71,24.03,24.19,4489728.0,109280632.0
2026-07-02,24.16,24.4,23.61,23.68,3627490.0,87215824.0
2026-07-03,23.72,24.49,23.72,24.21,4322915.0,104775016.0
2026-07-06,24.2,24.48,23.57,23.57,3327911.0,79515888.0
2026-07-07,23.58,23.73,22.91,23.02,2712224.0,62801448.0
2026-07-08,22.91,23.13,21.98,22.11,4342908.0,96948408.0
2026-07-09,21.93,22.38,21.44,22.15,3798028.0,83093128.0
2026-07-10,22.15,23.48,21.84,22.77,6774158.0,154686704.0
2026-07-13,22.67,22.7,21.32,21.37,5015974.0,108914336.0
2026-07-14,21.35,21.35,20.76,21.24,3277086.0,68875912.0
2026-07-15,20.9,21.49,20.86,21.23,2842878.0,60337216.0
2026-07-16,20.91,21.72,20.89,21.45,3496100.0,74899920.0
2026-07-17,21.45,21.58,20.82,20.99,4217700.0,89422344.0
2026-07-20,21.0,21.52,20.62,21.13,4012426.0,84660592.0
2026-07-21,20.92,21.13,20.36,20.98,4207800.0,87563096.0
2026-07-22,20.9,21.46,20.71,21.15,4162523.0,88268216.0
2026-07-23,21.4,22.93,21.02,22.34,11215334.0,248268464.0
2026-07-24,21.88,23.94,21.78,22.85,14034355.0,324218848.0
2026-07-27,21.91,23.89,21.6,23.26,11797962.0,270067968.0
2026-07-28,22.79,23.37,22.6,22.72,6952285.0,158329568.0
2026-07-29,22.69,23.1,22.34,22.73,5557038.0,125966496.0
2026-07-30,22.7,23.17,22.46,22.54,6363820.0,145242384.0
2026-07-31,22.18,23.0,22.18,22.88,6368667.0,144758048.0
2026-08-03,22.85,23.11,22.58,23.11,4802126.0,110113184.0
2026-08-04,23.2,23.43,22.95,23.32,4712978.0,109457144.0
2026-08-05,23.32,23.57,23.19,23.43,5023223.0,117611568.0
2026-08-06,23.3,23.7,23.1,23.44,5103917.0,119312616.0
2026-08-07,23.39,23.41,22.84,23.2,4153776.0,95822272.0
2026-08-10,23.09,24.19,23.09,24.15,11125263.0,265299808.0
2026-08-11,24.04,24.04,23.28,23.58,7038134.0,165787584.0
2026-08-12,23.59,23.79,23.45,23.63,3532304.0,83383992.0
2026-08-13,23.57,24.06,23.38,23.62,5677281.0,134864464.0
2026-08-14,23.49,25.98,23.39,25.21,26397654.0,671119744.0
2026-08-17,25.05,25.55,24.72,25.02,19145584.0,480227840.0
2026-08-18,25.2,25.28,24.0,24.18,10248945.0,248967936.0
2026-08-19,23.99,24.09,22.73,22.73,8375500.0,193781920.0
2026-08-20,23.16,23.16,22.78,23.02,4334556.0,99594112.0
2026-08-21,22.88,22.9,22.3,22.81,3571374.0,80821632.0
2026-08-24,22.81,23.15,22.54,22.68,3714883.0,84651776.0
2026-08-25,22.53,23.02,22.4,22.85,3827500.0,86993096.0
2026-08-26,23.01,24.15,22.87,23.2,6195974.0,145040784.0
2026-08-27,23.27,25.52,22.96,25.52,22498152.0,561663424.0
2026-08-28,26.03,26.78,25.6,25.99,29451568.0,767278848.0
2026-08-31,25.75,26.22,25.1,25.8,15400901.0,394476960.0
2026-09-01,25.86,26.8,25.67,26.28,17107516.0,451098656.0
2026-09-02,26.32,27.65,26.3,26.4,29012792.0,784471680.0
2026-09-03,26.61,26.64,25.7,25.82,19035430.0,494543840.0
2026-09-04,26.06,26.35,25.68,25.77,10894627.0,283300928.0
