date,open,high,low,close,volume,amount
2022-10-11,0.23915748163751024,0.2869659931037305,0.23915748163751024,0.2869659931037305,1272047.0,63241052.0
2022-10-12,0.3156396075528217,0.3156396075528217,0.2869659931037305,0.3156396075528217,3529185.0,193332864.0
2022-10-13,0.29880319666387634,0.30742251964456513,0.2840928854435009,0.2840928854435009,7169958.0,364952160.0
2022-10-14,0.2643259047411214,0.2729452277218101,0.2567409005181153,0.2580625300418209,7391718.0,338937728.0
2022-10-17,0.28386303683068254,0.28386303683068254,0.28386303683068254,0.28386303683068254,4195129.0,207239376.0
2022-10-18,0.3044344876779263,0.3122493405137508,0.29133311674727946,0.3093187707003166,11212653.0,595116544.0
2022-10-19,0.29420622440750904,0.3113874082156819,0.28817269832102693,0.2917928139729162,8484061.0,441418112.0
2022-10-20,0.28644883372488916,0.29512561885878247,0.2760481839948581,0.2799556104127703,5036221.0,247715680.0
2022-10-21,0.279438451033929,0.2821966343877494,0.27156613604489993,0.27392208432628823,3667321.0,175952096.0
2022-10-24,0.27696757844613157,0.29185027612612074,0.27518625169678923,0.28621898511207083,4867672.0,240265056.0
2022-10-25,0.28512720420118354,0.28518466635438816,0.2746690923179479,0.27828920796983714,2861191.0,139437024.0
2022-10-26,0.28041530763840705,0.297021869914534,0.2788638295018831,0.2893794035383233,3676309.0,184718432.0
2022-10-27,0.2868510687973213,0.2981136508254213,0.2856443635800249,0.28621898511207083,3068473.0,155653648.0
2022-10-28,0.2839204989838871,0.2850122798947744,0.2648430641199627,0.2662221557968729,3250239.0,154413104.0
2022-10-31,0.2643259047411214,0.27357731140706065,0.2627169644513928,0.27133628743208155,1621500.0,76430224.0
2022-11-01,0.2720258332705367,0.2805876940980208,0.27007212006158055,0.27817428366342795,1559611.0,74986232.0
2022-11-02,0.27771458643779123,0.28386303683068254,0.2775421999781775,0.27840413227624633,1766665.0,86261400.0
2022-11-03,0.2775421999781775,0.2916204275133024,0.275358638156403,0.2848398934351606,2047099.0,101252592.0
2022-11-04,0.2839204989838871,0.31334112142463805,0.2839204989838871,0.31334112142463805,2487641.0,129721688.0
2022-11-07,0.33557897471481496,0.34465799492114046,0.3292581378623099,0.34465799492114046,5069615.0,299506784.0
2022-11-08,0.3477034890409838,0.34936989148391695,0.3275342732661722,0.328683516330264,5179154.0,301956768.0
2022-11-09,0.33500435318276905,0.35902353322228836,0.33500435318276905,0.3505191345480088,4052360.0,244603680.0
2022-11-10,0.346554245976892,0.35471387173194396,0.33736030146415735,0.3428766681717981,2483016.0,148707008.0
2022-11-11,0.3505191345480088,0.3505191345480088,0.3250059385251701,0.3275342732661722,2417479.0,141289104.0
2022-11-14,0.3275342732661722,0.3331081021270175,0.3203515041155982,0.3232246117758278,1584701.0,90089664.0
2022-11-15,0.3218455200989176,0.33431480734431396,0.3218455200989176,0.3324185562885625,1617268.0,93025088.0
2022-11-16,0.3316140861436982,0.3329931778206084,0.3134560457310472,0.3186276395194605,2505119.0,139932000.0
2022-11-17,0.3162716912380722,0.324316392686715,0.31236426482016,0.3228798388566002,1463801.0,81057632.0
2022-11-18,0.32150074717969007,0.3246611656059426,0.31098517314324975,0.31127248390927276,1563279.0,86267736.0
2022-11-21,0.31121502175606813,0.31983434473675687,0.3063307387336779,0.317708245068187,1557042.0,85131912.0
2022-11-22,0.314892599561162,0.3171910856893457,0.3034001689202437,0.3045494119843355,1495707.0,80778976.0
2022-11-23,0.30512403351638145,0.3060434279676549,0.2893794035383233,0.2976539535997845,1525802.0,78521344.0
2022-11-24,0.2976539535997845,0.30857176270865694,0.296045013310056,0.30161884217090135,1177990.0,62131528.0
2022-11-25,0.30092929633244625,0.3022509258561519,0.2909308816748473,0.29334429210944013,1214480.0,62450908.0
2022-11-28,0.2898965629171647,0.29593008900364676,0.28725330386975345,0.2909883438280519,1035350.0,52235652.0
2022-11-29,0.2901838736831876,0.29822857513183043,0.28966671430434626,0.2961024754632606,1199933.0,61389648.0
2022-11-30,0.29564277823762386,0.3016763043241059,0.2898965629171647,0.29868827235746714,1413309.0,72753392.0
2022-12-01,0.2999524397279682,0.3128239620457967,0.2999524397279682,0.30299793384781154,2221867.0,118613720.0
2022-12-02,0.30110168279206,0.33328048858663134,0.30110168279206,0.33328048858663134,3873576.0,214118240.0
2022-12-05,0.33862446883465835,0.33862446883465835,0.31661646415729977,0.3244313169931242,3021022.0,171630544.0
2022-12-06,0.32425893053351046,0.32506340067837475,0.3124791891265692,0.31460528879513905,1635755.0,90405024.0
2022-12-07,0.3157545318592309,0.32621264374246656,0.3125941134329783,0.3165015398508906,1971800.0,109200144.0
2022-12-08,0.3157545318592309,0.31661646415729977,0.3096060814663396,0.31483513740795743,1215400.0,66336356.0
2022-12-09,0.31437544018232066,0.31811048014061916,0.30380240399267583,0.30380240399267583,2126064.0,114479992.0
2022-12-12,0.30058452341321873,0.3074799817977697,0.2976539535997845,0.30385986614588045,1132700.0,59753836.0
2022-12-13,0.30305539600101616,0.30500910920997226,0.29535546747160085,0.29661963484210185,851900.0,44375076.0
2022-12-14,0.29817111297862586,0.3102956273047947,0.29742410498696614,0.3021360015497427,1386900.0,73385000.0
2022-12-15,0.30035467480040035,0.31190456759452323,0.30035467480040035,0.3086292248618615,1371900.0,73539320.0
2022-12-16,0.30512403351638145,0.3075949061041789,0.2917353518197116,0.2939189136414861,1660200.0,85661472.0
2022-12-19,0.29253982196457584,0.3001822883407866,0.2890920927723004,0.29196520043253,1227400.0,62882208.0
2022-12-20,0.2903562601428014,0.2970793320677386,0.2903562601428014,0.2931144434966218,888600.0,45397712.0
2022-12-21,0.2909308816748473,0.2923099733517575,0.2786914430422693,0.2813921642428851,1232300.0,60632184.0
2022-12-22,0.2818518614685218,0.2842078097499101,0.2727153791089918,0.2727153791089918,757700.0,36597172.0
2022-12-23,0.2729452277218101,0.274094470785902,0.2670266259417372,0.2688654148442841,681700.0,32064934.0
2022-12-26,0.26811840685262445,0.28035784548520243,0.26811840685262445,0.2781168215102234,802900.0,38569664.0
2022-12-27,0.2775421999781775,0.2821391722345448,0.2746690923179479,0.27984068610636115,678900.0,32894804.0
2022-12-28,0.2773123513653591,0.27817428366342795,0.26995719575517135,0.2739795464794928,767700.0,36430468.0
2022-12-29,0.27133628743208155,0.27495640308397085,0.27007212006158055,0.27007212006158055,571879.0,27081208.0
2022-12-30,0.27133628743208155,0.2729452277218101,0.2684057176186474,0.2693251120699208,693700.0,32622276.0
2023-01-03,0.2693251120699208,0.28041530763840705,0.2684057176186474,0.27972576179995196,994700.0,47852068.0
2023-01-04,0.2780593593570188,0.2790936781147014,0.272255681883355,0.2752437138499938,960900.0,46047384.0
2023-01-05,0.2751287895435846,0.28328841529863663,0.27357731140706065,0.2816220128557035,1352600.0,65776640.0
2023-01-06,0.28030038333199786,0.2890920927723004,0.2775996621313821,0.2828861802262045,1448700.0,71213360.0
2023-01-09,0.2835757260646596,0.2911032681344611,0.28064515625122544,0.2882876226274361,1227024.0,61049560.0
2023-01-10,0.287310766022958,0.29029879798959685,0.2848398934351606,0.2890346306190958,1037709.0,51870852.0
2023-01-11,0.2883450847806407,0.2911032681344611,0.27984068610636115,0.27984068610636115,1092913.0,53968736.0
2023-01-12,0.2802429211787933,0.290413722296006,0.2802429211787933,0.28415034759670554,1208700.0,60238772.0
2023-01-13,0.28506974204797897,0.29328682995623556,0.28225409654095396,0.29001148722357384,1378880.0,69314584.0
2023-01-16,0.28840254693384526,0.2952405431651917,0.287310766022958,0.28771300109539016,1219000.0,61603236.0
2023-01-17,0.29684948345492024,0.29684948345492024,0.27972576179995196,0.28317349099222744,2503218.0,124153464.0
2023-01-18,0.28328841529863663,0.2848973555883652,0.2772548892121545,0.2775421999781775,1570100.0,76427960.0
2023-01-19,0.27748473782497285,0.283230953145432,0.2758183353820397,0.27926606457431524,1552900.0,75671024.0
2023-01-20,0.2793809888807244,0.2820242479281356,0.2781168215102234,0.28007053471917953,916800.0,44579116.0
2023-01-30,0.2824264830005677,0.2876555389421856,0.28236902084736315,0.2852995906607973,1263120.0,62794816.0
2023-01-31,0.2855869014268203,0.2909883438280519,0.28305856668581825,0.28966671430434626,1442081.0,72088104.0
2023-02-01,0.2901838736831876,0.2927696705773943,0.28863239554666364,0.29259728411778047,1097800.0,55605120.0
2023-02-02,0.29190773827932537,0.2963897862292835,0.2902413358363922,0.29213758689214375,1163836.0,59165500.0
2023-02-03,0.2911032681344611,0.2936890650286677,0.286621220184503,0.29075849521523356,808205.0,40712608.0
2023-02-06,0.29058610875561974,0.29363160287546314,0.2888047820062774,0.29121819244087027,912600.0,46286536.0
2023-02-07,0.29047118444921055,0.3015613800176967,0.2898965629171647,0.2962173997696697,1175400.0,60504252.0
2023-02-08,0.29644724838248815,0.30368747968626664,0.29478084593955495,0.29822857513183043,1411400.0,73465024.0
2023-02-09,0.29886065881708096,0.3072501331849513,0.29748156714017077,0.3047792605971539,1917122.0,101433456.0
2023-02-10,0.3022509258561519,0.3078247547169972,0.30000990188117277,0.3013315314048784,1399426.0,73901264.0
2023-02-13,0.30081437202603706,0.30466433629074474,0.29874573451067177,0.3008718341792417,1337720.0,70156896.0
2023-02-14,0.30104422063885544,0.3067904359593146,0.30023975049399115,0.3024807744689702,1072101.0,56557404.0
2023-02-15,0.3021360015497427,0.3081695276362248,0.3011591449452646,0.3066755116529054,1362037.0,72416624.0
2023-02-16,0.30569865504842736,0.30627327658047326,0.2908734195216427,0.29202266258573456,1452000.0,75645704.0
2023-02-17,0.2930569813434172,0.30023975049399115,0.2922525111985529,0.2931719056498264,1043783.0,53704804.0
2023-02-20,0.29409130010109985,0.295757702544033,0.2890920927723004,0.29478084593955495,677000.0,34433232.0
2023-02-21,0.29478084593955495,0.2979412643658075,0.28932194138511874,0.2962173997696697,1023501.0,52205120.0
2023-02-22,0.2934592164158493,0.29679202130171567,0.29208012473893913,0.29420622440750904,556568.0,28498152.0
2023-02-23,0.29420622440750904,0.29581516469723756,0.28995402507036927,0.29213758689214375,735800.0,37432456.0
2023-02-24,0.29133311674727946,0.29351667856905395,0.287885387555004,0.2893794035383233,712100.0,35967168.0
2023-02-27,0.2882301604742315,0.28932194138511874,0.28415034759670554,0.2842652719031147,668800.0,33286884.0
2023-02-28,0.2854719771204111,0.2869659931037305,0.28282871807299986,0.2859316743460478,486668.0,24137828.0
2023-03-01,0.2859316743460478,0.2892644792319142,0.2840928854435009,0.2890920927723004,629600.0,31430944.0
2023-03-02,0.289149554925505,0.29075849521523356,0.28282871807299986,0.2850122798947744,876314.0,43559960.0
2023-03-03,0.28506974204797897,0.28794284970820855,0.28386303683068254,0.28713837956334426,624000.0,31025400.0
2023-03-06,0.2869085309505259,0.2870234552569351,0.28190932362172644,0.28524212850759273,718700.0,35571700.0
2023-03-07,0.2852995906607973,0.2855294392736157,0.2746690923179479,0.27518625169678923,1020678.0,49521876.0
2023-03-08,0.27484147877756165,0.27696757844613157,0.274094470785902,0.27696757844613157,503560.0,24132844.0
2023-03-09,0.27668026768010856,0.28225409654095396,0.2758183353820397,0.2811623156300667,646200.0,31424624.0
2023-03-10,0.28041530763840705,0.28144962639608967,0.2760481839948581,0.2762780326076764,450700.0,21859970.0
2023-03-13,0.27576087322883513,0.2772548892121545,0.2712213631256724,0.2729452277218101,635126.0,30172580.0
2023-03-14,0.27231314403655965,0.27231314403655965,0.2643259047411214,0.2682907933122382,838626.0,39014236.0
2023-03-15,0.2696698849891484,0.27265791695578717,0.2684057176186474,0.26846317977185197,485100.0,22836688.0
2023-03-16,0.2680609446994198,0.27087659020644483,0.2658773828776454,0.2689228769974887,581700.0,27218580.0
2023-03-17,0.27053181728721726,0.2793235267275198,0.2689228769974887,0.2759907218416535,784326.0,37425100.0
2023-03-20,0.27702504059933614,0.2772548892121545,0.2721982197301504,0.2767951919865178,642600.0,30821382.0
2023-03-21,0.27484147877756165,0.28064515625122544,0.27484147877756165,0.2804727697916117,517100.0,25031428.0
2023-03-22,0.28156455070249886,0.2824264830005677,0.2792086024211106,0.2807600805576346,396400.0,19371028.0
2023-03-23,0.28007053471917953,0.284782431281956,0.27972576179995196,0.28167947500890805,639100.0,31368620.0
2023-03-24,0.2813921642428851,0.2848973555883652,0.2775996621313821,0.2818518614685218,789600.0,38747540.0
2023-03-27,0.2816220128557035,0.28305856668581825,0.27484147877756165,0.2781168215102234,693500.0,33532884.0
2023-03-28,0.2813921642428851,0.28311602883902287,0.2723706061897642,0.2744392437051295,810800.0,38988120.0
2023-03-29,0.2761631083012673,0.2821391722345448,0.27449670585833413,0.28041530763840705,779900.0,37939712.0
2023-03-30,0.28041530763840705,0.2815070885492943,0.2747840166243571,0.2790936781147014,576600.0,27888904.0
2023-03-31,0.28007053471917953,0.29121819244087027,0.28007053471917953,0.28995402507036927,1688907.0,84783664.0
2023-04-03,0.28995402507036927,0.3006419855664233,0.2888047820062774,0.2962173997696697,1985825.0,102264496.0
2023-04-04,0.2963323240760789,0.2971367942209432,0.29196520043253,0.2938039893350769,1041937.0,53355140.0
2023-04-06,0.2924248976581667,0.30081437202603706,0.29121819244087027,0.2970793320677386,1336011.0,69161976.0
2023-04-07,0.2965047105356927,0.299837515421559,0.2959875511568514,0.2992054317363085,795000.0,41239200.0
2023-04-10,0.2990330452766947,0.3035150932266529,0.2965047105356927,0.2965621726888973,975555.0,50875856.0
2023-04-11,0.29661963484210185,0.30046959910680954,0.29466592163314576,0.29978005326835444,974777.0,50549908.0
2023-04-12,0.2986308102042626,0.3016763043241059,0.2978838022126029,0.3012166070984692,681300.0,35608316.0
2023-04-13,0.3016763043241059,0.30431956337151717,0.2966770969953065,0.29679202130171567,801300.0,41867912.0
2023-04-14,0.2971367942209432,0.3021934637029473,0.2965047105356927,0.3002972126471957,841591.0,43972888.0
2023-04-17,0.3016763043241059,0.30983593007915794,0.30058452341321873,0.30845683840224775,1471300.0,78555704.0
2023-04-18,0.3065605873464962,0.3073650574913605,0.3021934637029473,0.3044919498311309,875300.0,46350196.0
2023-04-19,0.30500910920997226,0.31891495028548345,0.30483672275035845,0.30972100577274875,1232600.0,66958516.0
2023-04-20,0.3088590734746799,0.31196202974772785,0.30512403351638145,0.3065605873464962,956200.0,51174828.0
2023-04-21,0.30615835227406407,0.307709830410588,0.2943786108671228,0.29483830809275957,1187901.0,61888920.0
2023-04-24,0.29483830809275957,0.29558531608441924,0.28932194138511874,0.2901838736831876,851215.0,43174868.0
2023-04-25,0.26116548631486886,0.2643259047411214,0.26116548631486886,0.26116548631486886,450600.0,20485280.0
2023-04-26,0.23938733025032863,0.2451335455707878,0.23507766875998426,0.23530751737280264,2823155.0,115954936.0
2023-04-27,0.23438812292152916,0.2347903579939613,0.22657327008570471,0.22697550515813686,1661014.0,66486848.0
2023-04-28,0.22703296731134143,0.23611198751766693,0.22703296731134143,0.23456050938114295,1236700.0,50222864.0
2023-05-04,0.23157247741450415,0.23157247741450415,0.2266881943921139,0.22984861281836644,1145300.0,45501884.0
2023-05-05,0.2292739912863205,0.229906074971571,0.22467701902995318,0.22553895132802207,705700.0,27753896.0
2023-05-08,0.22657327008570471,0.22829713468184243,0.22341285165945218,0.22611357286006797,635400.0,24933572.0
2023-05-09,0.22530910271520369,0.225826262094045,0.21893080370949403,0.21893080370949403,956600.0,36855848.0
2023-05-10,0.22013750892679046,0.22232107074856491,0.21887334155628946,0.22082705476524556,507691.0,19492420.0
2023-05-11,0.2212292898376777,0.2237576245786797,0.22088451691845012,0.2232404651998384,459000.0,17784080.0
2023-05-12,0.22335538950624756,0.2243897082639302,0.21910319016910781,0.2197927360075629,536100.0,20623564.0
2023-05-15,0.2199076603139721,0.22525164056199912,0.21985019816076748,0.22513671625558992,674800.0,26068552.0
2023-05-16,0.9122713634113283,0.954097523394447,0.886582855705161,0.9264329766339591,2129280.0,59638160.0
2023-05-17,0.9079899454603004,0.9534388437096735,0.8964630509767637,0.9396065703294295,2149100.0,60635984.0
2023-05-18,0.923798257894865,0.9534388437096735,0.923798257894865,0.9478400663890986,1552915.0,44475432.0
2023-05-19,0.9452053476500044,0.9511334648129661,0.9353251523784015,0.9353251523784015,1029197.0,29391256.0
2023-05-22,0.9313730742697606,0.9419119492261369,0.9257742969491856,0.933349113324081,881517.0,24968860.0
2023-05-23,0.933349113324081,0.9405945898565897,0.9244569375796385,0.9280796758458929,827689.0,23447884.0
2023-05-24,0.9280796758458929,0.9942769841656319,0.9211635391557709,0.9735285740952658,2057655.0,60110364.0
2023-05-25,0.9626603592965028,0.9840674490516422,0.9478400663890986,0.966612437405144,1388520.0,40535304.0
2023-05-26,0.966612437405144,0.9794566912582275,0.9511334648129661,0.9755046131495865,1056620.0,30993800.0
2023-05-29,0.9682591366170776,1.0239175699804404,0.9682591366170776,1.0173307731327053,2184820.0,66786032.0
2023-05-30,1.013708034866451,1.013708034866451,0.9880195271602834,0.9903249060569908,1468876.0,44343228.0
2023-05-31,0.9949356638504054,1.0525701362680886,0.9847261287364157,1.0097559567578096,2121312.0,65898212.0
2023-06-01,1.0074505778611023,1.0469713589475136,1.0002051013285935,1.0324804058824961,2642286.0,82170720.0
2023-06-02,1.0525701362680886,1.0538874956376356,0.9880195271602834,0.9992170818014333,2304000.0,70530056.0
2023-06-05,0.9939476443232451,1.0321510660401094,0.9929596247960848,1.018977472344639,1525517.0,46957944.0
2023-06-06,1.0110733161273566,1.0110733161273566,0.9712231951985585,0.9784686717310673,1615730.0,48591128.0
2023-06-07,0.9715525350409453,0.9913129255841511,0.9672711170899174,0.978798011573454,770337.0,22924644.0
2023-06-08,0.974845933464813,0.9768219725191335,0.9501454452858059,0.9557442226063808,1022560.0,29809066.0
2023-06-09,0.9547562030792205,0.969247156144238,0.9491574257586456,0.9577202616607013,745880.0,21697972.0
2023-06-12,0.9550855429216073,0.984396788894029,0.9521214843401264,0.9768219725191335,891320.0,26192784.0
2023-06-13,0.969247156144238,0.9903249060569908,0.969247156144238,0.9837381092092555,750360.0,22381476.0
2023-06-14,0.9797860311006144,0.9834087693668687,0.9643070585084367,0.9731992342528791,644180.0,19001252.0
2023-06-15,0.9778099920462938,0.9778099920462938,0.962331019454116,0.9669417772475306,671832.0,19751468.0
2023-06-16,0.974845933464813,0.974845933464813,0.9590376210302485,0.9679297967746909,487952.0,14330764.0
2023-06-19,0.9646363983508234,1.0067918981763289,0.9646363983508234,1.0025104802253009,1466200.0,44191024.0
2023-06-20,1.102629792310876,1.102629792310876,1.102629792310876,1.102629792310876,554736.0,18572560.0
2023-06-21,1.2129586395104412,1.2129586395104412,1.18562343259234,1.2129586395104412,5473040.0,201442560.0
2023-06-26,1.18562343259234,1.2004437254997444,1.091761577512113,1.091761577512113,7486556.0,254770288.0
2023-06-27,1.0374205035182975,1.0535581557952487,1.013708034866451,1.020294831714186,5682434.0,176872992.0
2023-06-28,1.0123906754969036,1.0143667145512243,0.9606843202421823,0.9919716052689246,4198168.0,125900368.0
2023-06-29,0.9820914099973217,1.065743729963559,0.978798011573454,1.0305043668281755,4657211.0,144968704.0
2023-06-30,1.035444464463977,1.078258643974256,1.0314923863553358,1.0654143901211723,3609900.0,115375544.0
2023-07-03,1.0858334603491515,1.1164620656911202,1.0443366402084195,1.0512527768985416,2640757.0,85484608.0
2023-07-04,1.0528994761104753,1.0828694017676708,1.0502647573713813,1.0710131674417473,1875400.0,60783176.0
2023-07-05,1.0703544877569737,1.1088872493162247,1.0621209916973047,1.070025147914587,2217460.0,72979472.0
2023-07-06,1.0584982534310503,1.1385278351310333,1.0473006987899005,1.102959132153263,3586280.0,120046904.0
2023-07-07,1.0950549759359807,1.099995073571782,1.0621209916973047,1.0789173236590295,2004560.0,65772136.0
2023-07-10,1.0868214798763118,1.0868214798763118,1.0446659800508062,1.0558635346919563,1362660.0,43746004.0
2023-07-11,1.0499354175289946,1.0654143901211723,1.0466420191051269,1.0515821167409283,1042440.0,33344838.0
2023-07-12,1.052240796425702,1.052240796425702,1.0212828512413463,1.0235882301380534,1332816.0,41866732.0
2023-07-13,1.0275403082466947,1.0950549759359807,1.020294831714186,1.0835280814524442,2288540.0,74154592.0
2023-07-14,1.073977226023228,1.1158033860063468,1.073977226023228,1.0967016751479144,1874438.0,62210932.0
2023-07-17,1.1065818704195174,1.1296356593865906,1.0851747806643781,1.108228569631451,2028160.0,68324720.0
2023-07-18,1.1134980071096394,1.1263422609627232,1.0884681790882453,1.096042995463141,1492720.0,50129832.0
2023-07-19,1.1131686672672525,1.1131686672672525,1.0752945853927751,1.076941284604709,973040.0,31989986.0
2023-07-20,1.0861628001915382,1.0861628001915382,1.0456539995779666,1.0476300386322872,880560.0,28271528.0
2023-07-21,1.0476300386322872,1.0660730698059457,1.028528327773855,1.0361031441487505,803400.0,25501608.0
2023-07-24,1.028528327773855,1.0703544877569737,1.0226002106108933,1.054875515164796,990360.0,31587740.0
2023-07-25,1.0545461753224092,1.071342507284134,1.0443366402084195,1.0499354175289946,1053080.0,33703600.0
2023-07-26,1.0499354175289946,1.0499354175289946,1.0295163473010154,1.0370911636759108,794920.0,25008076.0
2023-07-27,1.0344564449368168,1.0384085230454578,1.0114026559697435,1.013378695024064,899280.0,27896822.0
2023-07-28,1.0110733161273566,1.0143667145512243,0.996911702904726,1.013378695024064,714417.0,21787336.0
2023-07-31,1.0071212380187156,1.0193068121870257,0.9972410427471128,1.0021811403829142,822618.0,25056460.0
2023-08-01,1.0011931208557538,1.0011931208557538,0.9817620701549349,0.9850554685788026,765920.0,22976824.0
2023-08-02,0.9817620701549349,0.9916422654265378,0.9814327303125482,0.9886782068450569,355100.0,10648787.0
2023-08-03,0.9870315076331231,0.9929596247960848,0.977480652203907,0.983079429524482,428357.0,12784532.0
2023-08-04,0.983079429524482,0.9988877419590465,0.983079429524482,0.9903249060569908,470638.0,14150497.0
2023-08-07,0.9946063240080186,1.013378695024064,0.9903249060569908,0.9985584021166598,703900.0,21388736.0
2023-08-08,0.9975703825894995,1.0021811403829142,0.9781393318886805,0.9860434881059629,645638.0,19320924.0
2023-08-09,0.9811033904701614,0.984396788894029,0.9573909218183146,0.962331019454116,814560.0,23857164.0
2023-08-10,0.9676004569323041,0.9728698944104923,0.9550855429216073,0.9685884764594644,431660.0,12661198.0
2023-08-11,0.966612437405144,0.9817620701549349,0.9452053476500044,0.9481694062314853,1041220.0,30455770.0
2023-08-14,0.954097523394447,0.954097523394447,0.9359838320631751,0.9455346874923912,753586.0,21556160.0
2023-08-15,0.9452053476500044,0.983079429524482,0.9442173281228442,0.9564029022911543,939520.0,27383252.0
2023-08-16,0.9544268632368338,0.9590376210302485,0.9386185508022692,0.9386185508022692,832700.0,23972902.0
2023-08-17,0.9366425117479487,0.9573909218183146,0.9247862774220252,0.9564029022911543,783806.0,22538940.0
2023-08-18,0.9564029022911543,0.9741872537800393,0.9491574257586456,0.9511334648129661,594300.0,17308784.0
2023-08-21,0.9616723397693425,0.9926302849536981,0.9471813867043251,0.9567322421335411,1036220.0,30489648.0
2023-08-22,0.9620016796117293,0.9870315076331231,0.9274209961611194,0.9682591366170776,1302940.0,37722476.0
2023-08-23,0.9781393318886805,1.0054745388067818,0.9643070585084367,0.970564515513785,2620320.0,78417504.0
2023-08-24,0.9613429999269558,0.9801153709430012,0.9083192853026871,0.9264329766339591,1898860.0,53715024.0
2023-08-25,0.9162234415199695,0.9211635391557709,0.8668224651619553,0.8737386018520773,1539300.0,41575612.0
2023-08-28,0.9106246641993945,0.916882121204743,0.8651757659500214,0.8684691643738891,1007366.0,27189004.0
2023-08-29,0.8651757659500214,0.933349113324081,0.8638584065804744,0.9297263750578267,1885980.0,52190404.0
2023-08-30,0.9277503360035062,0.9764926326767467,0.9277503360035062,0.9639777186660499,1501297.0,43896332.0
2023-08-31,0.9652950780355969,0.983079429524482,0.9573909218183146,0.977480652203907,1022260.0,30221016.0
2023-09-01,0.974845933464813,0.9837381092092555,0.9600256405574087,0.9669417772475306,552040.0,16223038.0
2023-09-04,0.9669417772475306,0.97616329283436,0.9458640273347779,0.9633190389812764,700880.0,20351360.0
2023-09-05,0.966612437405144,0.9876901873178966,0.962331019454116,0.9801153709430012,926540.0,27516604.0
2023-09-06,0.9751752733071997,1.0097559567578096,0.9656244178779837,1.0058038786491685,1227972.0,37225968.0
2023-09-07,1.0061332184915552,1.0074505778611023,0.9629896991388895,0.9676004569323041,867660.0,25685204.0
2023-09-08,0.9676004569323041,0.9804447107853879,0.9580496015030882,0.9755046131495865,577960.0,17021940.0
2023-09-11,0.9755046131495865,0.9978997224318863,0.958378941345475,0.9906542458993775,1117300.0,33214812.0
2023-09-12,0.9840674490516422,1.0123906754969036,0.9659537577203703,0.9880195271602834,1439760.0,43244132.0
2023-09-13,0.9926302849536981,0.9926302849536981,0.9412532695413632,0.9508041249705794,1204980.0,34959664.0
2023-09-14,0.9491574257586456,0.9550855429216073,0.9317024141121472,0.9419119492261369,580980.0,16616442.0
2023-09-15,0.9488280859162588,0.9547562030792205,0.9297263750578267,0.9336784531664678,454840.0,12938463.0
2023-09-18,0.9340077930088545,0.9511334648129661,0.9247862774220252,0.9373011914327222,419840.0,11974747.0
2023-09-19,0.9379598711174957,0.9458640273347779,0.9135887227808753,0.9205048594709974,506940.0,14219105.0
2023-09-20,0.9201755196286107,0.9353251523784015,0.915564761835196,0.9158941016775827,374100.0,10495624.0
2023-09-21,0.9122713634113283,0.9284090156882797,0.9056845665635931,0.9152354219928092,467080.0,12991836.0
2023-09-22,0.9152354219928092,0.9745165936224262,0.9129300430961018,0.9725405545681056,1365700.0,39285096.0
2023-09-25,0.954097523394447,1.0044865192796215,0.9484987460738721,0.9600256405574087,1332980.0,39275592.0
2023-09-26,0.9504747851281926,0.954097523394447,0.9290676953730532,0.9452053476500044,902920.0,25801660.0
2023-09-27,0.9379598711174957,0.9633190389812764,0.932031753954534,0.9432293085956839,656140.0,18911328.0
2023-09-28,0.9494867656010323,1.0374205035182975,0.9442173281228442,1.0374205035182975,3462083.0,106876256.0
2023-10-09,1.0209535113989594,1.0538874956376356,1.0077799177034892,1.0473006987899005,5503777.0,172293024.0
2023-10-10,1.0357738043063638,1.0374205035182975,1.0077799177034892,1.0249055895076007,3393766.0,105092664.0
2023-10-11,1.0275403082466947,1.0822107220828971,0.9962530232199525,1.0627796713820783,5941946.0,189143200.0
2023-10-12,1.0446659800508062,1.0528994761104753,1.013378695024064,1.0193068121870257,3546843.0,110070144.0
2023-10-13,1.0209535113989594,1.0308337066705624,1.005145198964395,1.0084385973882626,2183880.0,67190768.0
2023-10-16,1.0084385973882626,1.0209535113989594,0.9817620701549349,1.0002051013285935,1810240.0,54664588.0
2023-10-17,0.9853848084211894,1.0028398200676876,0.9778099920462938,0.9985584021166598,1487300.0,44692236.0
2023-10-18,0.9916422654265378,0.9916422654265378,0.9386185508022692,0.9517921444977396,1739120.0,50668472.0
2023-10-19,0.9508041249705794,0.9847261287364157,0.9458640273347779,0.9616723397693425,1653437.0,48663744.0
2023-10-20,0.9616723397693425,0.9731992342528791,0.9468520468619382,0.9531095038672868,1041960.0,30180368.0
2023-10-23,0.9442173281228442,0.9547562030792205,0.8990977697158579,0.9063432462483666,1508977.0,41954736.0
2023-10-24,0.9046965470364328,0.9646363983508234,0.9046965470364328,0.9527801640249,1698360.0,48610548.0
2023-10-25,0.9484987460738721,0.9672711170899174,0.9419119492261369,0.9488280859162588,1121400.0,32395924.0
2023-10-26,0.9412532695413632,0.9458640273347779,0.9241275977372517,0.94158260938375,965223.0,27378544.0
2023-10-27,0.9287383555306664,0.9567322421335411,0.9287383555306664,0.9534388437096735,1228477.0,35396584.0
2023-10-30,0.9524508241825133,1.0067918981763289,0.9455346874923912,0.9965823630623393,1909443.0,57055432.0
2023-10-31,0.9959236833775656,1.064426370594012,0.9886782068450569,1.0528994761104753,4680900.0,148131648.0
2023-11-01,1.029845687143402,1.0608036323277577,1.029845687143402,1.0502647573713813,2091320.0,66285220.0
2023-11-02,1.0473006987899005,1.0486180581594475,1.0077799177034892,1.0110733161273566,1347580.0,41991848.0
2023-11-03,1.0123906754969036,1.042360601154099,1.0123906754969036,1.036761823833524,1412120.0,44183640.0
2023-11-06,1.042360601154099,1.0598156128005973,1.0380791832030711,1.0528994761104753,1205763.0,38528568.0
2023-11-07,1.0552048550071826,1.0766119447623221,1.0489473980018342,1.0696958080722,1149325.0,37079364.0
2023-11-08,1.0637676909092384,1.06870778854504,1.0538874956376356,1.0611329721701444,1044820.0,33653400.0
2023-11-09,1.0634383510668517,1.0756239252351618,1.05751023390389,1.0664024096483327,1047780.0,33886988.0
2023-11-10,1.0647557104363987,1.0858334603491515,1.0558635346919563,1.0673904291754928,1057740.0,34406828.0
2023-11-13,1.0799053431861898,1.0799053431861898,1.0542168354800223,1.0710131674417473,1003680.0,32452860.0
2023-11-14,1.0710131674417473,1.1197554641149878,1.0706838275993604,1.0963723353055277,1739560.0,58070688.0
2023-11-15,1.0993363938870087,1.1158033860063468,1.0805640228709634,1.091761577512113,1026460.0,33952716.0
2023-11-16,1.091761577512113,1.1461026515059287,1.0851747806643781,1.1210728234845349,2165900.0,73600008.0
2023-11-17,1.099995073571782,1.148737370245023,1.0940669564088203,1.1385278351310333,2411180.0,82539632.0
2023-11-20,1.1928689091248488,1.2524794205968526,1.18562343259234,1.2093359012441869,6445255.0,241397024.0
2023-11-21,1.2093359012441869,1.2093359012441869,1.1358931163919392,1.1464319913483156,5902315.0,207533440.0
2023-11-22,1.1408332140277406,1.1852940927499533,1.1263422609627232,1.1263422609627232,3128620.0,109606320.0
2023-11-23,1.131941038283298,1.1586175655166258,1.1263422609627232,1.1549948272503714,2162760.0,75181224.0
2023-11-24,1.1536774678808244,1.1573002061470787,1.1003244134141688,1.1121806477400924,1762040.0,59891360.0
2023-11-27,1.1102046086857718,1.136222456234326,1.0996657337293954,1.1108632883705452,1182240.0,39992480.0
2023-11-28,1.1108632883705452,1.139186514815807,1.1108632883705452,1.1299649992289775,1184356.0,40637816.0
2023-11-29,1.1296356593865906,1.140503874185354,1.1131686672672525,1.1207434836421482,1007080.0,34361248.0
2023-11-30,1.1154740461639598,1.1260129211203362,1.0927495970392733,1.1092165891586114,1216220.0,40882616.0
2023-12-01,1.118108764903054,1.118108764903054,1.0743065658656148,1.1118513078977055,876500.0,29409464.0
2023-12-04,1.1118513078977055,1.1625696436252666,1.102629792310876,1.1270009406474966,1653960.0,57247608.0
2023-12-05,1.1263422609627232,1.1411625538701273,1.094396296251207,1.094725636093594,958940.0,32396196.0
2023-12-06,1.0894561986154057,1.112509987582479,1.0878094994034722,1.093408276724047,816300.0,27235036.0
2023-12-07,1.0868214798763118,1.1072405501042908,1.0864921400339251,1.10427649152281,1171960.0,39058036.0
2023-12-08,1.101312432941329,1.1790366357446047,1.0976896946750747,1.1559828467775317,2400520.0,83752152.0
2023-12-11,1.1368811359190996,1.1671804014186813,1.1230488625388555,1.1428092530820613,1916240.0,66320368.0
2023-12-12,1.139186514815807,1.139186514815807,1.1039471516804233,1.1108632883705452,1428040.0,48246352.0
2023-12-13,1.1052645110499704,1.1270009406474966,1.0927495970392733,1.1052645110499704,896600.0,30083890.0
2023-12-14,1.101641772783716,1.1128393274248658,1.0812227025557368,1.0835280814524442,1300100.0,43087408.0
2023-12-15,1.0897855384577928,1.1148153664791864,1.0841867611372178,1.0874801595610855,1068171.0,35616880.0
2023-12-18,1.0874801595610855,1.1586175655166258,1.0818813822405104,1.1197554641149878,3216131.0,110153168.0
2023-12-19,1.1167914055335069,1.1296356593865906,1.091761577512113,1.1240368820660158,1278891.0,43119964.0
2023-12-20,1.129306319544204,1.2360124284775145,1.1200848039573745,1.2172400574614692,5927381.0,216103440.0
2023-12-21,1.1823300341684724,1.18562343259234,1.1365517960767126,1.17343785842403,3341880.0,117851952.0
2023-12-22,1.170473799842549,1.170473799842549,1.1072405501042908,1.1144860266367997,2255560.0,77661832.0
2023-12-25,1.1085579094738378,1.2011024051845178,1.0802346830285765,1.1905635302281414,3874607.0,136779104.0
2023-12-26,1.17343785842403,1.1879288114890474,1.152689448353664,1.180353995114152,1812260.0,64458196.0
2023-12-27,1.1823300341684724,1.2152640184071486,1.166192381891521,1.1862821122771137,2213827.0,79885280.0
2023-12-28,1.198138346603037,1.3048444555363474,1.1642163428372005,1.3048444555363474,6487583.0,251603968.0
2023-12-29,1.3209821078132988,1.435263033121505,1.3117605922264695,1.435263033121505,5185635.0,218728000.0
2024-01-02,1.5785258645597462,1.578855204402133,1.5785258645597462,1.578855204402133,3387698.0,162396704.0
2024-01-03,1.482029290740425,1.7366089889053913,1.4211014198988743,1.6071784308473942,17583390.0,851412928.0
2024-01-04,1.4481072869745886,1.7678962739321338,1.4481072869745886,1.7678962739321338,14185063.0,698275520.0
2024-01-05,1.761968156769172,1.761968156769172,1.591040778570443,1.591040778570443,13857172.0,677992832.0
2024-01-08,1.6038850324235268,1.6305615596568543,1.4319696346976374,1.484993349321906,13202462.0,608788992.0
2024-01-09,1.416161322263073,1.4467899276050415,1.3364610804054766,1.3529280725248147,11790995.0,492535552.0
2024-01-10,1.3170300297046578,1.3367904202478635,1.2778385884606331,1.2798146275149538,7707355.0,304632864.0
2024-01-11,1.2873894438898494,1.344365236622759,1.2824493462540478,1.3302036234001282,7570610.0,302365120.0
2024-01-12,1.3173593695470445,1.3265808851338738,1.2544554596511732,1.2775092486182464,6417880.0,249519808.0
2024-01-15,1.2580781979174276,1.3008923774277064,1.25478479949356,1.2722398111400584,4112150.0,159531952.0
2024-01-16,1.2844253853083685,1.2844253853083685,1.2267909128906853,1.2607129166565216,4147880.0,156883728.0
2024-01-17,1.2580781979174276,1.2933175610528111,1.2320603503688732,1.2337070495808071,3442780.0,132010920.0
2024-01-18,1.2416112057980895,1.2590662174445877,1.2116412801408942,1.2590662174445877,3640880.0,136979264.0
2024-01-19,1.2488566823305982,1.2514914010696923,1.2007730653421311,1.2007730653421311,3777713.0,139432784.0
2024-01-22,1.2169107176190825,1.2804733071997274,1.1688271006306152,1.1866114521195004,4732480.0,176149824.0
2024-01-23,1.1796953154293783,1.2182280769886296,1.1437972726092214,1.1892461708585944,4244233.0,152207808.0
2024-01-24,1.1823300341684724,1.1928689091248488,1.129306319544204,1.1615816240981065,3860960.0,135468624.0
2024-01-25,1.1533481280384377,1.180353995114152,1.1296356593865906,1.1757432373207373,3073560.0,108223032.0
2024-01-26,1.1609229444133329,1.1902341903857547,1.1507134092993434,1.1517014288265037,2378220.0,84400112.0
2024-01-29,1.148408030402636,1.1507134092993434,1.064426370594012,1.0690371283874267,3627540.0,120387904.0
2024-01-30,1.0775999642894825,1.0775999642894825,1.0054745388067818,1.0054745388067818,3296727.0,102553944.0
2024-01-31,1.0104146364425832,1.016342753605545,0.934666472693628,0.934666472693628,2704780.0,79369032.0
2024-02-01,0.934666472693628,0.9649657381932102,0.922480898525318,0.934666472693628,2395600.0,68402944.0
2024-02-02,0.9511334648129661,0.9626603592965028,0.879666719015039,0.9017324884549519,2746380.0,76931312.0
2024-02-05,0.87143322295537,0.8829601174389066,0.8114933716409795,0.8114933716409795,2977880.0,74644416.0
2024-02-06,0.7676911726035401,0.8500261332002305,0.7462840828484008,0.8128107310105265,3246315.0,78168032.0
2024-02-07,0.8062239341627913,0.8365231996623732,0.7765833483479827,0.8259843247059968,3982277.0,98180632.0
2024-02-08,0.828619043445091,0.9086486251450739,0.7904156217282268,0.9086486251450739,3475547.0,91598016.0
2024-02-19,0.9221515586829312,0.974845933464813,0.9188581602590635,0.9616723397693425,3732400.0,107086544.0
2024-02-20,0.9550855429216073,1.01074397628497,0.9488280859162588,0.9811033904701614,3044628.0,91023520.0
2024-02-21,0.9722112147257188,1.0473006987899005,0.9722112147257188,1.0090972770730362,2763310.0,84850560.0
2024-02-22,1.0097559567578096,1.0344564449368168,1.009426616915423,1.0258936090347608,1746220.0,54316156.0
2024-02-23,1.0258936090347608,1.1049351712075834,1.0209535113989594,1.099995073571782,2317860.0,74957624.0
2024-02-26,1.0838574212948309,1.1131686672672525,1.047959378474674,1.0841867611372178,2058000.0,67671104.0
2024-02-27,1.0723305268112944,1.1283183000170436,1.0640970307516253,1.1177794250606672,2334600.0,78001408.0
2024-02-28,1.1167914055335069,1.1279889601746569,1.0061332184915552,1.0067918981763289,3589200.0,115679120.0
2024-02-29,0.9880195271602834,1.1075698899466777,0.9781393318886805,1.1075698899466777,2850497.0,90776904.0
2024-03-01,1.1467613311907023,1.2182280769886296,1.093408276724047,1.2182280769886296,7091317.0,254845280.0
2024-03-04,1.2788266079877935,1.340083818671731,1.2248148738363647,1.2337070495808071,8472410.0,329847840.0
2024-03-05,1.1892461708585944,1.2844253853083685,1.152689448353664,1.2185574168310163,6718987.0,245790816.0
2024-03-06,1.180024655271765,1.2020904247116782,1.155324167092758,1.1757432373207373,4196140.0,149530320.0
2024-03-07,1.169156440473002,1.184306073222793,1.1296356593865906,1.1378691554462597,2884451.0,101494560.0
2024-03-08,1.1461026515059287,1.1750845576359636,1.1322703781256849,1.1675097412610682,2680693.0,94137960.0
2024-03-11,1.1724498388968696,1.18562343259234,1.136222456234326,1.1770605966902843,2517021.0,88680496.0
2024-03-12,1.1767312568478974,1.2129586395104412,1.1642163428372005,1.1852940927499533,2686092.0,96656304.0
2024-03-13,1.1852940927499533,1.2277789324178456,1.1790366357446047,1.2037371239236119,3135504.0,114603192.0
2024-03-14,1.1862821122771137,1.1905635302281414,1.1464319913483156,1.1566415264623051,2389780.0,84764208.0
2024-03-15,1.1480786905602494,1.173108518581643,1.143138592924448,1.173108518581643,1743835.0,61596744.0
2024-03-18,1.1849647529075664,1.2903535024713302,1.1849647529075664,1.2903535024713302,4963660.0,188968016.0
2024-03-19,1.318018049231818,1.3295449437153546,1.2778385884606331,1.2778385884606331,7475260.0,293555424.0
2024-03-20,1.2702637720857377,1.2877187837322361,1.2646649947651627,1.2827786860964348,3573751.0,138570352.0
2024-03-21,1.2827786860964348,1.3074791742754417,1.269605092400964,1.2966109594766786,3879910.0,152337344.0
2024-03-22,1.2943055805799712,1.3311916429272885,1.2620302760260687,1.3091258734873754,4562609.0,179617040.0
2024-03-25,1.3173593695470445,1.3206527679709121,1.2544554596511732,1.258736877602201,2869920.0,111408080.0
2024-03-26,1.2370004480046748,1.3433772170955987,1.2152640184071486,1.3173593695470445,4917599.0,191879024.0
2024-03-27,1.297598979003839,1.3667603459050588,1.2811319868845008,1.3101138930145357,5501812.0,221142944.0
2024-03-28,1.2880481235746228,1.4392151112301463,1.2811319868845008,1.365113646693125,6272125.0,259278816.0
2024-03-29,1.3641256271659647,1.416161322263073,1.3107725726993091,1.4092451855729509,6036519.0,248759824.0
2024-04-01,1.3763112013342746,1.465562298621087,1.3575388303182294,1.4359217128062787,5885258.0,252629072.0
2024-04-02,1.4039757480947628,1.4227481191108082,1.318018049231818,1.3384371194597973,4691640.0,195891392.0
2024-04-03,1.3255928656067135,1.3265808851338738,1.2350244089503541,1.2607129166565216,3987960.0,154405328.0
2024-04-08,1.2297549714721663,1.2551141393359466,1.1984676864454238,1.2007730653421311,2546620.0,94670008.0
2024-04-09,1.2007730653421311,1.2551141393359466,1.1750845576359636,1.2541261198087863,2841887.0,105464376.0
2024-04-10,1.2514914010696923,1.3101138930145357,1.1987970262878105,1.1987970262878105,2907188.0,111372400.0
2024-04-11,1.1889168310162077,1.2333777097384204,1.18562343259234,1.1902341903857547,1781941.0,65152360.0
2024-04-12,1.1780486162174446,1.2070305223474795,1.1652043623643609,1.2037371239236119,1814027.0,65555140.0
2024-04-15,1.18562343259234,1.2017610848692915,1.0835280814524442,1.1072405501042908,2344160.0,80780856.0
2024-04-16,1.10427649152281,1.1052645110499704,1.0048158591220082,1.0403845620997785,2271615.0,71893544.0
2024-04-17,1.0538874956376356,1.1032884719956497,1.0538874956376356,1.0901148783001793,1800227.0,59385692.0
2024-04-18,1.0887975189306325,1.1411625538701273,1.064426370594012,1.111192628212932,1685606.0,57088384.0
2024-04-19,1.0868214798763118,1.1174500852182805,1.0756239252351618,1.0831987416100575,1308080.0,43402868.0
2024-04-22,1.049276737844221,1.0762826049199354,1.0249055895076007,1.0598156128005973,1246925.0,39820604.0
2024-04-23,1.0756239252351618,1.0766119447623221,1.0446659800508062,1.0578395737462767,812620.0,26153972.0
2024-04-24,1.0578395737462767,1.0907735579849527,1.0476300386322872,1.0901148783001793,1123520.0,36818472.0
2024-04-25,1.0967016751479144,1.136222456234326,1.0868214798763118,1.1161327258487335,1300781.0,44030144.0
2024-04-26,1.1230488625388555,1.147420010875476,1.1138273469520261,1.1342464171800053,1377060.0,47447828.0
2024-04-29,1.1530187881960507,1.1810126747989254,1.1421505733972876,1.17442587795119,1729120.0,61235504.0
2024-04-30,1.181342014641312,1.1987970262878105,1.1576295459894654,1.1767312568478974,1564680.0,56097084.0
2024-05-06,1.18562343259234,1.2070305223474795,1.1820006943260857,1.2014317450269045,1154200.0,41922032.0
2024-05-07,1.2067011825050928,1.2067011825050928,1.1866114521195004,1.1908928700705281,1055960.0,38323992.0
2024-05-08,1.1908928700705281,1.2040664637659988,1.1612522842557196,1.1638870029948138,1037100.0,37136580.0
2024-05-09,1.1740965381088033,1.2017610848692915,1.1727791787392563,1.192539569282462,1034880.0,37430328.0
2024-05-10,1.1846354130651797,1.1997850458149708,1.1592762452013994,1.1948449481791694,1243700.0,44530212.0
2024-05-13,1.176072577163124,1.178707295902218,1.151372088984117,1.155324167092758,998600.0,35214320.0
2024-05-14,1.1655337022067476,1.18562343259234,1.155324167092758,1.1727791787392563,730220.0,26010584.0
2024-05-15,1.1658630420491343,1.2472099831186643,1.157958885831852,1.2393058269013821,2850740.0,105525688.0
2024-05-16,1.2501740417001452,1.2640063150803893,1.2093359012441869,1.2485273424882113,2615580.0,98490088.0
2024-05-17,1.2508327213849186,1.2610422564989083,1.221850815254884,1.2370004480046748,1395800.0,52365096.0
2024-05-20,1.2317310105264865,1.257419518232654,1.2208627957277236,1.256102158863107,1458160.0,54838872.0
2024-05-21,1.2528087604392393,1.3107725726993091,1.244904604221957,1.3107725726993091,2643040.0,103503256.0
2024-05-22,1.2929882212104242,1.3891554551873584,1.2883774634170095,1.388167435660198,3507425.0,142895456.0
2024-05-23,1.3700537443289265,1.38289799818201,1.3344850413511562,1.3460119358346927,2171905.0,89203848.0
2024-05-24,1.3463412756770796,1.3657723263778985,1.304185775851574,1.3529280725248147,1775285.0,72334096.0
2024-05-27,1.3437065569379854,1.3535867522095884,1.299904357900546,1.3203234281285254,1310080.0,52374896.0
2024-05-28,1.3226288070252326,1.3364610804054766,1.308137853960215,1.318018049231818,1075800.0,43124588.0
2024-05-29,1.3051737953787343,1.3641256271659647,1.304185775851574,1.330532963242515,1654044.0,67175120.0
2024-05-30,1.3371197600902502,1.3532574123672017,1.3074791742754417,1.3519400529976544,1263580.0,51257536.0
2024-05-31,1.3519400529976544,1.4155026425782993,1.3463412756770796,1.4122092441544318,2486633.0,105242040.0
2024-06-03,5.642499184339314,5.6443632408917885,5.323745513866231,5.523199564980968,2793792.0,82028920.0
2024-06-04,5.582849374660141,5.776711256117454,5.452365415986949,5.776711256117454,4046462.0,122888976.0
2024-06-05,5.776711256117454,5.853137574768896,5.46168569874932,5.545568243610657,3180692.0,95981264.0
2024-06-06,5.351706362153344,5.532519847743338,5.167164763458401,5.3927156063077755,2898320.0,82979176.0
2024-06-07,5.396443719412724,5.4411810766721045,5.182077215878194,5.200717781402936,1602413.0,45601700.0
2024-06-11,5.198853724850462,5.342386079390973,5.012448069603045,5.312561174551386,1557545.0,43555968.0
2024-06-12,5.34984230560087,5.554888526373029,5.318153344208809,5.500830886351277,2502920.0,73536552.0
2024-06-13,5.467277868406742,5.532519847743338,5.39457966286025,5.405764002175095,1804420.0,52864876.0
2024-06-14,5.362890701468189,5.670460032626427,5.308833061446438,5.620130505709624,3503751.0,103963968.0
2024-06-17,5.683508428493746,5.683508428493746,5.521335508428494,5.554888526373029,1883240.0,56284840.0
2024-06-18,5.556752582925502,5.63131484502447,5.478462207721588,5.510151169113648,1911056.0,56721020.0
2024-06-19,5.498966829798803,5.513879282218596,5.383395323545405,5.482190320826536,1886964.0,55148848.0
2024-06-20,5.4244045676998365,5.498966829798803,5.3312017400761285,5.4244045676998365,1971348.0,57300408.0
2024-06-21,5.448637302882001,5.448637302882001,5.271551930396955,5.338657966286025,1089428.0,31184020.0
2024-06-24,5.290192495921696,5.3461141924959215,5.092602501359434,5.116835236541598,1190876.0,33264340.0
2024-06-25,5.116835236541598,5.443045133224578,5.070233822729744,5.418812398042414,2670180.0,76433128.0
2024-06-26,5.347978249048396,5.405764002175095,5.23427079934747,5.396443719412724,1654252.0,47328536.0
2024-06-27,5.327473626971179,5.495238716693855,5.2379989124524196,5.24731919521479,1588268.0,45825500.0
2024-06-28,5.273415986949429,5.4244045676998365,5.187669385535616,5.24731919521479,1675359.0,47735424.0
2024-07-01,5.24731919521479,5.47473409461664,5.126155519303969,5.379667210440457,1924260.0,54732688.0
2024-07-02,5.387123436650353,5.422540511147362,5.279008156606851,5.3144252311038604,879104.0,25233876.0
2024-07-03,5.33679390973355,5.383395323545405,5.239862969004894,5.282736269711799,826080.0,23452246.0
2024-07-04,5.24731919521479,5.308833061446438,5.0497292006525285,5.079554105492115,1036820.0,28595390.0
2024-07-05,5.14852419793366,5.14852419793366,4.975166938553562,5.122427406199021,680200.0,18489716.0
2024-07-08,5.120563349646546,5.1746209896682975,5.055321370309951,5.094466557911908,636560.0,17445684.0
2024-07-09,5.060913539967373,5.308833061446438,5.051593257205003,5.308833061446438,1556804.0,43603172.0
2024-07-10,5.308833061446438,5.362890701468189,5.226814573137574,5.293920609026644,962024.0,27325304.0
2024-07-11,5.3461141924959215,5.588441544317564,5.340522022838498,5.5492963567156055,3107995.0,91613496.0
2024-07-12,5.523199564980968,5.5492963567156055,5.41694834148994,5.523199564980968,2130380.0,62648912.0
2024-07-15,5.588441544317564,5.590305600870037,5.40389994562262,5.435588907014681,1475768.0,43184872.0
2024-07-16,5.405764002175095,5.478462207721588,5.347978249048396,5.418812398042414,998360.0,28949570.0
2024-07-17,5.4411810766721045,5.4411810766721045,5.200717781402936,5.293920609026644,1191245.0,33806568.0
2024-07-18,5.221222403480152,5.340522022838498,5.170892876563349,5.293920609026644,940800.0,26609924.0
2024-07-19,5.293920609026644,5.34984230560087,5.223086460032626,5.316289287656335,605860.0,17276688.0
2024-07-22,5.368482871125612,5.368482871125612,5.275280043501903,5.295784665579119,566716.0,16145248.0
2024-07-23,5.303240891789016,5.379667210440457,5.230542686242522,5.293920609026644,1045932.0,29757562.0
2024-07-24,5.290192495921696,5.469141924959216,5.239862969004894,5.402035889070147,1717972.0,49615956.0
2024-07-25,5.387123436650353,5.463549755301794,5.226814573137574,5.463549755301794,2383900.0,68702728.0
2024-07-26,5.452365415986949,5.638771071234366,5.405764002175095,5.554888526373029,3979396.0,118376120.0
2024-07-29,5.5026949429037515,5.5026949429037515,5.3312017400761285,5.415084284937466,2179164.0,63118632.0
2024-07-30,5.383395323545405,5.383395323545405,5.264095704187057,5.308833061446438,1287320.0,36637888.0
2024-07-31,5.275280043501903,5.387123436650353,5.275280043501903,5.381531266992931,1373860.0,39431680.0
2024-08-01,5.353570418705818,5.4244045676998365,5.312561174551386,5.383395323545405,1275888.0,36663476.0
2024-08-02,5.3312017400761285,5.396443719412724,5.290192495921696,5.33679390973355,919860.0,26277556.0
2024-08-05,5.308833061446438,5.323745513866231,5.072097879282218,5.073961935834692,1331036.0,37090544.0
2024-08-06,5.111243066884176,5.2063099510603585,5.016176182707993,5.126155519303969,938712.0,25679976.0
2024-08-07,5.141067971723762,5.368482871125612,5.126155519303969,5.265959760739532,1493176.0,42381044.0
2024-08-08,5.230542686242522,5.312561174551386,5.1597085372485045,5.219358346927677,1108804.0,31152592.0
2024-08-09,5.256639477977161,5.256639477977161,5.103786840674279,5.1913974986405655,779740.0,21644112.0
2024-08-12,5.1746209896682975,5.1746209896682975,5.01058401305057,5.131747688961392,833246.0,22774634.0
2024-08-13,5.131747688961392,5.161572593800979,5.092602501359434,5.11310712343665,562876.0,15458111.0
2024-08-14,5.092602501359434,5.133611745513866,5.051593257205003,5.066505709624796,799440.0,21795196.0
2024-08-15,5.051593257205003,5.079554105492115,5.014312126155518,5.014312126155518,953552.0,25800928.0
2024-08-16,5.031088635127786,5.176485046220772,4.977030995106036,4.977030995106036,2473844.0,67272872.0
2024-08-19,4.9248374116367595,4.9248374116367595,4.678781946710169,4.846547036432844,2261274.0,57843472.0
2024-08-20,4.827906470908101,4.840954866775421,4.760800435019032,4.801809679173464,702920.0,18100842.0
2024-08-21,4.801809679173464,4.9863512778684065,4.801809679173464,4.893148450244698,1226342.0,32281534.0
2024-08-22,4.870779771615008,5.051593257205003,4.814858075040783,4.967710712343664,1345160.0,35587792.0
2024-08-23,4.9863512778684065,4.993807504078303,4.881964110929853,4.92110929853181,778980.0,20593380.0
2024-08-26,4.9546623164763455,5.051593257205003,4.857731375747688,5.027360522022838,887400.0,23731930.0
2024-08-27,4.975166938553562,5.027360522022838,4.8912843936922235,4.904332789559542,564600.0,14982127.0
2024-08-28,4.86705165851006,4.943477977161501,4.846547036432844,4.898740619902121,536080.0,14088298.0
2024-08-29,4.880100054377379,5.0814181620445895,4.850275149537792,5.036680804785209,1271756.0,34160388.0
2024-08-30,4.997535617183251,5.4393170201196295,4.97889505165851,5.34984230560087,3311504.0,93231568.0
2024-09-02,5.245455138662316,5.402035889070147,5.185805328983143,5.342386079390973,2164916.0,61644032.0
2024-09-03,5.286464382816748,5.739430125067972,5.286464382816748,5.52879173463839,7219900.0,214433984.0
2024-09-04,5.275280043501903,5.275280043501903,5.006855899945622,5.0963306144643825,5700490.0,156307888.0
2024-09-05,5.044137030995105,5.107514953779227,5.014312126155518,5.055321370309951,1909241.0,51786696.0
2024-09-06,5.062777596519847,5.4560935290918975,4.870779771615008,5.083282218597064,3417208.0,92741032.0
2024-09-09,4.9714388254486135,5.021768352365416,4.792489396411093,4.967710712343664,1691332.0,44761264.0
2024-09-10,4.997535617183251,4.997535617183251,4.85400326264274,4.945342033713975,935120.0,24725072.0
2024-09-11,4.919245241979336,4.980759108210984,4.895012506797173,4.9378858075040775,614280.0,16293054.0
2024-09-12,4.9378858075040775,4.967710712343664,4.874507884719956,4.880100054377379,715912.0,18829132.0
2024-09-13,4.8763719412724305,4.904332789559542,4.775712887438825,4.820450244698205,809216.0,20984190.0
2024-09-18,4.779441000543773,4.855867319195214,4.747752039151712,4.812994018488308,531440.0,13657533.0
2024-09-19,4.883828167482327,4.9229733550842845,4.790625339858618,4.818586188145732,778059.0,20239940.0
2024-09-20,4.827906470908101,4.857731375747688,4.788761283306145,4.840954866775421,405692.0,10486399.0
2024-09-23,4.826042414355628,4.926701468189233,4.801809679173464,4.861459488852637,517727.0,13548474.0
2024-09-24,4.863323545405111,4.973302882001088,4.8297705274605764,4.949070146818923,1143832.0,30182616.0
2024-09-25,4.993807504078303,5.139203915171288,4.949070146818923,5.087010331702012,1893176.0,51490924.0
2024-09-26,5.085146275149538,5.120563349646546,5.0180402392604675,5.116835236541598,1498172.0,40845000.0
2024-09-27,5.1280195758564435,5.323745513866231,5.1280195758564435,5.316289287656335,1566496.0,44082852.0
2024-09-30,5.4244045676998365,5.8475454051114735,5.4244045676998365,5.845681348558999,5186544.0,158972080.0
2024-10-08,6.416082653616096,6.430995106035889,5.737566068515497,6.430995106035889,6493120.0,214133968.0
2024-10-09,6.319151712887438,6.3937139749864045,5.9090592713431205,6.005990212071778,4245356.0,140874640.0
2024-10-10,6.039543230016313,6.60621642196846,6.028358890701468,6.60621642196846,6328056.0,218424160.0
2024-10-11,6.906329526916801,7.195258292550299,6.142066340402392,6.19053181076672,8938671.0,320761248.0
2024-10-14,6.218492659053833,6.809398586188146,6.218492659053833,6.809398586188146,7338306.0,260584352.0
2024-10-15,6.8970092441544315,7.32574225122349,6.809398586188146,6.934290375203915,8898933.0,338408256.0
2024-10-16,6.747884719956498,7.18220989668298,6.660274061990211,6.99953235454051,5596878.0,209865840.0
2024-10-17,6.982755845568243,7.700417618270799,6.982755845568243,7.407760739532354,10263040.0,414658368.0
2024-10-18,7.39284828711256,7.829037520391517,7.290325176726482,7.644495921696573,8920392.0,363732448.0
2024-10-21,7.623991299619358,7.952065252854811,7.623991299619358,7.735834692767808,6961040.0,291531104.0
2024-10-22,7.706009787928222,8.350973355084284,7.642631865144099,8.145927134312126,6707352.0,289777376.0
2024-10-23,8.220489396411093,8.323012506797172,7.989346383904295,8.149655247417074,4896432.0,214027552.0
2024-10-24,8.131014681892331,8.1477911908646,7.681777052746058,7.922240348015225,3996564.0,168932512.0
2024-10-25,7.925968461120174,8.138470908102228,7.558749320282761,7.903599782490483,6336196.0,265515568.0
2024-10-28,7.83090157694399,7.892415443175639,7.596030451332245,7.681777052746058,4107208.0,169278048.0
2024-10-29,7.676184883088634,7.7414268624252305,7.482323001631321,7.586710168569875,3589832.0,146614000.0
2024-10-30,7.5848461120173996,7.715330070690593,7.32574225122349,7.443177814029363,3454616.0,138897456.0
2024-10-31,7.368615551930397,7.640767808591626,7.251179989124523,7.471138662316475,3739575.0,148973792.0
2024-11-01,7.471138662316475,7.735834692767808,7.290325176726482,7.374207721587819,4484535.0,180453552.0
2024-11-04,7.3350625339858615,7.569933659597607,7.327606307775965,7.4767308319738985,2632236.0,105462648.0
2024-11-05,7.4618183795541055,7.5382446982055455,7.32574225122349,7.4618183795541055,4785459.0,190601504.0
2024-11-06,7.555021207177814,7.942744970092441,7.50469168026101,7.627719412724306,5266400.0,218831504.0
2024-11-07,7.534516585100598,7.9613855356171825,7.4618183795541055,7.873774877650897,4547090.0,188581184.0
2024-11-08,7.875638934203371,8.660406742794997,7.875638934203371,8.660406742794997,5143817.0,235442944.0
2024-11-11,8.664134855899945,9.320282762370853,8.574660141381186,9.227079934747145,7753694.0,372416480.0
2024-11-12,9.040674279499727,9.55142577487765,8.705144100054378,8.761065796628602,5407611.0,262450672.0
2024-11-13,8.738697117998912,8.913918433931483,8.20184883088635,8.798346927678086,4162160.0,192516208.0
2024-11-14,8.86731702011963,8.893413811854268,8.350973355084284,8.377070146818923,2627700.0,120897208.0
2024-11-15,8.350973355084284,8.45163240891789,7.549429037520391,7.577389885807503,5225798.0,222224784.0
2024-11-18,7.614671016856987,7.881231103860793,7.376071778140293,7.549429037520391,3318447.0,135246704.0
2024-11-19,7.8830951604132675,8.30437194127243,7.834629690048939,8.276411092985317,6174476.0,270484576.0
2024-11-20,8.015443175638934,8.198120717781402,7.642631865144099,8.024763458401305,6697462.0,285847040.0
2024-11-21,7.8514061990212065,7.987482327351821,7.730242523110386,7.795484502446982,3126440.0,131762016.0
2024-11-22,7.735834692767808,7.791756389342033,7.346246873300705,7.346246873300705,3595020.0,146063168.0
2024-11-25,7.3350625339858615,7.512147906470907,7.087143012506798,7.471138662316475,3339744.0,130108680.0
2024-11-26,7.400304513322458,7.506555736813485,7.322014138118543,7.409624796084828,1482920.0,58978528.0
2024-11-27,7.418945078847199,7.640767808591626,7.197122349102773,7.5084197933659595,2451408.0,97119760.0
2024-11-28,7.56247743338771,7.564341489940184,7.363023382272974,7.3667514953779225,1979799.0,79112112.0
2024-11-29,7.363023382272974,7.487915171288743,7.23626753670473,7.43758564437194,2172663.0,85958152.0
2024-12-02,7.368615551930397,7.486051114736268,7.30710168569875,7.363023382272974,2341240.0,92506224.0
2024-12-03,7.374207721587819,7.374207721587819,7.167297444263187,7.230675367047308,2038428.0,79199920.0
2024-12-04,7.232539423599781,7.269820554649265,7.061046220772159,7.152384991843392,1612560.0,61825164.0
2024-12-05,7.029357259380098,7.23626753670473,7.029357259380098,7.223219140837411,1213436.0,46681456.0
2024-12-06,7.223219140837411,7.286597063621533,7.143064709081022,7.2716846112017395,1259735.0,48763836.0
2024-12-09,7.322014138118543,7.340654703643285,7.102055464926591,7.174753670473083,1125914.0,43545592.0
2024-12-10,7.376071778140293,7.452498096791733,7.213898858075041,7.230675367047308,1614240.0,63127160.0
2024-12-11,7.232539423599781,7.344382816748232,7.197122349102773,7.295917346383904,1309324.0,51175360.0
2024-12-12,7.336926590538336,7.418945078847199,7.210170744970092,7.3182860250135935,1121114.0,43879352.0
2024-12-13,7.2884611201740075,7.316421968461119,7.157977161500815,7.210170744970092,1288750.0,49997468.0
2024-12-16,7.206442631865143,7.206442631865143,6.964115280043502,7.042405655247417,1061200.0,40291112.0
2024-12-17,7.042405655247417,7.079686786296899,6.820582925502991,6.833631321370309,1135312.0,42189072.0
2024-12-18,6.833631321370309,6.924970092441543,6.729244154431756,6.84295160413268,1047676.0,38297720.0
2024-12-19,6.84295160413268,7.03494942903752,6.766525285481239,6.954794997281131,1301520.0,48496748.0
2024-12-20,6.954794997281131,7.11137574768896,6.8820967917346385,7.046133768352364,1141736.0,43125824.0
2024-12-23,7.027493202827624,7.075958673191952,6.805670473083197,6.839223491027732,1017216.0,37613776.0
2024-12-24,6.841087547580207,6.934290375203915,6.766525285481239,6.904465470364328,670868.0,24738568.0
2024-12-25,6.876504622077215,6.904465470364328,6.734836324089179,6.809398586188146,795524.0,29015188.0
2024-12-26,6.751612833061446,6.9436106579662855,6.751612833061446,6.870912452419793,952120.0,35092960.0
2024-12-27,6.874640565524742,7.025629146275149,6.833631321370309,6.891417074497008,909588.0,33847464.0
2024-12-30,6.878368678629689,6.8970092441544315,6.725516041326808,6.781437737901033,704376.0,25743212.0
2024-12-31,6.837359434475258,6.837359434475258,6.5838477433387705,6.637905383360521,1065380.0,38148344.0
2025-01-02,6.580119630233821,6.682642740619902,6.414218597063621,6.470140293637846,943380.0,33151048.0
2025-01-03,6.507421424687329,6.539110386079391,6.1607069059271335,6.244589450788472,1098820.0,37361624.0
2025-01-06,6.209172376291463,6.291190864600326,5.983621533442088,6.278142468733007,1075730.0,35462356.0
2025-01-07,6.2557737901033175,6.416082653616096,6.207308319738988,6.408626427406199,776236.0,26303724.0
2025-01-08,6.419810766721043,6.608080478520935,6.369481239804242,6.535382272974442,1540132.0,53894168.0
2025-01-09,6.580119630233821,6.820582925502991,6.5055573681348555,6.78889396411093,1833976.0,66033392.0
2025-01-10,6.820582925502991,6.831767264817835,6.637905383360521,6.796350190320826,1270556.0,45987504.0
2025-01-13,6.67332245785753,6.686370853724849,6.4906449157150625,6.65468189233279,1025332.0,36211540.0
2025-01-14,6.65468189233279,6.9436106579662855,6.574527460576401,6.9436106579662855,1427620.0,52206144.0
2025-01-15,6.941746601413811,6.9902120717781395,6.749748776508972,6.826175095160412,832180.0,30594824.0
2025-01-16,6.813126699293093,6.906329526916801,6.693827079934746,6.814990755845568,730520.0,26604496.0
2025-01-17,6.814990755845568,6.924970092441543,6.757205002718869,6.893281131049482,1033312.0,38062104.0
2025-01-20,6.895145187601957,7.079686786296899,6.852271886895051,7.077822729744426,1295360.0,48529876.0
2025-01-21,7.075958673191952,7.130016313213702,6.98089178901577,7.087143012506798,811100.0,30713412.0
2025-01-22,7.120696030451333,7.130016313213702,7.010716693855356,7.068502446982055,994860.0,37766608.0
2025-01-23,7.090871125611745,7.176617727025557,7.0051245241979325,7.062910277324632,735040.0,27947480.0
2025-01-24,6.96784339314845,7.232539423599781,6.96784339314845,7.217626971179988,1490628.0,57260028.0
2025-01-27,7.217626971179988,7.24931593257205,7.036813485589994,7.195258292550299,1082095.0,41448488.0
2025-02-05,7.176617727025557,7.232539423599781,6.98089178901577,7.008852637302882,844832.0,31965090.0
2025-02-06,7.006988580750408,7.418945078847199,6.995804241435563,7.400304513322458,2326112.0,90507232.0
2025-02-07,7.344382816748232,7.3816639477977155,7.213898858075041,7.3033735725938005,2593972.0,101282416.0
2025-02-10,7.2884611201740075,7.2884611201740075,7.102055464926591,7.277276780859162,1246944.0,48073284.0
2025-02-11,7.301509516041326,7.765659597607394,7.238131593257204,7.405896682979879,2540628.0,101341504.0
2025-02-12,7.247451876019576,7.75447525829255,7.213898858075041,7.732106579662859,4528656.0,183213168.0
2025-02-13,7.568069603045133,7.569933659597607,7.342518760195758,7.417081022294725,3117824.0,124673816.0
2025-02-14,7.396576400217509,7.396576400217509,7.247451876019576,7.3182860250135935,1305592.0,51165312.0
2025-02-17,7.204578575312669,7.32574225122349,7.185938009787927,7.24931593257205,880000.0,34257804.0
2025-02-18,7.223219140837411,7.50469168026101,7.223219140837411,7.2716846112017395,1760596.0,69396688.0
2025-02-19,7.2716846112017395,7.454362153344209,7.185938009787927,7.394712343665035,1980424.0,78068328.0
2025-02-20,7.342518760195758,7.433857531266993,7.2884611201740075,7.372343665035344,1635436.0,64439856.0
2025-02-21,7.363023382272974,7.445041870581837,7.2884611201740075,7.409624796084828,1684516.0,66891384.0
2025-02-24,7.404032626427406,7.404032626427406,7.148656878738445,7.247451876019576,1966212.0,76282904.0
2025-02-25,7.195258292550299,7.295917346383904,7.083414899401848,7.215762914627515,1184408.0,45829424.0
2025-02-26,7.215762914627515,7.279140837411636,7.165433387710712,7.253044045676997,927168.0,35963592.0
2025-02-27,7.269820554649265,7.299645459488851,7.102055464926591,7.251179989124523,919908.0,35616640.0
2025-02-28,7.221355084284937,7.221355084284937,6.94547471451876,6.992076128330614,1071740.0,40693108.0
2025-03-03,6.99953235454051,7.243723762914627,6.9436106579662855,7.03494942903752,1458260.0,55920160.0
2025-03-04,6.9902120717781395,7.25863621533442,6.8820967917346385,7.044269711799891,1707940.0,64213660.0
2025-03-05,6.9902120717781395,7.0852789559543226,6.96784339314845,7.064774333877106,813228.0,30654516.0
2025-03-06,7.083414899401848,7.232539423599781,7.072230560087003,7.176617727025557,1155372.0,44490544.0
2025-03-07,7.18220989668298,7.24931593257205,7.083414899401848,7.178481783578031,938656.0,36104384.0
2025-03-10,7.180345840130506,7.323878194671016,7.120696030451333,7.2269472539423605,1382320.0,53695384.0
2025-03-11,7.189666122892876,7.32574225122349,7.113239804241434,7.301509516041326,1458880.0,56638760.0
2025-03-12,7.299645459488851,7.374207721587819,7.154249048395867,7.2418597063621535,1219116.0,47334968.0
2025-03-13,7.210170744970092,7.230675367047308,7.062910277324632,7.109511691136487,934800.0,35750992.0
2025-03-14,7.139336595976073,7.208306688417618,7.06663839042958,7.120696030451333,946240.0,36169120.0
2025-03-17,7.139336595976073,7.213898858075041,7.068502446982055,7.122560087003806,948616.0,36332796.0
2025-03-18,7.12442414355628,7.176617727025557,7.068502446982055,7.115103860793909,811040.0,30915352.0
2025-03-19,7.11137574768896,7.139336595976073,7.033085372485045,7.059182164219684,1038800.0,39394388.0
2025-03-20,7.064774333877106,7.064774333877106,6.824311038607939,6.878368678629689,1630096.0,60519824.0
2025-03-21,6.878368678629689,6.8802327351821635,6.721787928221859,6.7385644371941265,1357280.0,49458852.0
2025-03-24,6.794486133768353,6.794486133768353,6.6621381185426864,6.777709624796084,1169976.0,42242140.0
2025-03-25,6.777709624796084,7.0051245241979325,6.546566612289287,6.917513866231647,2709280.0,99357456.0
2025-03-26,6.917513866231647,7.433857531266993,6.878368678629689,7.308965742251223,6370568.0,248611392.0
2025-03-27,7.212034801522566,7.374207721587819,7.200850462207722,7.290325176726482,3324456.0,130166872.0
2025-03-28,7.251179989124523,7.355567156063078,6.962251223491028,6.977163675910821,2312660.0,88378056.0
2025-03-31,6.952930940728656,6.952930940728656,6.611808591625883,6.729244154431756,2059384.0,74426880.0
2025-04-01,6.7385644371941265,7.029357259380098,6.7385644371941265,6.988348015225666,1828040.0,67762432.0
2025-04-02,7.036813485589994,7.064774333877106,6.833631321370309,6.861592169657422,976900.0,36339848.0
2025-04-03,6.9137857531266995,6.9137857531266995,6.645361609570418,6.718059815116911,960976.0,34648948.0
2025-04-07,6.3005111473626965,6.3005111473626965,6.046999456226209,6.046999456226209,776700.0,25458492.0
2025-04-08,5.724517672648179,5.9575247417074495,5.443045133224578,5.448637302882001,2496540.0,74804144.0
2025-04-09,5.3778031538879825,5.553024469820554,4.92110929853181,5.532519847743338,1604256.0,45644608.0
2025-04-10,5.6294507884719955,5.944476345840131,5.6294507884719955,5.931427949972811,1566100.0,49186536.0
2025-04-11,5.871778140293637,6.102921152800435,5.778575312669929,6.067504078303425,1290492.0,41600104.0
2025-04-14,6.207308319738988,6.3005111473626965,6.151386623164763,6.257637846655791,1020700.0,33976428.0
2025-04-15,6.283734638390429,6.352704730831973,6.173755301794452,6.194259923871669,865920.0,28938188.0
2025-04-16,6.194259923871669,6.194259923871669,5.942612289287656,5.992941816204458,825568.0,26854040.0
2025-04-17,5.964980967917346,6.177483414899402,5.964980967917346,6.086144643828167,641140.0,20983602.0
2025-04-18,6.086144643828167,6.143930396954866,5.9873496465470355,6.143930396954866,603260.0,19656840.0
2025-04-21,6.143930396954866,6.3471125611745505,6.060047852093528,6.33779227841218,933500.0,31344844.0
2025-04-22,6.306103317020119,6.3955780315388795,6.235269168026101,6.274414355628058,656740.0,22230684.0
2025-04-23,6.274414355628058,6.429131049483415,6.274414355628058,6.386257748776508,1265020.0,43150924.0
2025-04-24,6.403034257748776,6.412354540511147,6.304239260467645,6.388121805328983,568780.0,19374664.0
2025-04-25,6.388121805328983,6.477596519847743,6.33779227841218,6.421674823273518,602920.0,20742108.0
2025-04-28,6.477596519847743,6.477596519847743,6.263230016313214,6.263230016313214,663480.0,22573186.0
2025-04-29,6.307967373572594,6.365753126699293,6.211036432843937,6.276278412180533,852840.0,28821666.0
2025-04-30,6.244589450788472,6.514877650897227,6.197988036976617,6.492508972267536,1238860.0,42580168.0
2025-05-06,6.557750951604132,6.67332245785753,6.503693311582381,6.649089722675367,896600.0,31660344.0
2025-05-07,6.66400217509516,6.747884719956498,6.5987601957585635,6.675186514410005,849880.0,30439432.0
2025-05-08,6.675186514410005,6.964115280043502,6.608080478520935,6.908193583469277,1648076.0,60790056.0
2025-05-09,6.895145187601957,7.027493202827624,6.814990755845568,6.9268341489940175,1459036.0,54200908.0
2025-05-12,6.9902120717781395,7.171025557368134,6.964115280043502,7.167297444263187,1828356.0,69298608.0
2025-05-13,7.178481783578031,7.223219140837411,6.9902120717781395,7.0051245241979325,1233188.0,46910180.0
2025-05-14,6.96784339314845,7.139336595976073,6.921241979336596,7.0051245241979325,1172500.0,44097184.0
2025-05-15,6.919377922784121,7.068502446982055,6.820582925502991,6.857864056552474,899640.0,33206760.0
2025-05-16,6.803806416530723,6.9902120717781395,6.803806416530723,6.924970092441543,1152196.0,42823092.0
2025-05-19,6.9436106579662855,6.956659053833604,6.850407830342577,6.924970092441543,816700.0,30245772.0
2025-05-20,6.930562262098967,6.965979336595975,6.846679717237628,6.906329526916801,602080.0,22355716.0
2025-05-21,6.904465470364328,6.934290375203915,6.766525285481239,6.813126699293093,820200.0,29995074.0
2025-05-22,6.8970092441544315,6.8970092441544315,6.7087395323545405,6.775845568243611,711900.0,25877086.0
2025-05-23,6.764661228928765,6.874640565524742,6.660274061990211,6.7385644371941265,763200.0,27739176.0
2025-05-26,6.757205002718869,6.7702533985861875,6.66400217509516,6.751612833061446,662800.0,23902744.0
2025-05-27,6.759069059271343,6.934290375203915,6.701283306144644,6.73110821098423,972796.0,35379208.0
2025-05-28,6.7851658510059805,6.915649809679174,6.710603588907015,6.8820967917346385,1312540.0,48184248.0
2025-05-29,6.8820967917346385,6.930562262098967,6.831767264817835,6.8970092441544315,1005800.0,37126800.0
2025-05-30,6.8970092441544315,6.921241979336596,6.7534768896139195,6.803806416530723,1036500.0,37853360.0
2025-06-03,6.729244154431756,6.831767264817835,6.729244154431756,6.777709624796084,603610.0,21904688.0
2025-06-04,6.779573681348558,6.801942359978249,6.740428493746601,6.7534768896139195,401010.0,14564574.0
2025-06-05,6.744156606851549,6.8970092441544315,6.675186514410005,6.857864056552474,1119856.0,41024512.0
2025-06-06,6.859728113104947,6.883960848287112,6.814990755845568,6.856,478100.0,17562572.0
2025-06-09,6.874640565524742,7.152384991843392,6.803806416530723,6.8970092441544315,1712000.0,63657872.0
2025-06-10,6.874640565524742,6.936154431756389,6.5987601957585635,6.669594344752583,1510156.0,54453708.0
2025-06-11,6.67332245785753,6.790758020663404,6.645361609570418,6.775845568243611,821300.0,29724620.0
2025-06-12,6.714331702011963,6.9902120717781395,6.714331702011963,6.8671843393148455,1511928.0,55956176.0
2025-06-13,6.869048395867319,6.869048395867319,6.658410005437737,6.721787928221859,974336.0,35279780.0
2025-06-16,6.688234910277325,7.223219140837411,6.688234910277325,7.202714518760195,3726900.0,140596128.0
2025-06-17,7.32574225122349,7.3611593257205,6.954794997281131,6.98089178901577,3616360.0,137889936.0
2025-06-18,6.98089178901577,7.16916150081566,6.971571506253398,7.107647634584013,2210332.0,83853840.0
2025-06-19,7.010716693855356,7.213898858075041,6.820582925502991,6.857864056552474,1963048.0,73492024.0
2025-06-20,6.898873300706905,7.046133768352364,6.73110821098423,6.856,1857485.0,68297680.0
2025-06-23,25.94,26.71,25.81,26.6,2124467.0,55924716.0
2025-06-24,26.6,27.79,26.6,27.24,3390586.0,92239288.0
2025-06-25,27.21,27.93,27.0,27.25,2492577.0,67996984.0
2025-06-26,27.25,27.99,27.08,27.56,3421904.0,94100032.0
2025-06-27,27.8,28.2,27.19,27.99,5482475.0,152571232.0
2025-06-30,28.12,28.29,27.71,28.17,4307254.0,120700304.0
2025-07-01,28.16,28.4,27.78,28.1,3109560.0,87450136.0
2025-07-02,28.01,28.01,27.3,27.56,2175561.0,59895496.0
2025-07-03,27.5,28.0,27.42,27.87,1918020.0,53173480.0
2025-07-04,27.78,28.0,27.31,27.36,1928438.0,53170064.0
2025-07-07,27.36,28.13,27.28,27.38,1522568.0,42021352.0
2025-07-08,27.38,27.86,27.26,27.54,1529900.0,42205420.0
2025-07-09,27.68,27.8,27.2,27.6,2434305.0,66952920.0
2025-07-10,27.53,27.74,26.68,26.74,2649000.0,71403936.0
2025-07-11,26.75,27.09,26.4,26.76,1663576.0,44425080.0
2025-07-14,26.85,27.07,26.51,26.9,1379552.0,36918696.0
2025-07-15,26.88,27.5,26.87,26.94,2302060.0,62521348.0
2025-07-16,26.88,27.68,26.66,27.27,2322764.0,63441944.0
2025-07-17,27.2,28.4,26.95,27.91,3867201.0,107597208.0
2025-07-18,28.01,28.25,27.43,27.9,2249369.0,62416520.0
2025-07-21,27.7,27.8,27.21,27.62,2172704.0,59689700.0
2025-07-22,27.53,27.96,27.41,27.61,1826499.0,50461456.0
2025-07-23,27.6,27.6,27.08,27.31,1564612.0,42651384.0
2025-07-24,27.33,27.6,27.2,27.3,1584636.0,43414736.0
2025-07-25,27.3,27.8,27.2,27.7,2196604.0,60638280.0
2025-07-28,27.91,28.1,27.59,28.04,3044338.0,85044096.0
2025-07-29,28.1,28.14,27.62,27.93,1883411.0,52344288.0
2025-07-30,27.94,27.94,27.49,27.62,1676804.0,46363552.0
2025-07-31,27.61,28.01,27.3,27.54,2583400.0,71686424.0
2025-08-01,27.96,30.29,27.96,30.29,17152144.0,515491424.0
2025-08-04,29.48,30.13,28.91,30.0,17479908.0,516849184.0
2025-08-05,30.0,32.23,29.93,31.69,18671854.0,581894400.0
2025-08-06,31.23,32.32,30.68,31.9,12331055.0,385823328.0
2025-08-07,31.53,31.8,31.0,31.28,8404200.0,262630064.0
2025-08-08,31.03,32.93,30.4,32.72,12593095.0,404975328.0
2025-08-11,32.48,33.67,32.0,32.34,10682380.0,349212992.0
2025-08-12,32.15,32.32,31.01,31.63,8027408.0,253262864.0
2025-08-13,31.7,33.08,31.26,32.58,8673196.0,278668896.0
2025-08-14,32.4,33.0,30.85,30.86,7198727.0,227650416.0
2025-08-15,31.15,31.8,30.87,31.35,4399931.0,137771680.0
2025-08-18,31.36,32.38,31.25,31.8,6995485.0,222560480.0
2025-08-19,31.7,32.53,31.04,32.31,7010206.0,222496224.0
2025-08-20,32.44,32.62,31.8,32.29,5796414.0,186867696.0
2025-08-21,32.29,32.65,31.4,31.96,6786182.0,218000976.0
2025-08-22,31.96,32.56,31.77,31.94,5056639.0,162018528.0
2025-08-25,32.2,32.55,31.9,32.04,6217835.0,200472864.0
2025-08-26,32.15,34.13,31.79,33.5,12461918.0,415092544.0
2025-08-27,33.05,36.0,32.58,34.45,15392271.0,527359264.0
2025-08-28,34.0,35.5,33.48,35.45,11587739.0,401166848.0
2025-08-29,36.15,36.15,34.0,34.06,8225062.0,285407872.0
2025-09-01,34.0,36.7,33.13,35.11,9426349.0,325966976.0
2025-09-02,34.88,35.1,31.68,31.82,9221996.0,303519872.0
2025-09-03,31.83,32.15,30.25,30.76,6583919.0,205083296.0
2025-09-04,30.76,31.76,29.41,30.03,5096910.0,155686080.0
2025-09-05,30.1,33.03,30.01,33.03,5599251.0,180018880.0
2025-09-08,34.11,34.5,32.86,33.53,9971442.0,334861344.0
2025-09-09,33.98,34.12,32.88,33.02,6286569.0,210191632.0
2025-09-10,33.5,33.55,32.1,32.71,4962331.0,162867808.0
2025-09-11,32.55,34.77,32.4,34.06,8176815.0,276130208.0
2025-09-12,34.07,34.13,33.22,33.36,5186155.0,174061040.0
2025-09-15,33.32,33.88,32.88,32.92,3430790.0,113503472.0
2025-09-16,33.23,33.23,32.56,33.0,3049729.0,100200432.0
2025-09-17,32.97,33.76,32.8,32.81,3440840.0,114040760.0
2025-09-18,32.7,33.6,32.0,32.51,5594787.0,183806976.0
2025-09-19,32.29,32.75,31.89,32.2,3251646.0,104979560.0
2025-09-22,32.3,34.0,32.23,33.76,5987235.0,198872256.0
2025-09-23,33.83,34.09,31.86,33.02,5552328.0,181690544.0
2025-09-24,32.86,34.08,32.52,33.01,4280712.0,141953952.0
2025-09-25,32.89,33.11,32.0,32.24,3747152.0,121911760.0
2025-09-26,32.07,32.12,31.02,31.16,3737460.0,117757280.0
2025-09-29,31.3,34.2,31.22,32.25,7290069.0,238298752.0
2025-09-30,32.14,32.76,31.57,31.61,4436336.0,141661792.0
2025-10-09,31.69,32.45,31.28,31.38,4075147.0,129995688.0
2025-10-10,31.33,31.33,29.84,30.03,4486480.0,135620096.0
2025-10-13,29.14,29.63,28.22,29.5,2866260.0,83605040.0
2025-10-14,29.84,30.1,28.88,29.03,2857900.0,84069696.0
2025-10-15,29.41,30.18,29.22,29.91,3934320.0,117114472.0
2025-10-16,29.67,29.85,28.8,28.95,3085955.0,89982696.0
2025-10-17,28.5,29.2,27.75,27.81,3314224.0,93439848.0
2025-10-20,28.15,28.58,28.0,28.21,1839483.0,51959652.0
2025-10-21,28.5,28.64,28.18,28.56,2247064.0,63918668.0
2025-10-22,28.51,29.07,28.1,28.77,2515430.0,72408096.0
2025-10-23,28.74,28.74,28.01,28.55,1783880.0,50497916.0
2025-10-24,28.75,29.0,28.5,28.94,2484476.0,71592872.0
2025-10-27,29.0,29.8,28.82,29.26,2859540.0,83753624.0
2025-10-28,29.1,29.39,28.95,29.2,2051863.0,59915472.0
2025-10-29,29.09,29.5,28.74,29.06,1838949.0,53291220.0
2025-10-30,29.0,29.04,28.28,28.33,2839295.0,81288352.0
2025-10-31,28.05,28.3,27.63,28.06,3079318.0,85916592.0
2025-11-03,28.0,29.49,27.32,29.16,5964750.0,169868752.0
2025-11-04,29.0,32.08,28.88,32.08,14812092.0,462725024.0
2025-11-05,31.36,33.84,31.3,33.3,20247860.0,671627968.0
2025-11-06,32.24,36.63,32.12,36.63,20742740.0,719633088.0
2025-11-07,35.0,38.89,35.0,37.81,18058068.0,682037632.0
2025-11-10,37.9,38.85,34.2,35.18,17866388.0,640693504.0
2025-11-11,35.96,38.7,35.45,35.62,19772756.0,732040384.0
2025-11-12,35.22,37.1,34.4,35.95,15682722.0,558615424.0
2025-11-13,35.5,37.07,34.28,35.09,10989340.0,385852416.0
2025-11-14,34.8,34.94,32.7,33.46,11148221.0,374984384.0
2025-11-17,33.5,34.18,32.27,32.87,6357440.0,209988400.0
2025-11-18,32.63,35.38,32.34,33.25,11517052.0,392204864.0
2025-11-19,33.42,33.93,32.05,32.15,6438897.0,211761488.0
2025-11-20,32.95,33.8,31.39,31.66,5221100.0,168274192.0
2025-11-21,31.27,31.59,28.73,28.92,9376576.0,278682144.0
2025-11-24,29.37,29.65,28.27,28.91,6140564.0,176873552.0
2025-11-25,29.17,31.8,29.1,31.8,4044116.0,124308496.0
2025-11-26,32.37,32.8,30.8,31.28,11515576.0,360897408.0
2025-11-27,31.42,32.85,31.05,31.57,8717422.0,279276160.0
2025-11-28,31.8,32.5,30.91,31.05,6176960.0,193107392.0
2025-12-01,31.0,31.06,30.22,30.65,4674872.0,143089520.0
2025-12-02,30.45,30.65,29.99,30.11,3522283.0,106360784.0
2025-12-03,30.21,31.38,29.65,30.55,9460597.0,288595232.0
2025-12-04,30.37,30.6,29.5,29.62,5044900.0,150708368.0
2025-12-05,29.65,32.58,29.55,32.58,7903972.0,247841440.0
2025-12-08,32.7,34.07,31.85,33.4,15981220.0,530457280.0
2025-12-09,33.2,34.1,32.96,33.08,9542300.0,318752736.0
2025-12-10,32.72,33.23,32.57,32.95,5179444.0,169795824.0
2025-12-11,33.17,33.48,32.1,32.44,7812256.0,256740496.0
2025-12-12,32.42,32.99,31.4,32.12,6925800.0,222911136.0
2025-12-15,31.64,32.1,31.03,31.67,4445100.0,140333792.0
2025-12-16,31.67,31.68,29.93,30.22,5488760.0,166525872.0
2025-12-17,30.36,31.86,30.13,31.68,5930000.0,183854608.0
2025-12-18,31.18,31.4,30.3,30.71,5112440.0,157080096.0
2025-12-19,31.08,31.92,29.78,30.06,6349744.0,192138176.0
2025-12-22,30.22,30.85,29.9,30.5,5025755.0,153301456.0
2025-12-23,30.39,33.55,30.23,32.74,17374304.0,566590400.0
2025-12-24,32.49,35.3,32.26,33.97,17133092.0,571676352.0
2025-12-25,33.97,33.97,32.43,33.04,8445564.0,278529344.0
2025-12-26,32.84,32.97,32.0,32.33,6980644.0,225743264.0
2025-12-29,32.32,32.8,31.83,32.38,5639220.0,181924336.0
2025-12-30,32.2,32.8,31.78,31.88,6629836.0,213440048.0
2025-12-31,31.69,32.47,31.18,31.55,6296288.0,199408448.0
2026-01-05,31.96,34.71,31.96,34.71,6124340.0,210018336.0
2026-01-06,37.42,38.18,36.45,36.74,29999028.0,1127574528.0
2026-01-07,36.37,40.41,36.37,40.41,19512502.0,751488384.0
2026-01-08,42.0,43.43,40.49,42.0,21715988.0,908966080.0
2026-01-09,42.0,46.2,41.21,44.53,19002382.0,824338816.0
2026-01-12,44.55,46.8,42.5,44.71,16528833.0,735953920.0
2026-01-13,43.93,45.88,42.56,44.84,12050782.0,535261216.0
2026-01-14,44.0,46.19,43.08,44.75,12318369.0,550105664.0
2026-01-15,43.96,47.45,43.52,46.06,13274688.0,607556864.0
2026-01-16,47.32,50.67,46.5,50.67,13823689.0,676468416.0
2026-01-19,48.31,52.18,48.19,49.78,13491723.0,667946944.0
2026-01-20,48.95,49.6,45.36,46.23,13295512.0,624729088.0
2026-01-21,45.42,50.85,45.03,50.85,9246033.0,446812608.0
2026-01-22,52.0,55.25,50.0,54.1,13994734.0,734582848.0
2026-01-23,52.7,54.1,51.47,51.97,10593736.0,554002112.0
2026-01-26,51.0,53.64,50.87,51.3,8458388.0,440341824.0
2026-01-27,51.4,56.43,50.05,56.43,8254316.0,444440992.0
2026-01-28,57.55,62.07,57.55,62.07,14745052.0,905846656.0
2026-01-29,63.55,68.28,63.55,66.59,16378471.0,1102062976.0
2026-01-30,67.92,71.63,64.5,69.07,18969832.0,1285775488.0
2026-02-02,66.3,73.1,66.3,69.27,14198069.0,1002691136.0
2026-02-03,72.0,74.79,67.6,70.16,13344587.0,942641472.0
2026-02-04,71.12,71.58,64.66,68.66,13677255.0,916453120.0
2026-02-05,67.3,73.3,67.3,69.2,10775777.0,758718784.0
2026-02-06,69.67,73.06,67.8,71.02,10580889.0,748739456.0
2026-02-09,72.48,72.48,63.92,67.74,18949460.0,1252375424.0
2026-02-10,66.0,67.6,61.0,62.64,16690966.0,1061746240.0
2026-02-11,63.86,63.88,61.2,61.55,7392228.0,459821440.0
2026-02-12,61.5,63.31,60.25,61.95,9477838.0,587392128.0
2026-02-13,60.72,63.05,59.6,59.71,6917310.0,418997888.0
2026-02-24,60.98,61.31,59.1,59.13,6001746.0,360298912.0
2026-02-25,59.4,59.96,57.18,58.13,5292235.0,306662944.0
2026-02-26,58.42,60.47,57.7,59.21,6944730.0,411725280.0
2026-02-27,57.69,58.7,56.9,57.57,4784863.0,276516448.0
2026-03-02,56.11,61.41,56.0,59.33,8865766.0,524554080.0
2026-03-03,60.33,61.2,57.12,57.22,7401314.0,436492832.0
2026-03-04,56.0,58.62,56.0,57.69,5431671.0,311915008.0
2026-03-05,58.78,60.87,56.6,59.15,8858803.0,522691360.0
2026-03-06,58.34,59.89,55.8,58.7,7111131.0,412128544.0
2026-03-09,56.6,58.23,54.5,58.0,7083532.0,396771424.0
2026-03-10,59.16,62.0,58.93,60.99,9786921.0,592918272.0
2026-03-11,61.2,63.38,59.4,60.78,9131040.0,561338624.0
2026-03-12,59.94,63.78,58.18,59.51,8597155.0,522819424.0
2026-03-13,58.7,63.68,58.0,58.3,12399101.0,753091200.0
2026-03-16,58.99,64.13,57.3,64.13,9912347.0,602739200.0
2026-03-17,66.0,66.0,57.72,57.72,11166124.0,663790208.0
2026-03-18,55.5,63.49,54.04,63.49,17495124.0,1056625024.0
2026-03-19,64.19,68.84,61.59,66.2,16717743.0,1083017344.0
2026-03-20,67.19,68.0,61.21,61.21,13438710.0,869053888.0
2026-03-23,58.56,60.6,56.05,56.99,8656379.0,505978528.0
2026-03-24,58.25,61.21,55.77,59.68,9741049.0,570131776.0
2026-03-25,60.6,65.65,59.85,65.65,7348892.0,471407616.0
2026-03-26,66.0,68.0,64.0,64.31,11000119.0,726070336.0
2026-03-27,63.36,65.55,60.6,64.19,8182125.0,517614560.0
2026-03-30,63.66,65.4,62.31,63.66,5903365.0,377609824.0
2026-03-31,62.38,66.66,60.07,65.62,12122513.0,775687232.0
2026-04-01,68.0,68.15,63.01,64.25,10295816.0,671952512.0
2026-04-02,63.54,65.45,61.5,62.09,6914455.0,436559456.0
2026-04-03,63.33,64.98,61.36,61.46,7353100.0,465564608.0
2026-04-07,60.83,64.15,59.5,61.88,8077844.0,501046208.0
2026-04-08,63.18,64.45,62.19,64.37,9504883.0,605440000.0
2026-04-09,63.06,67.3,63.06,66.26,9488821.0,621911424.0
2026-04-10,67.03,71.0,64.67,69.98,14192604.0,960123840.0
2026-04-13,68.85,72.0,68.01,70.14,11546095.0,811860672.0
2026-04-14,70.03,71.5,68.18,70.04,9878077.0,692775296.0
2026-04-15,70.0,71.32,68.5,68.88,7806090.0,545020928.0
2026-04-16,68.8,75.77,68.2,75.77,6446815.0,474960224.0
2026-04-17,79.0,83.35,78.08,83.35,11251839.0,911644800.0
2026-04-20,87.35,91.69,83.33,91.69,19384432.0,1726232192.0
2026-04-21,92.02,94.0,89.06,90.3,13317156.0,1204561024.0
2026-04-22,90.4,92.95,89.0,91.36,9916735.0,902423616.0
2026-04-23,91.92,98.0,91.9,94.66,11273528.0,1069347072.0
2026-04-24,94.0,96.41,87.52,91.07,12006717.0,1099551872.0
2026-04-27,91.96,92.49,87.6,88.92,7605671.0,677848704.0
2026-04-28,88.89,89.99,84.13,84.94,6351827.0,546296192.0
2026-04-29,84.65,87.24,83.5,86.21,4858507.0,415517408.0
2026-04-30,86.0,87.44,81.37,81.44,5983675.0,497638368.0
2026-05-06,83.48,87.46,83.48,84.86,6519793.0,553812608.0
2026-05-07,85.35,88.99,84.09,85.69,9667700.0,836296576.0
2026-05-08,83.44,89.49,82.3,89.26,9545291.0,833939648.0
2026-05-11,91.16,93.49,85.06,86.68,13938253.0,1235268352.0
2026-05-12,95.35,95.35,95.35,95.35,1747610.0,166634608.0
2026-05-13,104.89,104.89,104.89,104.89,3429734.0,359744800.0
2026-05-14,115.38,115.38,111.5,115.38,7491382.0,858560320.0
2026-05-15,114.89,120.47,109.08,113.47,18382732.0,2116805632.0
2026-05-18,110.0,115.97,102.25,103.44,14763921.0,1605497472.0
2026-05-19,103.0,106.53,99.66,104.5,9438264.0,969095040.0
2026-05-20,102.16,103.44,100.0,102.39,8355696.0,850882560.0
2026-05-21,104.52,104.9,94.18,94.18,10128518.0,1013195072.0
2026-05-22,96.53,98.39,95.26,97.59,6365670.0,618614976.0
2026-05-25,99.68,101.99,96.88,101.0,9210900.0,919222080.0
2026-05-26,97.01,99.9,95.14,97.75,6345908.0,616734016.0
2026-05-27,94.2,95.3,90.2,91.88,7262291.0,674088448.0
2026-05-28,91.0,93.36,89.1,92.85,5859884.0,535439072.0
2026-05-29,94.85,101.11,90.8,95.14,8860955.0,847098432.0
2026-06-01,94.0,97.56,87.59,88.01,7691769.0,708786432.0
2026-06-02,90.05,94.8,89.77,92.18,6436500.0,592450944.0
2026-06-03,95.91,98.0,90.91,94.96,10962181.0,1035656384.0
2026-06-04,91.33,97.43,91.0,94.02,6603264.0,622763456.0
2026-06-05,92.6,94.57,88.46,88.7,6812793.0,623861824.0
2026-06-08,85.0,91.28,83.88,87.56,5468351.0,481813056.0
2026-06-09,89.99,90.54,86.71,89.63,4929480.0,437978688.0
2026-06-10,87.85,88.0,83.59,85.39,4819944.0,410970784.0
2026-06-11,85.18,87.2,84.39,85.8,3601030.0,308803648.0
2026-06-12,87.8,88.0,82.33,82.53,4437200.0,376830016.0
2026-06-15,82.29,90.78,82.29,90.78,5372600.0,467520000.0
2026-06-16,92.4,92.8,89.65,91.53,6876513.0,626781696.0
2026-06-17,90.87,92.55,90.0,91.84,5734975.0,524949792.0
2026-06-18,91.0,98.4,90.1,95.68,9230832.0,865980288.0
2026-06-22,95.0,95.63,88.61,91.1,8477702.0,779056896.0
2026-06-23,89.79,92.07,86.9,90.12,5062878.0,455307776.0
2026-06-24,88.8,89.88,86.54,89.25,4554038.0,401670464.0
2026-06-25,90.0,90.85,86.88,90.0,5570855.0,495457440.0
2026-06-26,88.36,89.0,82.82,82.89,5618001.0,480960960.0
2026-06-29,81.02,83.0,74.6,77.24,7650982.0,596955264.0
2026-06-30,78.0,81.86,75.5,80.99,4686578.0,371097024.0
2026-07-01,80.59,80.8,76.0,76.88,4728725.0,368629440.0
2026-07-02,74.03,76.28,72.86,73.33,3844429.0,285830176.0
2026-07-03,72.48,78.8,72.48,75.29,4665199.0,354898912.0
2026-07-06,74.72,75.48,70.61,72.1,3929800.0,287059456.0
2026-07-07,71.45,71.78,67.5,68.9,3484052.0,241753648.0
2026-07-08,69.5,75.13,69.5,70.63,5452300.0,394395104.0
2026-07-09,71.9,72.39,66.49,71.8,5272492.0,367029536.0
2026-07-10,71.13,73.89,69.24,69.48,3766075.0,271341408.0
2026-07-13,68.7,69.4,63.5,63.98,3439390.0,226998880.0
2026-07-14,64.02,66.67,62.08,66.19,3360422.0,217215536.0
2026-07-15,66.0,67.39,63.53,63.66,3169334.0,207310144.0
2026-07-16,63.0,64.8,60.3,60.88,3682495.0,229943504.0
2026-07-17,60.78,61.0,54.79,54.79,3881529.0,220816288.0
2026-07-20,55.5,56.49,49.31,49.31,5781481.0,303173376.0
2026-07-21,50.11,53.0,44.38,52.6,7355035.0,357185344.0
2026-07-22,51.4,54.85,50.6,52.05,5315432.0,283301856.0
2026-07-23,52.21,54.46,51.52,52.3,3519792.0,185617696.0
2026-07-24,51.99,52.84,50.55,50.99,2976300.0,153524448.0
2026-07-27,51.35,53.2,50.93,53.12,3272972.0,171252448.0
2026-07-28,52.37,53.44,49.5,50.0,2783988.0,142365136.0
2026-07-29,49.98,50.16,45.5,47.92,4196409.0,198966592.0
2026-07-30,47.92,48.1,43.9,44.3,3971108.0,180335760.0
2026-07-31,47.37,48.73,46.49,46.49,5336760.0,255397472.0
2026-08-03,45.92,47.77,45.67,46.98,4509840.0,210232016.0
2026-08-04,48.0,50.41,47.45,50.08,4159720.0,205105392.0
2026-08-05,47.13,52.4,47.13,51.78,4522999.0,229340112.0
2026-08-06,51.19,53.43,50.5,53.09,3673950.0,192129456.0
2026-08-07,53.71,54.86,52.51,54.6,3715340.0,200598272.0
2026-08-10,54.88,55.82,52.38,53.68,3736599.0,200420432.0
2026-08-11,53.44,54.22,52.0,53.15,2894431.0,154348880.0
2026-08-12,53.61,58.47,53.3,58.47,3882494.0,218412160.0
2026-08-13,60.7,61.59,56.37,56.37,11769435.0,685544128.0
2026-08-14,57.33,59.98,55.32,57.73,8571101.0,491249888.0
2026-08-17,57.8,59.8,57.5,59.47,8459878.0,496951104.0
2026-08-18,59.0,60.35,58.08,60.3,6571340.0,390765536.0
2026-08-19,57.0,58.4,54.27,54.27,6008000.0,338540096.0
2026-08-20,54.27,57.28,53.0,55.87,4711872.0,262342464.0
2026-08-21,55.01,61.46,55.0,61.46,4525880.0,271758784.0
2026-08-24,61.46,61.5,55.31,56.82,10559960.0,602241792.0
2026-08-25,54.0,57.78,53.72,56.86,6508549.0,363405280.0
2026-08-26,57.25,58.99,55.28,57.23,5258639.0,301278944.0
2026-08-27,57.44,59.31,56.5,58.79,6896088.0,402040128.0
2026-08-28,58.88,61.39,58.2,58.23,5439913.0,324126656.0
2026-08-31,57.1,60.42,56.66,60.11,4828700.0,286615232.0
2026-09-01,60.41,60.55,57.79,58.35,4629973.0,271699360.0
2026-09-02,56.93,59.0,56.93,57.51,3348117.0,194201216.0
2026-09-03,58.66,59.39,56.59,57.46,3318000.0,191299888.0
2026-09-04,57.47,58.86,54.55,55.08,3994658.0,224963856.0
